id,nama_gambar,aktivitas,warna_dominan,hijab,undertone
0001,img0001.jpg,coffee_shop_hopping,beige,ya,neutral
0002,img0002.jpg,coffee_shop_hopping,beige,ya,neutral
0003,img0003.jpg,coffee_shop_hopping,beige,ya,neutral
0004,img0004.jpg,coffee_shop_hopping,beige,ya,neutral
0005,img0005.jpg,coffee_shop_hopping,beige,ya,neutral
0006,img0006.jpg,coffee_shop_hopping,beige,ya,neutral
0007,img0007.jpg,coffee_shop_hopping,beige,tidak,neutral
0008,img0008.jpg,coffee_shop_hopping,beige,ya,neutral
0009,img0009.jpg,coffee_shop_hopping,beige,ya,neutral
0010,img0010.jpg,coffee_shop_hopping,beige,tidak,neutral
0011,img0011.jpg,coffee_shop_hopping,beige,tidak,neutral
0012,img0012.jpg,coffee_shop_hopping,beige,tidak,neutral
0013,img0013.jpg,coffee_shop_hopping,beige,tidak,neutral
0014,img0014.jpg,coffee_shop_hopping,beige,tidak,neutral
0015,img0015.jpg,coffee_shop_hopping,beige,tidak,neutral
0016,img0016.jpg,coffee_shop_hopping,beige,tidak,neutral
0017,img0017.jpg,coffee_shop_hopping,beige,tidak,neutral
0018,img0018.jpg,coffee_shop_hopping,beige,tidak,neutral
0019,img0019.jpg,coffee_shop_hopping,beige,ya,neutral
0020,img0020.jpg,coffee_shop_hopping,beige,ya,neutral
0021,img0021.jpg,coffee_shop_hopping,beige,ya,neutral
0022,img0022.jpg,coffee_shop_hopping,beige,ya,neutral
0023,img0023.jpg,coffee_shop_hopping,beige,ya,neutral
0024,img0024.jpg,coffee_shop_hopping,beige,ya,neutral
0025,img0025.jpg,coffee_shop_hopping,beige,ya,neutral
0026,img0026.jpg,coffee_shop_hopping,beige,ya,neutral
0027,img0027.jpg,coffee_shop_hopping,beige,ya,neutral
0028,img0028.jpg,coffee_shop_hopping,beige,tidak,neutral
0029,img0029.jpg,coffee_shop_hopping,beige,ya,neutral
0030,img0030.jpg,coffee_shop_hopping,beige,tidak,neutral
0031,img0031.jpg,coffee_shop_hopping,beige,ya,neutral
0032,img0032.jpg,coffee_shop_hopping,beige,tidak,neutral
0033,img0033.jpg,coffee_shop_hopping,beige,ya,neutral
0034,img0034.jpg,coffee_shop_hopping,beige,ya,neutral
0035,img0035.jpg,coffee_shop_hopping,beige,tidak,neutral
0036,img0036.jpg,coffee_shop_hopping,beige,ya,neutral
0037,img0037.jpg,coffee_shop_hopping,beige,tidak,neutral
0038,img0038.jpg,coffee_shop_hopping,beige,ya,neutral
0039,img0039.jpg,coffee_shop_hopping,beige,tidak,neutral
0040,img0040.jpg,coffee_shop_hopping,beige,ya,neutral
0041,img0041.jpg,coffee_shop_hopping,beige,ya,neutral
0042,img0042.jpg,coffee_shop_hopping,beige,tidak,neutral
0043,img0043.jpg,coffee_shop_hopping,beige,tidak,neutral
0044,img0044.jpg,coffee_shop_hopping,beige,ya,neutral
0045,img0045.jpg,coffee_shop_hopping,beige,ya,neutral
0046,img0046.jpg,coffee_shop_hopping,beige,ya,neutral
0047,img0047.jpg,coffee_shop_hopping,beige,ya,neutral
0048,img0048.jpg,coffee_shop_hopping,beige,tidak,neutral
0049,img0049.jpg,coffee_shop_hopping,beige,ya,neutral
0050,img0050.jpg,coffee_shop_hopping,beige,ya,neutral
0051,img0051.jpg,coffee_shop_hopping,beige,tidak,neutral
0052,img0052.jpg,coffee_shop_hopping,beige,tidak,neutral
0053,img0053.jpg,coffee_shop_hopping,beige,ya,neutral
0054,img0054.jpg,coffee_shop_hopping,beige,ya,neutral
0055,img0055.jpg,coffee_shop_hopping,beige,ya,neutral
0056,img0056.jpg,coffee_shop_hopping,beige,ya,neutral
0057,img0057.jpg,coffee_shop_hopping,beige,ya,neutral
0058,img0058.jpg,coffee_shop_hopping,beige,tidak,neutral
0059,img0059.jpg,coffee_shop_hopping,beige,ya,neutral
0060,img0060.jpg,coffee_shop_hopping,beige,ya,neutral
0061,img0061.jpg,coffee_shop_hopping,beige,ya,neutral
0062,img0062.jpg,coffee_shop_hopping,beige,ya,neutral
0063,img0063.jpg,coffee_shop_hopping,beige,ya,neutral
0064,img0064.jpg,coffee_shop_hopping,beige,ya,neutral
0065,img0065.jpg,coffee_shop_hopping,beige,tidak,neutral
0066,img0066.jpg,coffee_shop_hopping,beige,tidak,neutral
0067,img0067.jpg,coffee_shop_hopping,beige,tidak,neutral
0068,img0068.jpg,coffee_shop_hopping,beige,ya,neutral
0069,img0069.jpg,coffee_shop_hopping,beige,ya,neutral
0070,img0070.jpg,coffee_shop_hopping,beige,ya,neutral
0071,img0071.jpg,coffee_shop_hopping,beige,tidak,neutral
0072,img0072.jpg,coffee_shop_hopping,beige,ya,neutral
0073,img0073.jpg,dinner,beige,ya,neutral
0074,img0074.jpg,dinner,beige,tidak,neutral
0075,img0075.jpg,dinner,beige,ya,neutral
0076,img0076.jpg,dinner,beige,ya,neutral
0077,img0077.jpg,dinner,beige,ya,neutral
0078,img0078.jpg,dinner,beige,ya,neutral
0079,img0079.jpg,dinner,beige,ya,neutral
0080,img0080.jpg,dinner,beige,ya,neutral
0081,img0081.jpg,dinner,beige,ya,neutral
0082,img0082.jpg,dinner,beige,tidak,neutral
0083,img0083.jpg,dinner,beige,tidak,neutral
0084,img0084.jpg,dinner,beige,tidak,neutral
0085,img0085.jpg,dinner,beige,tidak,neutral
0086,img0086.jpg,dinner,beige,tidak,neutral
0087,img0087.jpg,dinner,beige,tidak,neutral
0088,img0088.jpg,dinner,beige,tidak,neutral
0089,img0089.jpg,dinner,beige,ya,neutral
0090,img0090.jpg,dinner,beige,tidak,neutral
0091,img0091.jpg,dinner,beige,tidak,neutral
0092,img0092.jpg,dinner,beige,ya,neutral
0093,img0093.jpg,dinner,beige,tidak,neutral
0094,img0094.jpg,dinner,beige,tidak,neutral
0095,img0095.jpg,dinner,beige,ya,neutral
0096,img0096.jpg,dinner,beige,tidak,neutral
0097,img0097.jpg,dinner,beige,ya,neutral
0098,img0098.jpg,dinner,beige,tidak,neutral
0099,img0099.jpg,dinner,beige,ya,neutral
0100,img0100.jpg,dinner,beige,ya,neutral
0101,img0101.jpg,dinner,beige,ya,neutral
0102,img0102.jpg,dinner,beige,tidak,neutral
0103,img0103.jpg,dinner,beige,tidak,neutral
0104,img0104.jpg,dinner,beige,ya,neutral
0105,img0105.jpg,dinner,beige,ya,neutral
0106,img0106.jpg,dinner,beige,ya,neutral
0107,img0107.jpg,dinner,beige,tidak,neutral
0108,img0108.jpg,dinner,beige,ya,neutral
0109,img0109.jpg,dinner,beige,ya,neutral
0110,img0110.jpg,dinner,beige,ya,neutral
0111,img0111.jpg,dinner,beige,ya,neutral
0112,img0112.jpg,dinner,beige,tidak,neutral
0113,img0113.jpg,dinner,beige,ya,neutral
0114,img0114.jpg,dinner,beige,ya,neutral
0115,img0115.jpg,dinner,beige,ya,neutral
0116,img0116.jpg,dinner,beige,tidak,neutral
0117,img0117.jpg,dinner,beige,ya,neutral
0118,img0118.jpg,dinner,beige,tidak,neutral
0119,img0119.jpg,dinner,beige,ya,neutral
0120,img0120.jpg,dinner,beige,ya,neutral
0121,img0121.jpg,dinner,beige,ya,neutral
0122,img0122.jpg,dinner,beige,ya,neutral
0123,img0123.jpg,dinner,beige,ya,neutral
0124,img0124.jpg,dinner,beige,ya,neutral
0125,img0125.jpg,dinner,beige,tidak,neutral
0126,img0126.jpg,dinner,beige,ya,neutral
0127,img0127.jpg,dinner,beige,ya,neutral
0128,img0128.jpg,dinner,beige,ya,neutral
0129,img0129.jpg,dinner,beige,ya,neutral
0130,img0130.jpg,dinner,beige,ya,neutral
0131,img0131.jpg,dinner,beige,ya,neutral
0132,img0132.jpg,dinner,beige,ya,neutral
0135,img0135.jpg,dinner,beige,tidak,neutral
0137,img0137.jpg,dinner,beige,tidak,neutral
0138,img0138.jpg,dinner,beige,tidak,neutral
0139,img0139.jpg,dinner,beige,tidak,neutral
0140,img0140.jpg,dinner,beige,ya,neutral
0141,img0141.jpg,dinner,beige,tidak,neutral
0143,img0143.jpg,dinner,beige,ya,neutral
0145,img0145.jpg,dinner,beige,ya,neutral
0146,img0146.jpg,dinner,beige,ya,neutral
0148,img0148.jpg,gym_to_caffe,beige,tidak,neutral
0149,img0149.jpg,gym_to_caffe,beige,tidak,neutral
0150,img0150.jpg,gym_to_caffe,beige,tidak,neutral
0151,img0151.jpg,gym_to_caffe,beige,tidak,neutral
0152,img0152.jpg,gym_to_caffe,beige,tidak,neutral
0153,img0153.jpg,gym_to_caffe,beige,tidak,neutral
0154,img0154.jpg,gym_to_caffe,beige,tidak,neutral
0155,img0155.jpg,gym_to_caffe,beige,tidak,neutral
0156,img0156.jpg,gym_to_caffe,beige,tidak,neutral
0157,img0157.jpg,gym_to_caffe,beige,tidak,neutral
0158,img0158.jpg,gym_to_caffe,beige,tidak,neutral
0159,img0159.jpg,gym_to_caffe,beige,tidak,neutral
0160,img0160.jpg,gym_to_caffe,beige,tidak,neutral
0161,img0161.jpg,gym_to_caffe,beige,tidak,neutral
0162,img0162.jpg,gym_to_caffe,beige,tidak,neutral
0163,img0163.jpg,gym_to_caffe,beige,tidak,neutral
0164,img0164.jpg,gym_to_caffe,beige,tidak,neutral
0165,img0165.jpg,gym_to_caffe,beige,tidak,neutral
0166,img0166.jpg,gym_to_caffe,beige,tidak,neutral
0167,img0167.jpg,gym_to_caffe,beige,tidak,neutral
0168,img0168.jpg,gym_to_caffe,beige,tidak,neutral
0169,img0169.jpg,gym_to_caffe,beige,tidak,neutral
0170,img0170.jpg,gym_to_caffe,beige,tidak,neutral
0171,img0171.jpg,gym_to_caffe,beige,tidak,neutral
0172,img0172.jpg,gym_to_caffe,beige,tidak,neutral
0173,img0173.jpg,gym_to_caffe,beige,tidak,neutral
0174,img0174.jpg,gym_to_caffe,beige,tidak,neutral
0175,img0175.jpg,gym_to_caffe,beige,ya,neutral
0176,img0176.jpg,gym_to_caffe,beige,tidak,neutral
0177,img0177.jpg,gym_to_caffe,beige,tidak,neutral
0178,img0178.jpg,gym_to_caffe,beige,tidak,neutral
0179,img0179.jpg,gym_to_caffe,beige,tidak,neutral
0180,img0180.jpg,gym_to_caffe,beige,tidak,neutral
0181,img0181.jpg,gym_to_caffe,beige,tidak,neutral
0182,img0182.jpg,gym_to_caffe,beige,tidak,neutral
0183,img0183.jpg,gym_to_caffe,beige,tidak,neutral
0184,img0184.jpg,gym_to_caffe,beige,tidak,neutral
0185,img0185.jpg,gym_to_caffe,beige,tidak,neutral
0186,img0186.jpg,gym_to_caffe,beige,ya,neutral
0187,img0187.jpg,gym_to_caffe,beige,tidak,neutral
0188,img0188.jpg,gym_to_caffe,beige,ya,neutral
0189,img0189.jpg,gym_to_caffe,beige,tidak,neutral
0190,img0190.jpg,gym_to_caffe,beige,tidak,neutral
0191,img0191.jpg,gym_to_caffe,beige,tidak,neutral
0192,img0192.jpg,gym_to_caffe,beige,tidak,neutral
0193,img0193.jpg,gym_to_caffe,beige,tidak,neutral
0194,img0194.jpg,gym_to_caffe,beige,ya,neutral
0195,img0195.jpg,gym_to_caffe,beige,tidak,neutral
0196,img0196.jpg,gym_to_caffe,beige,tidak,neutral
0197,img0197.jpg,gym_to_caffe,beige,tidak,neutral
0198,img0198.jpg,gym_to_caffe,beige,tidak,neutral
0199,img0199.jpg,gym_to_caffe,beige,tidak,neutral
0200,img0200.jpg,gym_to_caffe,beige,tidak,neutral
0201,img0201.jpg,gym_to_caffe,beige,tidak,neutral
0202,img0202.jpg,gym_to_caffe,beige,tidak,neutral
0203,img0203.jpg,gym_to_caffe,beige,tidak,neutral
0204,img0204.jpg,gym_to_caffe,beige,tidak,neutral
0205,img0205.jpg,gym_to_caffe,beige,ya,neutral
0206,img0206.jpg,gym_to_caffe,beige,ya,neutral
0207,img0207.jpg,gym_to_caffe,beige,ya,neutral
0208,img0208.jpg,gym_to_caffe,beige,ya,neutral
0209,img0209.jpg,gym_to_caffe,beige,tidak,neutral
0210,img0210.jpg,gym_to_caffe,beige,ya,neutral
0211,img0211.jpg,gym_to_caffe,beige,tidak,neutral
0212,img0212.jpg,gym_to_caffe,beige,ya,neutral
0213,img0213.jpg,gym_to_caffe,beige,ya,neutral
0214,img0214.jpg,gym_to_caffe,beige,tidak,neutral
0215,img0215.jpg,gym_to_caffe,beige,tidak,neutral
0216,img0216.jpg,gym_to_caffe,beige,tidak,neutral
0217,img0217.jpg,gym_to_caffe,beige,tidak,neutral
0218,img0218.jpg,gym_to_caffe,beige,tidak,neutral
0219,img0219.jpg,gym_to_caffe,beige,ya,neutral
0220,img0220.jpg,gym_to_caffe,beige,tidak,neutral
0221,img0221.jpg,gym_to_caffe,beige,tidak,neutral
0222,img0222.jpg,gym_to_caffe,beige,ya,neutral
0223,img0223.jpg,gym_to_caffe,beige,ya,neutral
0224,img0224.jpg,gym_to_caffe,beige,tidak,neutral
0225,img0225.jpg,gym_to_caffe,beige,ya,neutral
0226,img0226.jpg,gym_to_caffe,beige,ya,neutral
0227,img0227.jpg,gym_to_caffe,beige,tidak,neutral
0228,img0228.jpg,gym_to_caffe,beige,tidak,neutral
0229,img0229.jpg,gym_to_caffe,beige,tidak,neutral
0230,img0230.jpg,gym_to_caffe,beige,tidak,neutral
0231,img0231.jpg,gym_to_caffe,beige,tidak,neutral
0232,img0232.jpg,gym_to_caffe,beige,ya,neutral
0233,img0233.jpg,gym_to_caffe,beige,ya,neutral
0234,img0234.jpg,gym_to_caffe,beige,tidak,neutral
0235,img0235.jpg,gym_to_caffe,beige,ya,neutral
0236,img0236.jpg,gym_to_caffe,beige,tidak,neutral
0237,img0237.jpg,gym_to_caffe,beige,tidak,neutral
0238,img0238.jpg,gym_to_caffe,beige,ya,neutral
0239,img0239.jpg,gym_to_caffe,beige,tidak,neutral
0240,img0240.jpg,gym_to_caffe,beige,ya,neutral
0241,img0241.jpg,gym_to_caffe,beige,ya,neutral
0242,img0242.jpg,gym_to_caffe,beige,tidak,neutral
0243,img0243.jpg,gym_to_caffe,beige,tidak,neutral
0244,img0244.jpg,gym_to_caffe,beige,ya,neutral
0245,img0245.jpg,gym_to_caffe,beige,tidak,neutral
0246,img0246.jpg,gym_to_caffe,beige,tidak,neutral
0247,img0247.jpg,gym_to_caffe,beige,tidak,neutral
0248,img0248.jpg,gym_to_caffe,beige,ya,neutral
0249,img0249.jpg,gym_to_caffe,beige,tidak,neutral
0252,img0252.jpg,hiking,beige,ya,neutral
0253,img0253.jpg,hiking,beige,tidak,neutral
0254,img0254.jpg,hiking,beige,tidak,neutral
0255,img0255.jpg,hiking,beige,tidak,neutral
0256,img0256.jpg,hiking,beige,tidak,neutral
0257,img0257.jpg,hiking,beige,tidak,neutral
0258,img0258.jpg,hiking,beige,tidak,neutral
0259,img0259.jpg,hiking,beige,tidak,neutral
0260,img0260.jpg,hiking,beige,tidak,neutral
0261,img0261.jpg,hiking,beige,tidak,neutral
0262,img0262.jpg,hiking,beige,tidak,neutral
0263,img0263.jpg,hiking,beige,tidak,neutral
0264,img0264.jpg,hiking,beige,tidak,neutral
0265,img0265.jpg,hiking,beige,ya,neutral
0266,img0266.jpg,hiking,beige,ya,neutral
0267,img0267.jpg,hiking,beige,tidak,neutral
0268,img0268.jpg,hiking,beige,ya,neutral
0269,img0269.jpg,hiking,beige,ya,neutral
0270,img0270.jpg,hiking,beige,ya,neutral
0271,img0271.jpg,hiking,beige,ya,neutral
0272,img0272.jpg,hiking,beige,tidak,neutral
0273,img0273.jpg,hiking,beige,ya,neutral
0274,img0274.jpg,hiking,beige,tidak,neutral
0275,img0275.jpg,hiking,beige,tidak,neutral
0276,img0276.jpg,hiking,beige,ya,neutral
0277,img0277.jpg,hiking,beige,tidak,neutral
0278,img0278.jpg,hiking,beige,tidak,neutral
0280,img0280.jpg,hiking,beige,tidak,neutral
0281,img0281.jpg,hiking,beige,tidak,neutral
0282,img0282.jpg,hiking,beige,tidak,neutral
0283,img0283.jpg,hiking,beige,ya,neutral
0284,img0284.jpg,hiking,beige,ya,neutral
0285,img0285.jpg,hiking,beige,tidak,neutral
0286,img0286.jpg,hiking,beige,ya,neutral
0287,img0287.jpg,hiking,beige,ya,neutral
0288,img0288.jpg,hiking,beige,tidak,neutral
0289,img0289.jpg,hiking,beige,tidak,neutral
0290,img0290.jpg,hiking,beige,tidak,neutral
0291,img0291.jpg,hiking,beige,ya,neutral
0292,img0292.jpg,hiking,beige,ya,neutral
0294,img0294.jpg,hiking,beige,ya,neutral
0295,img0295.jpg,hiking,beige,tidak,neutral
0297,img0297.jpg,hiking,beige,ya,neutral
0298,img0298.jpg,hiking,beige,tidak,neutral
0299,img0299.jpg,hiking,beige,ya,neutral
0300,img0300.jpg,smart_casual,beige,ya,neutral
0301,img0301.jpg,smart_casual,beige,ya,neutral
0302,img0302.jpg,smart_casual,beige,ya,neutral
0303,img0303.jpg,smart_casual,beige,ya,neutral
0304,img0304.jpg,smart_casual,beige,ya,neutral
0305,img0305.jpg,smart_casual,beige,ya,neutral
0306,img0306.jpg,smart_casual,beige,ya,neutral
0307,img0307.jpg,smart_casual,beige,tidak,neutral
0308,img0308.jpg,smart_casual,beige,tidak,neutral
0309,img0309.jpg,smart_casual,beige,tidak,neutral
0310,img0310.jpg,smart_casual,beige,tidak,neutral
0311,img0311.jpg,smart_casual,beige,tidak,neutral
0312,img0312.jpg,smart_casual,beige,tidak,neutral
0313,img0313.jpg,smart_casual,beige,tidak,neutral
0314,img0314.jpg,smart_casual,beige,tidak,neutral
0315,img0315.jpg,smart_casual,beige,ya,neutral
0316,img0316.jpg,smart_casual,beige,ya,neutral
0317,img0317.jpg,smart_casual,beige,tidak,neutral
0318,img0318.jpg,smart_casual,beige,ya,neutral
0319,img0319.jpg,smart_casual,beige,ya,neutral
0320,img0320.jpg,smart_casual,beige,tidak,neutral
0321,img0321.jpg,smart_casual,beige,ya,neutral
0322,img0322.jpg,smart_casual,beige,ya,neutral
0323,img0323.jpg,smart_casual,beige,ya,neutral
0324,img0324.jpg,smart_casual,beige,ya,neutral
0325,img0325.jpg,smart_casual,beige,tidak,neutral
0326,img0326.jpg,smart_casual,beige,ya,neutral
0328,img0328.jpg,smart_casual,beige,ya,neutral
0329,img0329.jpg,smart_casual,beige,ya,neutral
0330,img0330.jpg,smart_casual,beige,tidak,neutral
0331,img0331.jpg,smart_casual,beige,tidak,neutral
0332,img0332.jpg,smart_casual,beige,ya,neutral
0333,img0333.jpg,smart_casual,beige,ya,neutral
0334,img0334.jpg,smart_casual,beige,ya,neutral
0335,img0335.jpg,smart_casual,beige,tidak,neutral
0336,img0336.jpg,smart_casual,beige,ya,neutral
0337,img0337.jpg,smart_casual,beige,tidak,neutral
0338,img0338.jpg,smart_casual,beige,ya,neutral
0339,img0339.jpg,smart_casual,beige,ya,neutral
0340,img0340.jpg,smart_casual,beige,ya,neutral
0341,img0341.jpg,smart_casual,beige,tidak,neutral
0342,img0342.jpg,smart_casual,beige,ya,neutral
0343,img0343.jpg,smart_casual,beige,ya,neutral
0344,img0344.jpg,smart_casual,beige,tidak,neutral
0345,img0345.jpg,smart_casual,beige,tidak,neutral
0346,img0346.jpg,smart_casual,beige,ya,neutral
0347,img0347.jpg,smart_casual,beige,ya,neutral
0348,img0348.jpg,smart_casual,beige,tidak,neutral
0349,img0349.jpg,smart_casual,beige,tidak,neutral
0350,img0350.jpg,smart_casual,beige,ya,neutral
0351,img0351.jpg,smart_casual,beige,ya,neutral
0352,img0352.jpg,smart_casual,beige,ya,neutral
0353,img0353.jpg,smart_casual,beige,ya,neutral
0354,img0354.jpg,smart_casual,beige,ya,neutral
0355,img0355.jpg,smart_casual,beige,ya,neutral
0356,img0356.jpg,smart_casual,beige,ya,neutral
0357,img0357.jpg,smart_casual,beige,ya,neutral
0358,img0358.jpg,smart_casual,beige,ya,neutral
0360,img0360.jpg,smart_casual,beige,tidak,neutral
0361,img0361.jpg,smart_casual,beige,tidak,neutral
0362,img0362.jpg,smart_casual,beige,ya,neutral
0363,img0363.jpg,smart_casual,beige,ya,neutral
0364,img0364.jpg,smart_casual,beige,tidak,neutral
0365,img0365.jpg,smart_casual,beige,ya,neutral
0366,img0366.jpg,smart_casual,beige,tidak,neutral
0367,img0367.jpg,smart_casual,beige,tidak,neutral
0368,img0368.jpg,smart_casual,beige,tidak,neutral
0369,img0369.jpg,smart_casual,beige,tidak,neutral
0370,img0370.jpg,smart_casual,beige,tidak,neutral
0371,img0371.jpg,smart_casual,beige,tidak,neutral
0372,img0372.jpg,smart_casual,beige,tidak,neutral
0373,img0373.jpg,smart_casual,beige,ya,neutral
0374,img0374.jpg,smart_casual,beige,ya,neutral
0375,img0375.jpg,smart_casual,beige,tidak,neutral
0376,img0376.jpg,smart_casual,beige,tidak,neutral
0377,img0377.jpg,smart_casual,beige,tidak,neutral
0378,img0378.jpg,smart_casual,beige,ya,neutral
0379,img0379.jpg,smart_casual,beige,ya,neutral
0380,img0380.jpg,smart_casual,beige,ya,neutral
0381,img0381.jpg,smart_casual,beige,tidak,neutral
0382,img0382.jpg,smart_casual,beige,tidak,neutral
0383,img0383.jpg,smart_casual,beige,tidak,neutral
0384,img0384.jpg,smart_casual,beige,ya,neutral
0385,img0385.jpg,smart_casual,beige,ya,neutral
0386,img0386.jpg,coffee_shop_hopping,mustard_yellow,ya,warm
0387,img0387.jpg,coffee_shop_hopping,mustard_yellow,tidak,warm
0388,img0388.jpg,coffee_shop_hopping,mustard_yellow,tidak,warm
0389,img0389.jpg,coffee_shop_hopping,mustard_yellow,tidak,warm
0390,img0390.jpg,coffee_shop_hopping,mustard_yellow,tidak,warm
0391,img0391.jpg,coffee_shop_hopping,mustard_yellow,tidak,warm
0392,img0392.jpg,coffee_shop_hopping,mustard_yellow,tidak,warm
0393,img0393.jpg,coffee_shop_hopping,mustard_yellow,ya,warm
0394,img0394.jpg,coffee_shop_hopping,mustard_yellow,tidak,warm
0395,img0395.jpg,coffee_shop_hopping,mustard_yellow,ya,warm
0396,img0396.jpg,coffee_shop_hopping,mustard_yellow,ya,warm
0397,img0397.jpg,coffee_shop_hopping,mustard_yellow,tidak,warm
0399,img0399.jpg,coffee_shop_hopping,mustard_yellow,ya,warm
0400,img0400.jpg,coffee_shop_hopping,mustard_yellow,ya,warm
0402,img0402.jpg,coffee_shop_hopping,mustard_yellow,tidak,warm
0403,img0403.jpg,coffee_shop_hopping,mustard_yellow,tidak,warm
0404,img0404.jpg,coffee_shop_hopping,mustard_yellow,tidak,warm
0405,img0405.jpg,coffee_shop_hopping,mustard_yellow,tidak,warm
0406,img0406.jpg,coffee_shop_hopping,mustard_yellow,tidak,warm
0407,img0407.jpg,coffee_shop_hopping,mustard_yellow,ya,warm
0410,img0410.jpg,coffee_shop_hopping,mustard_yellow,tidak,warm
0412,img0412.jpg,coffee_shop_hopping,mustard_yellow,ya,warm
0413,img0413.jpg,coffee_shop_hopping,mustard_yellow,tidak,warm
0414,img0414.jpg,coffee_shop_hopping,mustard_yellow,tidak,warm
0415,img0415.jpg,coffee_shop_hopping,mustard_yellow,tidak,warm
0416,img0416.jpg,coffee_shop_hopping,mustard_yellow,tidak,warm
0417,img0417.jpg,coffee_shop_hopping,mustard_yellow,ya,warm
0418,img0418.jpg,coffee_shop_hopping,mustard_yellow,tidak,warm
0420,img0420.jpg,coffee_shop_hopping,mustard_yellow,tidak,warm
0422,img0422.jpg,coffee_shop_hopping,mustard_yellow,tidak,warm
0423,img0423.jpg,coffee_shop_hopping,mustard_yellow,ya,warm
0424,img0424.jpg,coffee_shop_hopping,mustard_yellow,tidak,warm
0425,img0425.jpg,coffee_shop_hopping,mustard_yellow,tidak,warm
0427,img0427.jpg,coffee_shop_hopping,mustard_yellow,ya,warm
0428,img0428.jpg,coffee_shop_hopping,mustard_yellow,tidak,warm
0429,img0429.jpg,coffee_shop_hopping,mustard_yellow,ya,warm
0430,img0430.jpg,coffee_shop_hopping,mustard_yellow,tidak,warm
0431,img0431.jpg,coffee_shop_hopping,mustard_yellow,tidak,warm
0432,img0432.jpg,coffee_shop_hopping,mustard_yellow,ya,warm
0433,img0433.jpg,coffee_shop_hopping,mustard_yellow,ya,warm
0434,img0434.jpg,coffee_shop_hopping,mustard_yellow,ya,warm
0435,img0435.jpg,coffee_shop_hopping,mustard_yellow,ya,warm
0436,img0436.jpg,coffee_shop_hopping,mustard_yellow,ya,warm
0437,img0437.jpg,coffee_shop_hopping,mustard_yellow,ya,warm
0438,img0438.jpg,coffee_shop_hopping,mustard_yellow,tidak,warm
0439,img0439.jpg,coffee_shop_hopping,mustard_yellow,tidak,warm
0440,img0440.jpg,coffee_shop_hopping,mustard_yellow,tidak,warm
0441,img0441.jpg,coffee_shop_hopping,mustard_yellow,ya,warm
0442,img0442.jpg,coffee_shop_hopping,mustard_yellow,tidak,warm
0443,img0443.jpg,coffee_shop_hopping,mustard_yellow,ya,warm
0444,img0444.jpg,coffee_shop_hopping,mustard_yellow,tidak,warm
0445,img0445.jpg,coffee_shop_hopping,mustard_yellow,tidak,warm
0446,img0446.jpg,coffee_shop_hopping,mustard_yellow,ya,warm
0447,img0447.jpg,coffee_shop_hopping,mustard_yellow,tidak,warm
0448,img0448.jpg,coffee_shop_hopping,mustard_yellow,ya,warm
0449,img0449.jpg,coffee_shop_hopping,mustard_yellow,tidak,warm
0450,img0450.jpg,coffee_shop_hopping,mustard_yellow,ya,warm
0451,img0451.jpg,coffee_shop_hopping,mustard_yellow,tidak,warm
0452,img0452.jpg,coffee_shop_hopping,mustard_yellow,tidak,warm
0453,img0453.jpg,coffee_shop_hopping,mustard_yellow,ya,warm
0454,img0454.jpg,coffee_shop_hopping,mustard_yellow,ya,warm
0455,img0455.jpg,coffee_shop_hopping,mustard_yellow,ya,warm
0456,img0456.jpg,coffee_shop_hopping,mustard_yellow,ya,warm
0457,img0457.jpg,coffee_shop_hopping,mustard_yellow,ya,warm
0458,img0458.jpg,coffee_shop_hopping,mustard_yellow,tidak,warm
0459,img0459.jpg,coffee_shop_hopping,mustard_yellow,tidak,warm
0460,img0460.jpg,coffee_shop_hopping,mustard_yellow,tidak,warm
0461,img0461.jpg,gym_to_caffe,mustard_yellow,tidak,warm
0462,img0462.jpg,gym_to_caffe,mustard_yellow,tidak,warm
0463,img0463.jpg,gym_to_caffe,mustard_yellow,tidak,warm
0464,img0464.jpg,gym_to_caffe,mustard_yellow,tidak,warm
0465,img0465.jpg,gym_to_caffe,mustard_yellow,tidak,warm
0466,img0466.jpg,gym_to_caffe,mustard_yellow,tidak,warm
0467,img0467.jpg,gym_to_caffe,mustard_yellow,tidak,warm
0468,img0468.jpg,gym_to_caffe,mustard_yellow,tidak,warm
0469,img0469.jpg,gym_to_caffe,mustard_yellow,tidak,warm
0470,img0470.jpg,gym_to_caffe,mustard_yellow,tidak,warm
0471,img0471.jpg,gym_to_caffe,mustard_yellow,tidak,warm
0472,img0472.jpg,gym_to_caffe,mustard_yellow,tidak,warm
0473,img0473.jpg,gym_to_caffe,mustard_yellow,tidak,warm
0474,img0474.jpg,gym_to_caffe,mustard_yellow,tidak,warm
0475,img0475.jpg,gym_to_caffe,mustard_yellow,tidak,warm
0476,img0476.jpg,gym_to_caffe,mustard_yellow,tidak,warm
0477,img0477.jpg,gym_to_caffe,mustard_yellow,tidak,warm
0478,img0478.jpg,gym_to_caffe,mustard_yellow,tidak,warm
0479,img0479.jpg,gym_to_caffe,mustard_yellow,tidak,warm
0480,img0480.jpg,gym_to_caffe,mustard_yellow,tidak,warm
0481,img0481.jpg,gym_to_caffe,mustard_yellow,tidak,warm
0482,img0482.jpg,gym_to_caffe,mustard_yellow,tidak,warm
0483,img0483.jpg,gym_to_caffe,mustard_yellow,tidak,warm
0484,img0484.jpg,gym_to_caffe,mustard_yellow,tidak,warm
0485,img0485.jpg,gym_to_caffe,mustard_yellow,tidak,warm
0486,img0486.jpg,gym_to_caffe,mustard_yellow,tidak,warm
0487,img0487.jpg,gym_to_caffe,mustard_yellow,tidak,warm
0488,img0488.jpg,gym_to_caffe,mustard_yellow,tidak,warm
0489,img0489.jpg,gym_to_caffe,mustard_yellow,ya,warm
0490,img0490.jpg,gym_to_caffe,mustard_yellow,tidak,warm
0491,img0491.jpg,gym_to_caffe,mustard_yellow,tidak,warm
0492,img0492.jpg,gym_to_caffe,mustard_yellow,tidak,warm
0493,img0493.jpg,gym_to_caffe,mustard_yellow,tidak,warm
0494,img0494.jpg,gym_to_caffe,mustard_yellow,tidak,warm
0495,img0495.jpg,gym_to_caffe,mustard_yellow,tidak,warm
0496,img0496.jpg,gym_to_caffe,mustard_yellow,tidak,warm
0497,img0497.jpg,gym_to_caffe,mustard_yellow,tidak,warm
0498,img0498.jpg,gym_to_caffe,mustard_yellow,tidak,warm
0499,img0499.jpg,gym_to_caffe,mustard_yellow,tidak,warm
0500,img0500.jpg,gym_to_caffe,mustard_yellow,tidak,warm
0501,img0501.jpg,gym_to_caffe,mustard_yellow,ya,warm
0502,img0502.jpg,gym_to_caffe,mustard_yellow,tidak,warm
0503,img0503.jpg,gym_to_caffe,mustard_yellow,tidak,warm
0504,img0504.jpg,gym_to_caffe,mustard_yellow,tidak,warm
0505,img0505.jpg,gym_to_caffe,mustard_yellow,ya,warm
0506,img0506.jpg,gym_to_caffe,mustard_yellow,tidak,warm
0507,img0507.jpg,gym_to_caffe,mustard_yellow,tidak,warm
0508,img0508.jpg,gym_to_caffe,mustard_yellow,tidak,warm
0509,img0509.jpg,gym_to_caffe,mustard_yellow,tidak,warm
0510,img0510.jpg,gym_to_caffe,mustard_yellow,tidak,warm
0511,img0511.jpg,gym_to_caffe,mustard_yellow,tidak,warm
0512,img0512.jpg,gym_to_caffe,mustard_yellow,tidak,warm
0513,img0513.jpg,gym_to_caffe,mustard_yellow,tidak,warm
0514,img0514.jpg,gym_to_caffe,mustard_yellow,tidak,warm
0515,img0515.jpg,gym_to_caffe,mustard_yellow,tidak,warm
0516,img0516.jpg,gym_to_caffe,mustard_yellow,tidak,warm
0517,img0517.jpg,gym_to_caffe,mustard_yellow,tidak,warm
0518,img0518.jpg,gym_to_caffe,mustard_yellow,tidak,warm
0519,img0519.jpg,gym_to_caffe,mustard_yellow,ya,warm
0520,img0520.jpg,gym_to_caffe,mustard_yellow,ya,warm
0521,img0521.jpg,gym_to_caffe,mustard_yellow,tidak,warm
0522,img0522.jpg,gym_to_caffe,mustard_yellow,tidak,warm
0523,img0523.jpg,gym_to_caffe,mustard_yellow,tidak,warm
0524,img0524.jpg,gym_to_caffe,mustard_yellow,tidak,warm
0525,img0525.jpg,gym_to_caffe,mustard_yellow,tidak,warm
0526,img0526.jpg,gym_to_caffe,mustard_yellow,tidak,warm
0527,img0527.jpg,gym_to_caffe,mustard_yellow,tidak,warm
0528,img0528.jpg,gym_to_caffe,mustard_yellow,tidak,warm
0529,img0529.jpg,gym_to_caffe,mustard_yellow,tidak,warm
0530,img0530.jpg,gym_to_caffe,mustard_yellow,tidak,warm
0531,img0531.jpg,gym_to_caffe,mustard_yellow,tidak,warm
0532,img0532.jpg,gym_to_caffe,mustard_yellow,tidak,warm
0533,img0533.jpg,gym_to_caffe,mustard_yellow,tidak,warm
0534,img0534.jpg,gym_to_caffe,mustard_yellow,tidak,warm
0535,img0535.jpg,gym_to_caffe,mustard_yellow,tidak,warm
0536,img0536.jpg,gym_to_caffe,mustard_yellow,ya,warm
0537,img0537.jpg,gym_to_caffe,mustard_yellow,tidak,warm
0538,img0538.jpg,gym_to_caffe,mustard_yellow,tidak,warm
0539,img0539.jpg,gym_to_caffe,mustard_yellow,ya,warm
0540,img0540.jpg,gym_to_caffe,mustard_yellow,tidak,warm
0541,img0541.jpg,gym_to_caffe,mustard_yellow,tidak,warm
0542,img0542.jpg,gym_to_caffe,mustard_yellow,tidak,warm
0543,img0543.jpg,gym_to_caffe,mustard_yellow,tidak,warm
0544,img0544.jpg,gym_to_caffe,mustard_yellow,tidak,warm
0545,img0545.jpg,gym_to_caffe,mustard_yellow,tidak,warm
0546,img0546.jpg,gym_to_caffe,mustard_yellow,tidak,warm
0547,img0547.jpg,gym_to_caffe,mustard_yellow,tidak,warm
0548,img0548.jpg,gym_to_caffe,mustard_yellow,tidak,warm
0549,img0549.jpg,gym_to_caffe,mustard_yellow,tidak,warm
0550,img0550.jpg,gym_to_caffe,mustard_yellow,tidak,warm
0551,img0551.jpg,smart_casual,mustard_yellow,tidak,warm
0552,img0552.jpg,smart_casual,mustard_yellow,ya,warm
0553,img0553.jpg,smart_casual,mustard_yellow,tidak,warm
0554,img0554.jpg,smart_casual,mustard_yellow,tidak,warm
0555,img0555.jpg,smart_casual,mustard_yellow,tidak,warm
0556,img0556.jpg,smart_casual,mustard_yellow,tidak,warm
0557,img0557.jpg,smart_casual,mustard_yellow,tidak,warm
0558,img0558.jpg,smart_casual,mustard_yellow,tidak,warm
0559,img0559.jpg,smart_casual,mustard_yellow,tidak,warm
0560,img0560.jpg,smart_casual,mustard_yellow,tidak,warm
0561,img0561.jpg,smart_casual,mustard_yellow,tidak,warm
0562,img0562.jpg,smart_casual,mustard_yellow,tidak,warm
0563,img0563.jpg,smart_casual,mustard_yellow,tidak,warm
0564,img0564.jpg,smart_casual,mustard_yellow,tidak,warm
0565,img0565.jpg,smart_casual,mustard_yellow,tidak,warm
0566,img0566.jpg,smart_casual,mustard_yellow,tidak,warm
0567,img0567.jpg,smart_casual,mustard_yellow,tidak,warm
0568,img0568.jpg,smart_casual,mustard_yellow,tidak,warm
0569,img0569.jpg,smart_casual,mustard_yellow,ya,warm
0570,img0570.jpg,smart_casual,mustard_yellow,tidak,warm
0571,img0571.jpg,smart_casual,mustard_yellow,tidak,warm
0572,img0572.jpg,smart_casual,mustard_yellow,ya,warm
0573,img0573.jpg,smart_casual,mustard_yellow,ya,warm
0574,img0574.jpg,smart_casual,mustard_yellow,tidak,warm
0575,img0575.jpg,smart_casual,mustard_yellow,ya,warm
0576,img0576.jpg,smart_casual,mustard_yellow,tidak,warm
0577,img0577.jpg,smart_casual,mustard_yellow,tidak,warm
0578,img0578.jpg,smart_casual,mustard_yellow,ya,warm
0579,img0579.jpg,smart_casual,mustard_yellow,tidak,warm
0580,img0580.jpg,smart_casual,mustard_yellow,ya,warm
0581,img0581.jpg,smart_casual,mustard_yellow,tidak,warm
0582,img0582.jpg,smart_casual,mustard_yellow,tidak,warm
0583,img0583.jpg,smart_casual,mustard_yellow,ya,warm
0584,img0584.jpg,smart_casual,mustard_yellow,tidak,warm
0585,img0585.jpg,smart_casual,mustard_yellow,ya,warm
0586,img0586.jpg,smart_casual,mustard_yellow,ya,warm
0587,img0587.jpg,smart_casual,mustard_yellow,tidak,warm
0588,img0588.jpg,smart_casual,mustard_yellow,tidak,warm
0589,img0589.jpg,smart_casual,mustard_yellow,ya,warm
0590,img0590.jpg,smart_casual,mustard_yellow,tidak,warm
0591,img0591.jpg,smart_casual,mustard_yellow,tidak,warm
0592,img0592.jpg,smart_casual,mustard_yellow,tidak,warm
0593,img0593.jpg,smart_casual,mustard_yellow,tidak,warm
0594,img0594.jpg,smart_casual,mustard_yellow,tidak,warm
0595,img0595.jpg,smart_casual,mustard_yellow,ya,warm
0596,img0596.jpg,smart_casual,mustard_yellow,tidak,warm
0597,img0597.jpg,smart_casual,mustard_yellow,ya,warm
0598,img0598.jpg,smart_casual,mustard_yellow,ya,warm
0599,img0599.jpg,smart_casual,mustard_yellow,ya,warm
0600,img0600.jpg,smart_casual,mustard_yellow,tidak,warm
0601,img0601.jpg,smart_casual,mustard_yellow,ya,warm
0602,img0602.jpg,smart_casual,mustard_yellow,ya,warm
0603,img0603.jpg,smart_casual,mustard_yellow,ya,warm
0604,img0604.jpg,smart_casual,mustard_yellow,ya,warm
0605,img0605.jpg,smart_casual,mustard_yellow,ya,warm
0606,img0606.jpg,dinner,mustard_yellow,ya,warm
0607,img0607.jpg,dinner,mustard_yellow,ya,warm
0608,img0608.jpg,dinner,mustard_yellow,tidak,warm
0609,img0609.jpg,dinner,mustard_yellow,ya,warm
0610,img0610.jpg,dinner,mustard_yellow,ya,warm
0611,img0611.jpg,dinner,mustard_yellow,ya,warm
0612,img0612.jpg,dinner,mustard_yellow,tidak,warm
0613,img0613.jpg,dinner,mustard_yellow,ya,warm
0614,img0614.jpg,dinner,mustard_yellow,ya,warm
0615,img0615.jpg,dinner,mustard_yellow,tidak,warm
0616,img0616.jpg,dinner,mustard_yellow,tidak,warm
0617,img0617.jpg,dinner,mustard_yellow,tidak,warm
0618,img0618.jpg,dinner,mustard_yellow,tidak,warm
0619,img0619.jpg,dinner,mustard_yellow,tidak,warm
0620,img0620.jpg,dinner,mustard_yellow,ya,warm
0621,img0621.jpg,dinner,mustard_yellow,tidak,warm
0622,img0622.jpg,dinner,mustard_yellow,ya,warm
0623,img0623.jpg,dinner,mustard_yellow,ya,warm
0624,img0624.jpg,dinner,mustard_yellow,tidak,warm
0625,img0625.jpg,dinner,mustard_yellow,ya,warm
0627,img0627.jpg,dinner,mustard_yellow,ya,warm
0628,img0628.jpg,dinner,mustard_yellow,ya,warm
0629,img0629.jpg,dinner,mustard_yellow,ya,warm
0630,img0630.jpg,dinner,mustard_yellow,ya,warm
0631,img0631.jpg,dinner,mustard_yellow,ya,warm
0632,img0632.jpg,dinner,mustard_yellow,ya,warm
0633,img0633.jpg,dinner,mustard_yellow,ya,warm
0634,img0634.jpg,dinner,mustard_yellow,ya,warm
0635,img0635.jpg,dinner,mustard_yellow,ya,warm
0636,img0636.jpg,dinner,mustard_yellow,ya,warm
0637,img0637.jpg,dinner,mustard_yellow,tidak,warm
0638,img0638.jpg,dinner,mustard_yellow,ya,warm
0639,img0639.jpg,dinner,mustard_yellow,ya,warm
0640,img0640.jpg,dinner,mustard_yellow,ya,warm
0641,img0641.jpg,dinner,mustard_yellow,ya,warm
0642,img0642.jpg,dinner,mustard_yellow,tidak,warm
0643,img0643.jpg,dinner,mustard_yellow,ya,warm
0644,img0644.jpg,dinner,mustard_yellow,ya,warm
0645,img0645.jpg,dinner,mustard_yellow,tidak,warm
0646,img0646.jpg,dinner,mustard_yellow,ya,warm
0647,img0647.jpg,dinner,mustard_yellow,tidak,warm
0648,img0648.jpg,dinner,mustard_yellow,ya,warm
0649,img0649.jpg,dinner,mustard_yellow,ya,warm
0650,img0650.jpg,dinner,mustard_yellow,ya,warm
0651,img0651.jpg,dinner,mustard_yellow,ya,warm
0652,img0652.jpg,dinner,mustard_yellow,ya,warm
0653,img0653.jpg,dinner,mustard_yellow,ya,warm
0654,img0654.jpg,dinner,mustard_yellow,ya,warm
0655,img0655.jpg,dinner,mustard_yellow,tidak,warm
0656,img0656.jpg,dinner,mustard_yellow,ya,warm
0657,img0657.jpg,dinner,mustard_yellow,ya,warm
0658,img0658.jpg,dinner,mustard_yellow,ya,warm
0659,img0659.jpg,hiking,mustard_yellow,tidak,warm
0660,img0660.jpg,hiking,mustard_yellow,tidak,warm
0661,img0661.jpg,hiking,mustard_yellow,tidak,warm
0662,img0662.jpg,hiking,mustard_yellow,tidak,warm
0663,img0663.jpg,hiking,mustard_yellow,tidak,warm
0664,img0664.jpg,hiking,mustard_yellow,ya,warm
0665,img0665.jpg,hiking,mustard_yellow,tidak,warm
0666,img0666.jpg,hiking,mustard_yellow,tidak,warm
0667,img0667.jpg,hiking,mustard_yellow,tidak,warm
0668,img0668.jpg,hiking,mustard_yellow,tidak,warm
0669,img0669.jpg,hiking,mustard_yellow,tidak,warm
0670,img0670.jpg,hiking,mustard_yellow,tidak,warm
0671,img0671.jpg,hiking,mustard_yellow,tidak,warm
0672,img0672.jpg,hiking,mustard_yellow,tidak,warm
0673,img0673.jpg,hiking,mustard_yellow,tidak,warm
0674,img0674.jpg,hiking,mustard_yellow,tidak,warm
0675,img0675.jpg,hiking,mustard_yellow,tidak,warm
0676,img0676.jpg,hiking,mustard_yellow,tidak,warm
0678,img0678.jpg,hiking,mustard_yellow,tidak,warm
0679,img0679.jpg,coffee_shop_hopping,olive_green,tidak,neutral
0680,img0680.jpg,coffee_shop_hopping,olive_green,tidak,neutral
0681,img0681.jpg,coffee_shop_hopping,olive_green,ya,neutral
0682,img0682.jpg,coffee_shop_hopping,olive_green,ya,neutral
0683,img0683.jpg,coffee_shop_hopping,olive_green,tidak,neutral
0684,img0684.jpg,coffee_shop_hopping,olive_green,tidak,neutral
0685,img0685.jpg,coffee_shop_hopping,olive_green,ya,neutral
0686,img0686.jpg,coffee_shop_hopping,olive_green,ya,neutral
0687,img0687.jpg,coffee_shop_hopping,olive_green,ya,neutral
0688,img0688.jpg,coffee_shop_hopping,olive_green,ya,neutral
0689,img0689.jpg,coffee_shop_hopping,olive_green,tidak,neutral
0690,img0690.jpg,coffee_shop_hopping,olive_green,tidak,neutral
0691,img0691.jpg,coffee_shop_hopping,olive_green,tidak,neutral
0692,img0692.jpg,coffee_shop_hopping,olive_green,tidak,neutral
0693,img0693.jpg,coffee_shop_hopping,olive_green,tidak,neutral
0694,img0694.jpg,coffee_shop_hopping,olive_green,tidak,neutral
0695,img0695.jpg,coffee_shop_hopping,olive_green,tidak,neutral
0696,img0696.jpg,coffee_shop_hopping,olive_green,tidak,neutral
0697,img0697.jpg,coffee_shop_hopping,olive_green,tidak,neutral
0698,img0698.jpg,coffee_shop_hopping,olive_green,tidak,neutral
0699,img0699.jpg,coffee_shop_hopping,olive_green,ya,neutral
0700,img0700.jpg,coffee_shop_hopping,olive_green,ya,neutral
0701,img0701.jpg,coffee_shop_hopping,olive_green,tidak,neutral
0702,img0702.jpg,coffee_shop_hopping,olive_green,tidak,neutral
0703,img0703.jpg,coffee_shop_hopping,olive_green,tidak,neutral
0704,img0704.jpg,coffee_shop_hopping,olive_green,tidak,neutral
0705,img0705.jpg,coffee_shop_hopping,olive_green,tidak,neutral
0706,img0706.jpg,coffee_shop_hopping,olive_green,tidak,neutral
0707,img0707.jpg,coffee_shop_hopping,olive_green,tidak,neutral
0708,img0708.jpg,coffee_shop_hopping,olive_green,tidak,neutral
0709,img0709.jpg,coffee_shop_hopping,olive_green,tidak,neutral
0711,img0711.jpg,coffee_shop_hopping,olive_green,tidak,neutral
0712,img0712.jpg,coffee_shop_hopping,olive_green,ya,neutral
0713,img0713.jpg,coffee_shop_hopping,olive_green,tidak,neutral
0714,img0714.jpg,coffee_shop_hopping,olive_green,ya,neutral
0715,img0715.jpg,coffee_shop_hopping,olive_green,tidak,neutral
0716,img0716.jpg,coffee_shop_hopping,olive_green,tidak,neutral
0717,img0717.jpg,coffee_shop_hopping,olive_green,tidak,neutral
0718,img0718.jpg,coffee_shop_hopping,olive_green,tidak,neutral
0719,img0719.jpg,coffee_shop_hopping,olive_green,ya,neutral
0720,img0720.jpg,coffee_shop_hopping,olive_green,tidak,neutral
0721,img0721.jpg,coffee_shop_hopping,olive_green,tidak,neutral
0722,img0722.jpg,coffee_shop_hopping,olive_green,ya,neutral
0723,img0723.jpg,coffee_shop_hopping,olive_green,tidak,neutral
0724,img0724.jpg,coffee_shop_hopping,olive_green,tidak,neutral
0725,img0725.jpg,coffee_shop_hopping,olive_green,tidak,neutral
0726,img0726.jpg,coffee_shop_hopping,olive_green,tidak,neutral
0727,img0727.jpg,coffee_shop_hopping,olive_green,tidak,neutral
0728,img0728.jpg,coffee_shop_hopping,olive_green,tidak,neutral
0729,img0729.jpg,coffee_shop_hopping,olive_green,tidak,neutral
0730,img0730.jpg,coffee_shop_hopping,olive_green,tidak,neutral
0731,img0731.jpg,coffee_shop_hopping,olive_green,tidak,neutral
0732,img0732.jpg,gym_to_caffe,terracota,tidak,warm
0733,img0733.jpg,gym_to_caffe,terracota,tidak,warm
0734,img0734.jpg,gym_to_caffe,terracota,tidak,warm
0735,img0735.jpg,gym_to_caffe,terracota,tidak,warm
0736,img0736.jpg,gym_to_caffe,terracota,tidak,warm
0737,img0737.jpg,gym_to_caffe,terracota,tidak,warm
0738,img0738.jpg,gym_to_caffe,terracota,tidak,warm
0739,img0739.jpg,gym_to_caffe,terracota,ya,warm
0740,img0740.jpg,gym_to_caffe,terracota,tidak,warm
0741,img0741.jpg,gym_to_caffe,terracota,ya,warm
0742,img0742.jpg,gym_to_caffe,terracota,tidak,warm
0743,img0743.jpg,gym_to_caffe,terracota,ya,warm
0744,img0744.jpg,gym_to_caffe,terracota,ya,warm
0746,img0746.jpg,gym_to_caffe,terracota,tidak,warm
0747,img0747.jpg,gym_to_caffe,terracota,ya,warm
0748,img0748.jpg,gym_to_caffe,terracota,ya,warm
0749,img0749.jpg,gym_to_caffe,terracota,ya,warm
0750,img0750.jpg,gym_to_caffe,terracota,ya,warm
0751,img0751.jpg,gym_to_caffe,terracota,ya,warm
0752,img0752.jpg,gym_to_caffe,terracota,tidak,warm
0753,img0753.jpg,gym_to_caffe,terracota,ya,warm
0754,img0754.jpg,gym_to_caffe,terracota,ya,warm
0755,img0755.jpg,gym_to_caffe,terracota,ya,warm
0756,img0756.jpg,gym_to_caffe,terracota,tidak,warm
0757,img0757.jpg,gym_to_caffe,terracota,tidak,warm
0758,img0758.jpg,gym_to_caffe,terracota,ya,warm
0759,img0759.jpg,gym_to_caffe,terracota,tidak,warm
0760,img0760.jpg,gym_to_caffe,terracota,tidak,warm
0761,img0761.jpg,gym_to_caffe,terracota,ya,warm
0762,img0762.jpg,gym_to_caffe,terracota,tidak,warm
0763,img0763.jpg,gym_to_caffe,terracota,tidak,warm
0764,img0764.jpg,gym_to_caffe,terracota,ya,warm
0765,img0765.jpg,gym_to_caffe,terracota,tidak,warm
0766,img0766.jpg,gym_to_caffe,terracota,tidak,warm
0767,img0767.jpg,gym_to_caffe,terracota,tidak,warm
0768,img0768.jpg,gym_to_caffe,terracota,tidak,warm
0769,img0769.jpg,gym_to_caffe,terracota,tidak,warm
0770,img0770.jpg,gym_to_caffe,terracota,tidak,warm
0771,img0771.jpg,gym_to_caffe,terracota,tidak,warm
0772,img0772.jpg,gym_to_caffe,terracota,tidak,warm
0773,img0773.jpg,gym_to_caffe,terracota,tidak,warm
0785,img0785.jpg,smart_casual,terracota,tidak,warm
0786,img0786.jpg,smart_casual,terracota,tidak,warm
0787,img0787.jpg,smart_casual,terracota,ya,warm
0788,img0788.jpg,smart_casual,terracota,tidak,warm
0789,img0789.jpg,smart_casual,terracota,ya,warm
0790,img0790.jpg,smart_casual,terracota,ya,warm
0791,img0791.jpg,smart_casual,terracota,tidak,warm
0792,img0792.jpg,smart_casual,terracota,tidak,warm
0793,img0793.jpg,smart_casual,terracota,ya,warm
0794,img0794.jpg,smart_casual,terracota,tidak,warm
0795,img0795.jpg,smart_casual,terracota,ya,warm
0796,img0796.jpg,smart_casual,terracota,ya,warm
0797,img0797.jpg,smart_casual,terracota,ya,warm
0798,img0798.jpg,smart_casual,terracota,ya,warm
0799,img0799.jpg,smart_casual,terracota,ya,warm
0800,img0800.jpg,smart_casual,terracota,ya,warm
0801,img0801.jpg,smart_casual,terracota,ya,warm
0802,img0802.jpg,smart_casual,terracota,tidak,warm
0803,img0803.jpg,smart_casual,terracota,tidak,warm
0804,img0804.jpg,smart_casual,terracota,tidak,warm
0805,img0805.jpg,smart_casual,terracota,tidak,warm
0806,img0806.jpg,smart_casual,terracota,tidak,warm
0807,img0807.jpg,smart_casual,terracota,tidak,warm
0808,img0808.jpg,smart_casual,terracota,ya,warm
0809,img0809.jpg,smart_casual,terracota,tidak,warm
0810,img0810.jpg,smart_casual,terracota,ya,warm
0811,img0811.jpg,smart_casual,terracota,tidak,warm
0812,img0812.jpg,smart_casual,terracota,ya,warm
0813,img0813.jpg,smart_casual,terracota,ya,warm
0814,img0814.jpg,dinner,terracota,ya,warm
0815,img0815.jpg,dinner,terracota,ya,warm
0816,img0816.jpg,dinner,terracota,tidak,warm
0817,img0817.jpg,dinner,terracota,ya,warm
0818,img0818.jpg,dinner,terracota,ya,warm
0819,img0819.jpg,dinner,terracota,tidak,warm
0820,img0820.jpg,dinner,terracota,tidak,warm
0821,img0821.jpg,dinner,terracota,ya,warm
0822,img0822.jpg,dinner,terracota,ya,warm
0823,img0823.jpg,dinner,terracota,tidak,warm
0825,img0825.jpg,dinner,terracota,ya,warm
0826,img0826.jpg,dinner,terracota,ya,warm
0827,img0827.jpg,dinner,terracota,ya,warm
0828,img0828.jpg,dinner,terracota,ya,warm
0829,img0829.jpg,dinner,terracota,tidak,warm
0830,img0830.jpg,dinner,terracota,ya,warm
0831,img0831.jpg,dinner,terracota,ya,warm
0832,img0832.jpg,dinner,terracota,ya,warm
0833,img0833.jpg,dinner,terracota,ya,warm
0835,img0835.jpg,dinner,terracota,ya,warm
0836,img0836.jpg,dinner,terracota,ya,warm
0837,img0837.jpg,dinner,terracota,ya,warm
0838,img0838.jpg,dinner,terracota,ya,warm
0839,img0839.jpg,dinner,terracota,ya,warm
0840,img0840.jpg,dinner,terracota,ya,warm
0841,img0841.jpg,dinner,terracota,ya,warm
0842,img0842.jpg,dinner,terracota,ya,warm
0843,img0843.jpg,dinner,terracota,ya,warm
0844,img0844.jpg,dinner,terracota,ya,warm
0845,img0845.jpg,dinner,terracota,ya,warm
0846,img0846.jpg,dinner,terracota,tidak,warm
0847,img0847.jpg,dinner,terracota,ya,warm
0848,img0848.jpg,dinner,terracota,ya,warm
0849,img0849.jpg,dinner,terracota,tidak,warm
0850,img0850.jpg,hiking,terracota,tidak,warm
0851,img0851.jpg,hiking,terracota,ya,warm
0852,img0852.jpg,hiking,terracota,tidak,warm
0853,img0853.jpg,hiking,terracota,tidak,warm
0854,img0854.jpg,hiking,terracota,tidak,warm
0855,img0855.jpg,hiking,terracota,tidak,warm
0856,img0856.jpg,hiking,terracota,tidak,warm
0857,img0857.jpg,hiking,terracota,tidak,warm
0858,img0858.jpg,hiking,terracota,tidak,warm
0859,img0859.jpg,hiking,terracota,ya,warm
0860,img0860.jpg,hiking,terracota,tidak,warm
0861,img0861.jpg,hiking,terracota,ya,warm
0862,img0862.jpg,hiking,terracota,tidak,warm
0864,img0864.jpg,hiking,terracota,tidak,warm
0865,img0865.jpg,hiking,terracota,tidak,warm
0866,img0866.jpg,hiking,terracota,ya,warm
0867,img0867.jpg,hiking,terracota,tidak,warm
0868,img0868.jpg,hiking,terracota,tidak,warm
0869,img0869.jpg,hiking,terracota,tidak,warm
0870,img0870.jpg,hiking,terracota,tidak,warm
0871,img0871.jpg,hiking,terracota,tidak,warm
0872,img0872.jpg,hiking,terracota,ya,warm
0873,img0873.jpg,hiking,terracota,tidak,warm
0874,img0874.jpg,hiking,terracota,tidak,warm
0875,img0875.jpg,hiking,terracota,tidak,warm
0876,img0876.jpg,hiking,terracota,tidak,warm
0877,img0877.jpg,hiking,terracota,tidak,warm
0878,img0878.jpg,hiking,terracota,tidak,warm
0879,img0879.jpg,hiking,terracota,tidak,warm
0880,img0880.jpg,hiking,terracota,tidak,warm
0881,img0881.jpg,hiking,terracota,tidak,warm
0882,img0882.jpg,hiking,terracota,tidak,warm
0883,img0883.jpg,hiking,terracota,tidak,warm
0884,img0884.jpg,hiking,terracota,tidak,warm
0885,img0885.jpg,coffee_shop_hopping,warm_red,tidak,warm
0886,img0886.jpg,coffee_shop_hopping,warm_red,ya,warm
0887,img0887.jpg,coffee_shop_hopping,warm_red,ya,warm
0888,img0888.jpg,coffee_shop_hopping,warm_red,ya,warm
0889,img0889.jpg,coffee_shop_hopping,warm_red,tidak,warm
0890,img0890.jpg,coffee_shop_hopping,warm_red,ya,warm
0891,img0891.jpg,coffee_shop_hopping,warm_red,tidak,warm
0892,img0892.jpg,coffee_shop_hopping,warm_red,tidak,warm
0893,img0893.jpg,coffee_shop_hopping,warm_red,tidak,warm
0894,img0894.jpg,coffee_shop_hopping,warm_red,tidak,warm
0895,img0895.jpg,coffee_shop_hopping,warm_red,ya,warm
0896,img0896.jpg,coffee_shop_hopping,warm_red,tidak,warm
0897,img0897.jpg,coffee_shop_hopping,warm_red,ya,warm
0898,img0898.jpg,coffee_shop_hopping,warm_red,tidak,warm
0899,img0899.jpg,coffee_shop_hopping,warm_red,ya,warm
0900,img0900.jpg,coffee_shop_hopping,warm_red,tidak,warm
0901,img0901.jpg,coffee_shop_hopping,warm_red,tidak,warm
0902,img0902.jpg,coffee_shop_hopping,warm_red,ya,warm
0903,img0903.jpg,coffee_shop_hopping,warm_red,tidak,warm
0904,img0904.jpg,coffee_shop_hopping,warm_red,tidak,warm
0905,img0905.jpg,coffee_shop_hopping,warm_red,tidak,warm
0906,img0906.jpg,coffee_shop_hopping,warm_red,tidak,warm
0907,img0907.jpg,coffee_shop_hopping,warm_red,tidak,warm
0908,img0908.jpg,coffee_shop_hopping,warm_red,ya,warm
0909,img0909.jpg,coffee_shop_hopping,warm_red,ya,warm
0910,img0910.jpg,coffee_shop_hopping,warm_red,ya,warm
0911,img0911.jpg,coffee_shop_hopping,warm_red,tidak,warm
0912,img0912.jpg,coffee_shop_hopping,warm_red,ya,warm
0913,img0913.jpg,coffee_shop_hopping,warm_red,tidak,warm
0914,img0914.jpg,coffee_shop_hopping,warm_red,tidak,warm
0915,img0915.jpg,coffee_shop_hopping,warm_red,tidak,warm
0916,img0916.jpg,coffee_shop_hopping,warm_red,ya,warm
0917,img0917.jpg,coffee_shop_hopping,warm_red,ya,warm
0918,img0918.jpg,coffee_shop_hopping,warm_red,ya,warm
0919,img0919.jpg,coffee_shop_hopping,warm_red,ya,warm
0920,img0920.jpg,coffee_shop_hopping,warm_red,tidak,warm
0921,img0921.jpg,coffee_shop_hopping,warm_red,ya,warm
0922,img0922.jpg,coffee_shop_hopping,warm_red,tidak,warm
0923,img0923.jpg,coffee_shop_hopping,warm_red,ya,warm
0924,img0924.jpg,coffee_shop_hopping,warm_red,tidak,warm
0925,img0925.jpg,coffee_shop_hopping,warm_red,tidak,warm
0926,img0926.jpg,coffee_shop_hopping,warm_red,ya,warm
0927,img0927.jpg,coffee_shop_hopping,warm_red,tidak,warm
0928,img0928.jpg,coffee_shop_hopping,warm_red,ya,warm
0930,img0930.jpg,coffee_shop_hopping,warm_red,tidak,warm
0931,img0931.jpg,coffee_shop_hopping,warm_red,tidak,warm
0932,img0932.jpg,coffee_shop_hopping,warm_red,ya,warm
0933,img0933.jpg,coffee_shop_hopping,warm_red,tidak,warm
0934,img0934.jpg,coffee_shop_hopping,warm_red,tidak,warm
0935,img0935.jpg,coffee_shop_hopping,warm_red,tidak,warm
0936,img0936.jpg,coffee_shop_hopping,warm_red,tidak,warm
0937,img0937.jpg,coffee_shop_hopping,warm_red,ya,warm
0938,img0938.jpg,coffee_shop_hopping,warm_red,ya,warm
0939,img0939.jpg,coffee_shop_hopping,warm_red,ya,warm
0940,img0940.jpg,coffee_shop_hopping,warm_red,ya,warm
0941,img0941.jpg,coffee_shop_hopping,warm_red,ya,warm
0942,img0942.jpg,coffee_shop_hopping,warm_red,ya,warm
0943,img0943.jpg,coffee_shop_hopping,warm_red,ya,warm
0944,img0944.jpg,coffee_shop_hopping,warm_red,ya,warm
0945,img0945.jpg,coffee_shop_hopping,warm_red,ya,warm
0946,img0946.jpg,coffee_shop_hopping,warm_red,ya,warm
0947,img0947.jpg,coffee_shop_hopping,warm_red,tidak,warm
0948,img0948.jpg,coffee_shop_hopping,warm_red,tidak,warm
0949,img0949.jpg,coffee_shop_hopping,warm_red,ya,warm
0950,img0950.jpg,coffee_shop_hopping,warm_red,ya,warm
0951,img0951.jpg,coffee_shop_hopping,warm_red,ya,warm
0952,img0952.jpg,coffee_shop_hopping,warm_red,tidak,warm
0953,img0953.jpg,coffee_shop_hopping,warm_red,tidak,warm
0954,img0954.jpg,coffee_shop_hopping,warm_red,tidak,warm
0955,img0955.jpg,coffee_shop_hopping,warm_red,tidak,warm
0956,img0956.jpg,coffee_shop_hopping,warm_red,tidak,warm
0957,img0957.jpg,coffee_shop_hopping,warm_red,tidak,warm
0958,img0958.jpg,coffee_shop_hopping,warm_red,tidak,warm
0959,img0959.jpg,coffee_shop_hopping,warm_red,ya,warm
0960,img0960.jpg,gym_to_caffe,brown,ya,warm
0961,img0961.jpg,gym_to_caffe,brown,tidak,warm
0962,img0962.jpg,gym_to_caffe,brown,ya,warm
0963,img0963.jpg,gym_to_caffe,brown,tidak,warm
0964,img0964.jpg,gym_to_caffe,brown,tidak,warm
0965,img0965.jpg,gym_to_caffe,brown,tidak,warm
0966,img0966.jpg,gym_to_caffe,brown,tidak,warm
0967,img0967.jpg,gym_to_caffe,brown,tidak,warm
0968,img0968.jpg,gym_to_caffe,brown,tidak,warm
0969,img0969.jpg,gym_to_caffe,brown,tidak,warm
0970,img0970.jpg,gym_to_caffe,brown,ya,warm
0971,img0971.jpg,gym_to_caffe,brown,tidak,warm
0972,img0972.jpg,gym_to_caffe,brown,tidak,warm
0973,img0973.jpg,gym_to_caffe,brown,tidak,warm
0974,img0974.jpg,gym_to_caffe,brown,tidak,warm
0975,img0975.jpg,gym_to_caffe,brown,tidak,warm
0976,img0976.jpg,gym_to_caffe,brown,tidak,warm
0978,img0978.jpg,gym_to_caffe,brown,tidak,warm
0979,img0979.jpg,gym_to_caffe,brown,tidak,warm
0980,img0980.jpg,gym_to_caffe,brown,ya,warm
0981,img0981.jpg,gym_to_caffe,brown,ya,warm
0982,img0982.jpg,gym_to_caffe,brown,tidak,warm
0983,img0983.jpg,gym_to_caffe,brown,tidak,warm
0984,img0984.jpg,gym_to_caffe,brown,ya,warm
0985,img0985.jpg,gym_to_caffe,brown,tidak,warm
0986,img0986.jpg,gym_to_caffe,brown,tidak,warm
0987,img0987.jpg,gym_to_caffe,brown,tidak,warm
0988,img0988.jpg,gym_to_caffe,brown,tidak,warm
0989,img0989.jpg,gym_to_caffe,brown,tidak,warm
0990,img0990.jpg,gym_to_caffe,brown,tidak,warm
0991,img0991.jpg,gym_to_caffe,brown,ya,warm
0992,img0992.jpg,gym_to_caffe,brown,tidak,warm
0993,img0993.jpg,gym_to_caffe,brown,tidak,warm
0994,img0994.jpg,gym_to_caffe,brown,tidak,warm
0995,img0995.jpg,gym_to_caffe,brown,tidak,warm
0996,img0996.jpg,gym_to_caffe,brown,tidak,warm
0997,img0997.jpg,gym_to_caffe,brown,tidak,warm
0998,img0998.jpg,gym_to_caffe,brown,tidak,warm
0999,img0999.jpg,gym_to_caffe,brown,tidak,warm
1000,img1000.jpg,gym_to_caffe,brown,tidak,warm
1001,img1001.jpg,gym_to_caffe,brown,tidak,warm
1002,img1002.jpg,gym_to_caffe,brown,tidak,warm
1003,img1003.jpg,gym_to_caffe,brown,tidak,warm
1004,img1004.jpg,gym_to_caffe,brown,tidak,warm
1005,img1005.jpg,gym_to_caffe,brown,tidak,warm
1006,img1006.jpg,gym_to_caffe,brown,tidak,warm
1007,img1007.jpg,gym_to_caffe,brown,tidak,warm
1008,img1008.jpg,gym_to_caffe,brown,tidak,warm
1009,img1009.jpg,gym_to_caffe,brown,tidak,warm
1010,img1010.jpg,gym_to_caffe,brown,ya,warm
1011,img1011.jpg,gym_to_caffe,brown,tidak,warm
1012,img1012.jpg,gym_to_caffe,brown,tidak,warm
1013,img1013.jpg,gym_to_caffe,brown,tidak,warm
1014,img1014.jpg,gym_to_caffe,brown,tidak,warm
1015,img1015.jpg,gym_to_caffe,brown,tidak,warm
1016,img1016.jpg,gym_to_caffe,brown,tidak,warm
1017,img1017.jpg,smart_casual,brown,tidak,warm
1018,img1018.jpg,smart_casual,brown,tidak,warm
1019,img1019.jpg,smart_casual,brown,ya,warm
1020,img1020.jpg,smart_casual,brown,tidak,warm
1021,img1021.jpg,smart_casual,brown,ya,warm
1022,img1022.jpg,smart_casual,brown,tidak,warm
1024,img1024.jpg,smart_casual,brown,tidak,warm
1025,img1025.jpg,smart_casual,brown,tidak,warm
1026,img1026.jpg,smart_casual,brown,ya,warm
1027,img1027.jpg,smart_casual,brown,ya,warm
1028,img1028.jpg,smart_casual,brown,tidak,warm
1029,img1029.jpg,smart_casual,brown,tidak,warm
1030,img1030.jpg,smart_casual,brown,tidak,warm
1031,img1031.jpg,smart_casual,brown,tidak,warm
1032,img1032.jpg,smart_casual,brown,ya,warm
1033,img1033.jpg,smart_casual,brown,tidak,warm
1034,img1034.jpg,smart_casual,brown,tidak,warm
1036,img1036.jpg,smart_casual,brown,tidak,warm
1037,img1037.jpg,smart_casual,brown,tidak,warm
1038,img1038.jpg,smart_casual,brown,ya,warm
1039,img1039.jpg,smart_casual,brown,ya,warm
1040,img1040.jpg,smart_casual,brown,ya,warm
1041,img1041.jpg,smart_casual,brown,ya,warm
1042,img1042.jpg,smart_casual,brown,ya,warm
1043,img1043.jpg,smart_casual,brown,ya,warm
1044,img1044.jpg,smart_casual,brown,ya,warm
1045,img1045.jpg,smart_casual,brown,ya,warm
1046,img1046.jpg,smart_casual,brown,ya,warm
1047,img1047.jpg,smart_casual,brown,ya,warm
1048,img1048.jpg,smart_casual,brown,ya,warm
1049,img1049.jpg,smart_casual,brown,ya,warm
1050,img1050.jpg,smart_casual,brown,ya,warm
1051,img1051.jpg,smart_casual,brown,ya,warm
1052,img1052.jpg,smart_casual,brown,ya,warm
1053,img1053.jpg,smart_casual,brown,ya,warm
1054,img1054.jpg,smart_casual,brown,ya,warm
1056,img1056.jpg,smart_casual,brown,ya,warm
1057,img1057.jpg,smart_casual,brown,ya,warm
1058,img1058.jpg,smart_casual,brown,ya,warm
1059,img1059.jpg,smart_casual,brown,ya,warm
1060,img1060.jpg,smart_casual,brown,tidak,warm
1061,img1061.jpg,smart_casual,brown,tidak,warm
1062,img1062.jpg,smart_casual,brown,ya,warm
1064,img1064.jpg,smart_casual,brown,tidak,warm
1065,img1065.jpg,smart_casual,brown,tidak,warm
1066,img1066.jpg,smart_casual,brown,ya,warm
1067,img1067.jpg,smart_casual,brown,tidak,warm
1068,img1068.jpg,smart_casual,brown,tidak,warm
1069,img1069.jpg,smart_casual,brown,tidak,warm
1070,img1070.jpg,smart_casual,brown,ya,warm
1071,img1071.jpg,smart_casual,brown,tidak,warm
1072,img1072.jpg,smart_casual,brown,ya,warm
1073,img1073.jpg,smart_casual,brown,tidak,warm
1074,img1074.jpg,smart_casual,brown,tidak,warm
1075,img1075.jpg,smart_casual,brown,ya,warm
1076,img1076.jpg,smart_casual,brown,ya,warm
1077,img1077.jpg,smart_casual,brown,ya,warm
1078,img1078.jpg,smart_casual,brown,tidak,warm
1079,img1079.jpg,smart_casual,brown,tidak,warm
1080,img1080.jpg,smart_casual,brown,ya,warm
1082,img1082.jpg,smart_casual,brown,tidak,warm
1083,img1083.jpg,smart_casual,brown,tidak,warm
1084,img1084.jpg,smart_casual,brown,ya,warm
1085,img1085.jpg,smart_casual,brown,ya,warm
1086,img1086.jpg,smart_casual,brown,tidak,warm
1087,img1087.jpg,smart_casual,brown,ya,warm
1088,img1088.jpg,smart_casual,brown,tidak,warm
1089,img1089.jpg,smart_casual,brown,ya,warm
1090,img1090.jpg,dinner,brown,tidak,warm
1091,img1091.jpg,dinner,brown,ya,warm
1092,img1092.jpg,dinner,brown,ya,warm
1093,img1093.jpg,dinner,brown,ya,warm
1094,img1094.jpg,dinner,brown,tidak,warm
1095,img1095.jpg,dinner,brown,tidak,warm
1096,img1096.jpg,dinner,brown,tidak,warm
1097,img1097.jpg,dinner,brown,tidak,warm
1098,img1098.jpg,dinner,brown,ya,warm
1099,img1099.jpg,dinner,brown,ya,warm
1100,img1100.jpg,dinner,brown,tidak,warm
1101,img1101.jpg,dinner,brown,tidak,warm
1102,img1102.jpg,dinner,brown,ya,warm
1103,img1103.jpg,dinner,brown,tidak,warm
1104,img1104.jpg,dinner,brown,tidak,warm
1105,img1105.jpg,dinner,brown,tidak,warm
1106,img1106.jpg,dinner,brown,tidak,warm
1107,img1107.jpg,dinner,brown,tidak,warm
1108,img1108.jpg,dinner,brown,tidak,warm
1109,img1109.jpg,dinner,brown,tidak,warm
1110,img1110.jpg,dinner,brown,ya,warm
1111,img1111.jpg,dinner,brown,ya,warm
1112,img1112.jpg,dinner,brown,tidak,warm
1113,img1113.jpg,dinner,brown,ya,warm
1114,img1114.jpg,dinner,brown,ya,warm
1115,img1115.jpg,dinner,brown,tidak,warm
1116,img1116.jpg,dinner,brown,ya,warm
1117,img1117.jpg,dinner,brown,ya,warm
1118,img1118.jpg,dinner,brown,ya,warm
1129,img1129.jpg,dinner,brown,tidak,warm
1130,img1130.jpg,dinner,brown,tidak,warm
1131,img1131.jpg,dinner,brown,ya,warm
1132,img1132.jpg,dinner,brown,tidak,warm
1133,img1133.jpg,hiking,brown,tidak,warm
1134,img1134.jpg,hiking,brown,tidak,warm
1135,img1135.jpg,hiking,brown,tidak,warm
1136,img1136.jpg,hiking,brown,tidak,warm
1137,img1137.jpg,hiking,brown,tidak,warm
1138,img1138.jpg,hiking,brown,tidak,warm
1139,img1139.jpg,hiking,brown,tidak,warm
1140,img1140.jpg,hiking,brown,tidak,warm
1141,img1141.jpg,hiking,brown,tidak,warm
1142,img1142.jpg,hiking,brown,tidak,warm
1143,img1143.jpg,hiking,brown,tidak,warm
1144,img1144.jpg,hiking,brown,tidak,warm
1145,img1145.jpg,hiking,brown,tidak,warm
1146,img1146.jpg,hiking,brown,tidak,warm
1147,img1147.jpg,hiking,brown,tidak,warm
1148,img1148.jpg,hiking,brown,tidak,warm
1149,img1149.jpg,hiking,brown,tidak,warm
1150,img1150.jpg,hiking,brown,tidak,warm
1151,img1151.jpg,hiking,brown,tidak,warm
1152,img1152.jpg,hiking,brown,tidak,warm
1153,img1153.jpg,hiking,brown,tidak,warm
1154,img1154.jpg,hiking,brown,tidak,warm
1155,img1155.jpg,hiking,brown,tidak,warm
1156,img1156.jpg,hiking,brown,tidak,warm
1157,img1157.jpg,hiking,brown,tidak,warm
1158,img1158.jpg,hiking,brown,tidak,warm
1159,img1159.jpg,hiking,brown,tidak,warm
1160,img1160.jpg,hiking,brown,tidak,warm
1161,img1161.jpg,hiking,brown,tidak,warm
1162,img1162.jpg,hiking,brown,tidak,warm
1163,img1163.jpg,hiking,brown,tidak,warm
1164,img1164.jpg,hiking,brown,tidak,warm
1165,img1165.jpg,hiking,brown,tidak,warm
1166,img1166.jpg,hiking,brown,tidak,warm
1167,img1167.jpg,hiking,brown,tidak,warm
1168,img1168.jpg,hiking,brown,tidak,warm
1169,img1169.jpg,hiking,brown,tidak,warm
1170,img1170.jpg,hiking,brown,tidak,warm
1171,img1171.jpg,coffee_shop_hopping,terracota,ya,warm
1172,img1172.jpg,coffee_shop_hopping,terracota,tidak,warm
1173,img1173.jpg,coffee_shop_hopping,terracota,tidak,warm
1174,img1174.jpg,coffee_shop_hopping,terracota,tidak,warm
1175,img1175.jpg,coffee_shop_hopping,terracota,ya,warm
1176,img1176.jpg,coffee_shop_hopping,terracota,ya,warm
1177,img1177.jpg,coffee_shop_hopping,terracota,tidak,warm
1178,img1178.jpg,coffee_shop_hopping,terracota,tidak,warm
1179,img1179.jpg,coffee_shop_hopping,terracota,ya,warm
1180,img1180.jpg,coffee_shop_hopping,terracota,tidak,warm
1181,img1181.jpg,coffee_shop_hopping,terracota,tidak,warm
1182,img1182.jpg,coffee_shop_hopping,terracota,ya,warm
1183,img1183.jpg,coffee_shop_hopping,terracota,ya,warm
1184,img1184.jpg,coffee_shop_hopping,terracota,tidak,warm
1185,img1185.jpg,coffee_shop_hopping,terracota,ya,warm
1186,img1186.jpg,coffee_shop_hopping,terracota,tidak,warm
1187,img1187.jpg,coffee_shop_hopping,terracota,tidak,warm
1188,img1188.jpg,coffee_shop_hopping,terracota,tidak,warm
1189,img1189.jpg,coffee_shop_hopping,terracota,tidak,warm
1190,img1190.jpg,coffee_shop_hopping,terracota,tidak,warm
1191,img1191.jpg,coffee_shop_hopping,terracota,ya,warm
1192,img1192.jpg,coffee_shop_hopping,terracota,tidak,warm
1193,img1193.jpg,coffee_shop_hopping,terracota,ya,warm
1194,img1194.jpg,coffee_shop_hopping,terracota,ya,warm
1195,img1195.jpg,coffee_shop_hopping,terracota,ya,warm
1196,img1196.jpg,coffee_shop_hopping,terracota,ya,warm
1197,img1197.jpg,coffee_shop_hopping,terracota,tidak,warm
1198,img1198.jpg,coffee_shop_hopping,terracota,ya,warm
1199,img1199.jpg,coffee_shop_hopping,terracota,ya,warm
1200,img1200.jpg,coffee_shop_hopping,terracota,tidak,warm
1201,img1201.jpg,coffee_shop_hopping,terracota,tidak,warm
1202,img1202.jpg,coffee_shop_hopping,terracota,tidak,warm
1203,img1203.jpg,coffee_shop_hopping,terracota,tidak,warm
1204,img1204.jpg,coffee_shop_hopping,terracota,ya,warm
1205,img1205.jpg,coffee_shop_hopping,terracota,tidak,warm
1206,img1206.jpg,coffee_shop_hopping,terracota,tidak,warm
1207,img1207.jpg,coffee_shop_hopping,terracota,ya,warm
1208,img1208.jpg,coffee_shop_hopping,terracota,ya,warm
1209,img1209.jpg,coffee_shop_hopping,terracota,ya,warm
1210,img1210.jpg,coffee_shop_hopping,terracota,tidak,warm
1211,img1211.jpg,coffee_shop_hopping,terracota,ya,warm
1212,img1212.jpg,coffee_shop_hopping,terracota,tidak,warm
1213,img1213.jpg,coffee_shop_hopping,terracota,ya,warm
1214,img1214.jpg,coffee_shop_hopping,terracota,tidak,warm
1215,img1215.jpg,gym_to_caffe,olive_green,ya,neutral
1216,img1216.jpg,gym_to_caffe,olive_green,tidak,neutral
1217,img1217.jpg,gym_to_caffe,olive_green,ya,neutral
1218,img1218.jpg,gym_to_caffe,olive_green,tidak,neutral
1219,img1219.jpg,gym_to_caffe,olive_green,tidak,neutral
1220,img1220.jpg,gym_to_caffe,olive_green,tidak,neutral
1221,img1221.jpg,gym_to_caffe,olive_green,tidak,neutral
1222,img1222.jpg,gym_to_caffe,olive_green,tidak,neutral
1223,img1223.jpg,gym_to_caffe,olive_green,ya,neutral
1224,img1224.jpg,gym_to_caffe,olive_green,tidak,neutral
1225,img1225.jpg,gym_to_caffe,olive_green,ya,neutral
1226,img1226.jpg,gym_to_caffe,olive_green,tidak,neutral
1227,img1227.jpg,gym_to_caffe,olive_green,tidak,neutral
1228,img1228.jpg,gym_to_caffe,olive_green,tidak,neutral
1229,img1229.jpg,gym_to_caffe,olive_green,tidak,neutral
1230,img1230.jpg,gym_to_caffe,olive_green,tidak,neutral
1231,img1231.jpg,gym_to_caffe,olive_green,tidak,neutral
1232,img1232.jpg,gym_to_caffe,olive_green,tidak,neutral
1233,img1233.jpg,gym_to_caffe,olive_green,tidak,neutral
1234,img1234.jpg,gym_to_caffe,olive_green,tidak,neutral
1235,img1235.jpg,gym_to_caffe,olive_green,tidak,neutral
1236,img1236.jpg,gym_to_caffe,olive_green,tidak,neutral
1237,img1237.jpg,gym_to_caffe,olive_green,tidak,neutral
1238,img1238.jpg,gym_to_caffe,olive_green,ya,neutral
1239,img1239.jpg,gym_to_caffe,olive_green,ya,neutral
1240,img1240.jpg,gym_to_caffe,olive_green,tidak,neutral
1241,img1241.jpg,gym_to_caffe,olive_green,tidak,neutral
1242,img1242.jpg,gym_to_caffe,olive_green,tidak,neutral
1243,img1243.jpg,gym_to_caffe,olive_green,tidak,neutral
1244,img1244.jpg,gym_to_caffe,olive_green,ya,neutral
1245,img1245.jpg,gym_to_caffe,olive_green,tidak,neutral
1246,img1246.jpg,gym_to_caffe,olive_green,tidak,neutral
1247,img1247.jpg,gym_to_caffe,olive_green,tidak,neutral
1248,img1248.jpg,gym_to_caffe,olive_green,tidak,neutral
1249,img1249.jpg,gym_to_caffe,olive_green,tidak,neutral
1250,img1250.jpg,gym_to_caffe,olive_green,tidak,neutral
1251,img1251.jpg,gym_to_caffe,olive_green,tidak,neutral
1252,img1252.jpg,gym_to_caffe,olive_green,tidak,neutral
1253,img1253.jpg,gym_to_caffe,olive_green,ya,neutral
1254,img1254.jpg,gym_to_caffe,olive_green,ya,neutral
1255,img1255.jpg,gym_to_caffe,olive_green,tidak,neutral
1256,img1256.jpg,gym_to_caffe,olive_green,tidak,neutral
1257,img1257.jpg,gym_to_caffe,olive_green,ya,neutral
1258,img1258.jpg,gym_to_caffe,olive_green,ya,neutral
1259,img1259.jpg,gym_to_caffe,olive_green,tidak,neutral
1260,img1260.jpg,gym_to_caffe,olive_green,ya,neutral
1261,img1261.jpg,gym_to_caffe,olive_green,tidak,neutral
1262,img1262.jpg,gym_to_caffe,olive_green,tidak,neutral
1263,img1263.jpg,gym_to_caffe,olive_green,tidak,neutral
1264,img1264.jpg,gym_to_caffe,olive_green,tidak,neutral
1265,img1265.jpg,gym_to_caffe,olive_green,tidak,neutral
1266,img1266.jpg,gym_to_caffe,olive_green,tidak,neutral
1267,img1267.jpg,gym_to_caffe,olive_green,tidak,neutral
1268,img1268.jpg,gym_to_caffe,olive_green,tidak,neutral
1269,img1269.jpg,gym_to_caffe,olive_green,tidak,neutral
1270,img1270.jpg,gym_to_caffe,olive_green,tidak,neutral
1271,img1271.jpg,smart_casual,olive_green,ya,neutral
1272,img1272.jpg,smart_casual,olive_green,ya,neutral
1273,img1273.jpg,smart_casual,olive_green,ya,neutral
1274,img1274.jpg,smart_casual,olive_green,ya,neutral
1275,img1275.jpg,smart_casual,olive_green,tidak,neutral
1276,img1276.jpg,smart_casual,olive_green,tidak,neutral
1277,img1277.jpg,smart_casual,olive_green,tidak,neutral
1278,img1278.jpg,smart_casual,olive_green,tidak,neutral
1279,img1279.jpg,smart_casual,olive_green,tidak,neutral
1280,img1280.jpg,smart_casual,olive_green,tidak,neutral
1281,img1281.jpg,smart_casual,olive_green,tidak,neutral
1282,img1282.jpg,smart_casual,olive_green,tidak,neutral
1283,img1283.jpg,smart_casual,olive_green,tidak,neutral
1284,img1284.jpg,smart_casual,olive_green,tidak,neutral
1285,img1285.jpg,smart_casual,olive_green,tidak,neutral
1286,img1286.jpg,smart_casual,olive_green,tidak,neutral
1287,img1287.jpg,smart_casual,olive_green,tidak,neutral
1288,img1288.jpg,smart_casual,olive_green,tidak,neutral
1289,img1289.jpg,smart_casual,olive_green,tidak,neutral
1290,img1290.jpg,smart_casual,olive_green,tidak,neutral
1291,img1291.jpg,smart_casual,olive_green,tidak,neutral
1292,img1292.jpg,smart_casual,olive_green,tidak,neutral
1293,img1293.jpg,smart_casual,olive_green,tidak,neutral
1294,img1294.jpg,smart_casual,olive_green,tidak,neutral
1295,img1295.jpg,smart_casual,olive_green,tidak,neutral
1296,img1296.jpg,smart_casual,olive_green,tidak,neutral
1297,img1297.jpg,smart_casual,olive_green,tidak,neutral
1298,img1298.jpg,smart_casual,olive_green,ya,neutral
1299,img1299.jpg,smart_casual,olive_green,ya,neutral
1300,img1300.jpg,smart_casual,olive_green,ya,neutral
1301,img1301.jpg,smart_casual,olive_green,ya,neutral
1302,img1302.jpg,smart_casual,olive_green,ya,neutral
1303,img1303.jpg,smart_casual,olive_green,ya,neutral
1304,img1304.jpg,smart_casual,olive_green,ya,neutral
1305,img1305.jpg,smart_casual,olive_green,ya,neutral
1306,img1306.jpg,smart_casual,olive_green,ya,neutral
1307,img1307.jpg,smart_casual,olive_green,ya,neutral
1308,img1308.jpg,smart_casual,olive_green,ya,neutral
1309,img1309.jpg,smart_casual,olive_green,ya,neutral
1310,img1310.jpg,smart_casual,olive_green,tidak,neutral
1311,img1311.jpg,smart_casual,olive_green,tidak,neutral
1312,img1312.jpg,smart_casual,olive_green,ya,neutral
1313,img1313.jpg,smart_casual,olive_green,ya,neutral
1314,img1314.jpg,smart_casual,olive_green,ya,neutral
1315,img1315.jpg,smart_casual,olive_green,ya,neutral
1316,img1316.jpg,smart_casual,olive_green,tidak,neutral
1317,img1317.jpg,smart_casual,olive_green,tidak,neutral
1318,img1318.jpg,smart_casual,olive_green,tidak,neutral
1319,img1319.jpg,dinner,olive_green,tidak,neutral
1320,img1320.jpg,dinner,olive_green,tidak,neutral
1321,img1321.jpg,dinner,olive_green,tidak,neutral
1322,img1322.jpg,dinner,olive_green,tidak,neutral
1323,img1323.jpg,dinner,olive_green,tidak,neutral
1324,img1324.jpg,dinner,olive_green,tidak,neutral
1325,img1325.jpg,dinner,olive_green,tidak,neutral
1326,img1326.jpg,dinner,olive_green,tidak,neutral
1327,img1327.jpg,dinner,olive_green,ya,neutral
1328,img1328.jpg,dinner,olive_green,ya,neutral
1329,img1329.jpg,dinner,olive_green,tidak,neutral
1330,img1330.jpg,dinner,olive_green,tidak,neutral
1331,img1331.jpg,dinner,olive_green,ya,neutral
1332,img1332.jpg,dinner,olive_green,tidak,neutral
1333,img1333.jpg,dinner,olive_green,tidak,neutral
1334,img1334.jpg,dinner,olive_green,ya,neutral
1335,img1335.jpg,dinner,olive_green,tidak,neutral
1336,img1336.jpg,dinner,olive_green,tidak,neutral
1337,img1337.jpg,dinner,olive_green,tidak,neutral
1338,img1338.jpg,dinner,olive_green,tidak,neutral
1339,img1339.jpg,dinner,olive_green,ya,neutral
1340,img1340.jpg,dinner,olive_green,tidak,neutral
1341,img1341.jpg,dinner,olive_green,tidak,neutral
1342,img1342.jpg,dinner,olive_green,tidak,neutral
1343,img1343.jpg,dinner,olive_green,tidak,neutral
1344,img1344.jpg,dinner,olive_green,tidak,neutral
1345,img1345.jpg,dinner,olive_green,tidak,neutral
1346,img1346.jpg,dinner,olive_green,tidak,neutral
1347,img1347.jpg,dinner,olive_green,tidak,neutral
1348,img1348.jpg,dinner,olive_green,ya,neutral
1349,img1349.jpg,dinner,olive_green,tidak,neutral
1350,img1350.jpg,dinner,olive_green,ya,neutral
1351,img1351.jpg,dinner,olive_green,ya,neutral
1352,img1352.jpg,dinner,olive_green,tidak,neutral
1353,img1353.jpg,dinner,olive_green,ya,neutral
1354,img1354.jpg,dinner,olive_green,tidak,neutral
1355,img1355.jpg,dinner,olive_green,tidak,neutral
1356,img1356.jpg,dinner,olive_green,ya,neutral
1357,img1357.jpg,dinner,olive_green,tidak,neutral
1358,img1358.jpg,dinner,olive_green,tidak,neutral
1359,img1359.jpg,dinner,olive_green,tidak,neutral
1360,img1360.jpg,dinner,olive_green,tidak,neutral
1361,img1361.jpg,dinner,olive_green,tidak,neutral
1362,img1362.jpg,dinner,olive_green,ya,neutral
1363,img1363.jpg,dinner,olive_green,tidak,neutral
1364,img1364.jpg,dinner,olive_green,tidak,neutral
1365,img1365.jpg,dinner,olive_green,tidak,neutral
1366,img1366.jpg,dinner,olive_green,tidak,neutral
1367,img1367.jpg,dinner,olive_green,ya,neutral
1368,img1368.jpg,dinner,olive_green,ya,neutral
1369,img1369.jpg,dinner,olive_green,tidak,neutral
1370,img1370.jpg,dinner,olive_green,tidak,neutral
1371,img1371.jpg,dinner,olive_green,tidak,neutral
1372,img1372.jpg,dinner,olive_green,tidak,neutral
1373,img1373.jpg,dinner,olive_green,ya,neutral
1374,img1374.jpg,dinner,warm_red,tidak,warm
1375,img1375.jpg,dinner,warm_red,tidak,warm
1376,img1376.jpg,dinner,warm_red,ya,warm
1377,img1377.jpg,dinner,warm_red,tidak,warm
1378,img1378.jpg,dinner,warm_red,tidak,warm
1379,img1379.jpg,dinner,warm_red,tidak,warm
1380,img1380.jpg,dinner,warm_red,tidak,warm
1381,img1381.jpg,dinner,warm_red,tidak,warm
1382,img1382.jpg,dinner,warm_red,tidak,warm
1383,img1383.jpg,dinner,warm_red,tidak,warm
1384,img1384.jpg,dinner,warm_red,tidak,warm
1385,img1385.jpg,dinner,warm_red,tidak,warm
1386,img1386.jpg,dinner,warm_red,tidak,warm
1387,img1387.jpg,dinner,warm_red,tidak,warm
1388,img1388.jpg,dinner,warm_red,tidak,warm
1389,img1389.jpg,dinner,warm_red,tidak,warm
1390,img1390.jpg,dinner,warm_red,ya,warm
1391,img1391.jpg,dinner,warm_red,ya,warm
1392,img1392.jpg,dinner,warm_red,ya,warm
1393,img1393.jpg,dinner,warm_red,tidak,warm
1394,img1394.jpg,dinner,warm_red,ya,warm
1395,img1395.jpg,dinner,warm_red,tidak,warm
1396,img1396.jpg,dinner,warm_red,tidak,warm
1397,img1397.jpg,dinner,warm_red,tidak,warm
1398,img1398.jpg,dinner,warm_red,tidak,warm
1399,img1399.jpg,dinner,warm_red,ya,warm
1400,img1400.jpg,dinner,warm_red,tidak,warm
1401,img1401.jpg,dinner,warm_red,ya,warm
1402,img1402.jpg,dinner,warm_red,ya,warm
1403,img1403.jpg,dinner,warm_red,tidak,warm
1404,img1404.jpg,dinner,warm_red,ya,warm
1405,img1405.jpg,dinner,warm_red,tidak,warm
1406,img1406.jpg,dinner,warm_red,tidak,warm
1407,img1407.jpg,dinner,warm_red,tidak,warm
1408,img1408.jpg,dinner,warm_red,ya,warm
1409,img1409.jpg,dinner,warm_red,ya,warm
1410,img1410.jpg,dinner,warm_red,ya,warm
1411,img1411.jpg,dinner,warm_red,tidak,warm
1412,img1412.jpg,dinner,warm_red,ya,warm
1413,img1413.jpg,dinner,warm_red,tidak,warm
1414,img1414.jpg,dinner,warm_red,tidak,warm
1415,img1415.jpg,dinner,warm_red,tidak,warm
1416,img1416.jpg,dinner,warm_red,tidak,warm
1417,img1417.jpg,dinner,warm_red,ya,warm
1418,img1418.jpg,dinner,warm_red,tidak,warm
1419,img1419.jpg,dinner,warm_red,tidak,warm
1420,img1420.jpg,dinner,warm_red,ya,warm
1421,img1421.jpg,dinner,warm_red,tidak,warm
1422,img1422.jpg,dinner,warm_red,tidak,warm
1423,img1423.jpg,dinner,warm_red,tidak,warm
1424,img1424.jpg,dinner,warm_red,tidak,warm
1425,img1425.jpg,dinner,warm_red,tidak,warm
1426,img1426.jpg,dinner,warm_red,tidak,warm
1427,img1427.jpg,dinner,warm_red,ya,warm
1428,img1428.jpg,dinner,warm_red,ya,warm
1429,img1429.jpg,dinner,warm_red,ya,warm
1430,img1430.jpg,dinner,warm_red,tidak,warm
1431,img1431.jpg,dinner,warm_red,ya,warm
1432,img1432.jpg,dinner,warm_red,ya,warm
1433,img1433.jpg,dinner,warm_red,ya,warm
1434,img1434.jpg,dinner,warm_red,ya,warm
1435,img1435.jpg,dinner,warm_red,ya,warm
1436,img1436.jpg,dinner,warm_red,ya,warm
1437,img1437.jpg,dinner,warm_red,ya,warm
1438,img1438.jpg,dinner,warm_red,ya,warm
1439,img1439.jpg,dinner,warm_red,ya,warm
1440,img1440.jpg,dinner,warm_red,tidak,warm
1441,img1441.jpg,dinner,warm_red,tidak,warm
1442,img1442.jpg,dinner,warm_red,ya,warm
1443,img1443.jpg,dinner,warm_red,ya,warm
1444,img1444.jpg,dinner,warm_red,ya,warm
1445,img1445.jpg,dinner,warm_red,ya,warm
1446,img1446.jpg,dinner,warm_red,ya,warm
1447,img1447.jpg,dinner,warm_red,tidak,warm
1448,img1448.jpg,dinner,warm_red,ya,warm
1449,img1449.jpg,dinner,warm_red,ya,warm
1450,img1450.jpg,dinner,warm_red,tidak,warm
1451,img1451.jpg,dinner,warm_red,tidak,warm
1452,img1452.jpg,dinner,warm_red,ya,warm
1462,img1462.jpg,dinner,warm_red,tidak,warm
1463,img1463.jpg,gym_to_caffe,warm_red,ya,warm
1464,img1464.jpg,gym_to_caffe,warm_red,tidak,warm
1465,img1465.jpg,gym_to_caffe,warm_red,tidak,warm
1466,img1466.jpg,gym_to_caffe,warm_red,tidak,warm
1467,img1467.jpg,gym_to_caffe,warm_red,tidak,warm
1468,img1468.jpg,gym_to_caffe,warm_red,tidak,warm
1469,img1469.jpg,gym_to_caffe,warm_red,tidak,warm
1470,img1470.jpg,gym_to_caffe,warm_red,tidak,warm
1471,img1471.jpg,gym_to_caffe,warm_red,tidak,warm
1472,img1472.jpg,gym_to_caffe,warm_red,tidak,warm
1473,img1473.jpg,gym_to_caffe,warm_red,tidak,warm
1474,img1474.jpg,gym_to_caffe,warm_red,tidak,warm
1475,img1475.jpg,gym_to_caffe,warm_red,tidak,warm
1476,img1476.jpg,gym_to_caffe,warm_red,tidak,warm
1477,img1477.jpg,gym_to_caffe,warm_red,ya,warm
1478,img1478.jpg,gym_to_caffe,warm_red,ya,warm
1479,img1479.jpg,gym_to_caffe,warm_red,tidak,warm
1480,img1480.jpg,gym_to_caffe,warm_red,tidak,warm
1481,img1481.jpg,gym_to_caffe,warm_red,tidak,warm
1482,img1482.jpg,gym_to_caffe,warm_red,tidak,warm
1483,img1483.jpg,gym_to_caffe,warm_red,tidak,warm
1484,img1484.jpg,gym_to_caffe,warm_red,tidak,warm
1485,img1485.jpg,gym_to_caffe,warm_red,tidak,warm
1486,img1486.jpg,gym_to_caffe,warm_red,tidak,warm
1487,img1487.jpg,gym_to_caffe,warm_red,tidak,warm
1488,img1488.jpg,gym_to_caffe,warm_red,tidak,warm
1489,img1489.jpg,gym_to_caffe,warm_red,tidak,warm
1490,img1490.jpg,gym_to_caffe,warm_red,ya,warm
1491,img1491.jpg,gym_to_caffe,warm_red,tidak,warm
1492,img1492.jpg,gym_to_caffe,warm_red,tidak,warm
1493,img1493.jpg,gym_to_caffe,warm_red,ya,warm
1494,img1494.jpg,gym_to_caffe,warm_red,ya,warm
1495,img1495.jpg,gym_to_caffe,warm_red,tidak,warm
1496,img1496.jpg,gym_to_caffe,warm_red,tidak,warm
1497,img1497.jpg,gym_to_caffe,warm_red,ya,warm
1498,img1498.jpg,gym_to_caffe,warm_red,ya,warm
1499,img1499.jpg,gym_to_caffe,warm_red,ya,warm
1500,img1500.jpg,gym_to_caffe,warm_red,tidak,warm
1501,img1501.jpg,gym_to_caffe,warm_red,tidak,warm
1502,img1502.jpg,gym_to_caffe,warm_red,tidak,warm
1503,img1503.jpg,gym_to_caffe,warm_red,ya,warm
1504,img1504.jpg,gym_to_caffe,warm_red,tidak,warm
1505,img1505.jpg,gym_to_caffe,warm_red,tidak,warm
1506,img1506.jpg,gym_to_caffe,warm_red,tidak,warm
1507,img1507.jpg,gym_to_caffe,warm_red,tidak,warm
1508,img1508.jpg,gym_to_caffe,warm_red,tidak,warm
1509,img1509.jpg,gym_to_caffe,warm_red,tidak,warm
1510,img1510.jpg,gym_to_caffe,warm_red,tidak,warm
1511,img1511.jpg,gym_to_caffe,warm_red,tidak,warm
1512,img1512.jpg,gym_to_caffe,warm_red,tidak,warm
1513,img1513.jpg,gym_to_caffe,warm_red,tidak,warm
1514,img1514.jpg,gym_to_caffe,warm_red,tidak,warm
1515,img1515.jpg,gym_to_caffe,warm_red,tidak,warm
1516,img1516.jpg,gym_to_caffe,warm_red,tidak,warm
1517,img1517.jpg,gym_to_caffe,warm_red,tidak,warm
1518,img1518.jpg,gym_to_caffe,warm_red,ya,warm
1519,img1519.jpg,hiking,olive_green,ya,neutral
1539,img1539.jpg,hiking,olive_green,tidak,neutral
1540,img1540.jpg,hiking,olive_green,tidak,neutral
1541,img1541.jpg,hiking,olive_green,tidak,neutral
1542,img1542.jpg,hiking,olive_green,tidak,neutral
1543,img1543.jpg,hiking,olive_green,tidak,neutral
1544,img1544.jpg,hiking,olive_green,ya,neutral
1545,img1545.jpg,hiking,olive_green,tidak,neutral
1546,img1546.jpg,hiking,olive_green,tidak,neutral
1547,img1547.jpg,hiking,olive_green,tidak,neutral
1548,img1548.jpg,hiking,olive_green,tidak,neutral
1550,img1550.jpg,hiking,olive_green,ya,neutral
1551,img1551.jpg,hiking,olive_green,tidak,neutral
1552,img1552.jpg,hiking,olive_green,ya,neutral
1553,img1553.jpg,hiking,olive_green,tidak,neutral
1554,img1554.jpg,hiking,olive_green,tidak,neutral
1555,img1555.jpg,hiking,olive_green,ya,neutral
1556,img1556.jpg,hiking,olive_green,tidak,neutral
1557,img1557.jpg,hiking,olive_green,tidak,neutral
1558,img1558.jpg,hiking,olive_green,tidak,neutral
1559,img1559.jpg,hiking,olive_green,tidak,neutral
1560,img1560.jpg,hiking,olive_green,tidak,neutral
1561,img1561.jpg,hiking,olive_green,ya,neutral
1562,img1562.jpg,hiking,olive_green,tidak,neutral
1563,img1563.jpg,hiking,olive_green,tidak,neutral
1564,img1564.jpg,hiking,olive_green,tidak,neutral
1565,img1565.jpg,hiking,olive_green,tidak,neutral
1566,img1566.jpg,hiking,olive_green,tidak,neutral
1567,img1567.jpg,hiking,olive_green,tidak,neutral
1568,img1568.jpg,hiking,warm_red,tidak,warm
1569,img1569.jpg,hiking,warm_red,tidak,warm
1570,img1570.jpg,hiking,warm_red,tidak,warm
1571,img1571.jpg,hiking,warm_red,tidak,warm
1572,img1572.jpg,hiking,warm_red,tidak,warm
1573,img1573.jpg,hiking,warm_red,tidak,warm
1574,img1574.jpg,hiking,warm_red,tidak,warm
1575,img1575.jpg,hiking,warm_red,tidak,warm
1576,img1576.jpg,hiking,warm_red,ya,warm
1577,img1577.jpg,hiking,warm_red,tidak,warm
1578,img1578.jpg,hiking,warm_red,ya,warm
1579,img1579.jpg,hiking,warm_red,ya,warm
1580,img1580.jpg,hiking,warm_red,tidak,warm
1581,img1581.jpg,hiking,warm_red,tidak,warm
1582,img1582.jpg,hiking,warm_red,tidak,warm
1583,img1583.jpg,hiking,warm_red,tidak,warm
1584,img1584.jpg,hiking,warm_red,tidak,warm
1585,img1585.jpg,hiking,warm_red,tidak,warm
1586,img1586.jpg,hiking,warm_red,ya,warm
1587,img1587.jpg,hiking,warm_red,tidak,warm
1588,img1588.jpg,hiking,warm_red,ya,warm
1589,img1589.jpg,hiking,warm_red,tidak,warm
1590,img1590.jpg,hiking,warm_red,ya,warm
1591,img1591.jpg,hiking,warm_red,tidak,warm
1592,img1592.jpg,hiking,warm_red,tidak,warm
1593,img1593.jpg,hiking,warm_red,ya,warm
1594,img1594.jpg,hiking,warm_red,tidak,warm
1595,img1595.jpg,hiking,warm_red,ya,warm
1596,img1596.jpg,hiking,warm_red,ya,warm
1597,img1597.jpg,hiking,warm_red,ya,warm
1598,img1598.jpg,hiking,warm_red,tidak,warm
1599,img1599.jpg,hiking,warm_red,ya,warm
1600,img1600.jpg,hiking,warm_red,ya,warm
1601,img1601.jpg,hiking,warm_red,ya,warm
1602,img1602.jpg,hiking,warm_red,ya,warm
1603,img1603.jpg,hiking,warm_red,ya,warm
1604,img1604.jpg,hiking,warm_red,tidak,warm
1605,img1605.jpg,hiking,warm_red,ya,warm
1606,img1606.jpg,hiking,warm_red,ya,warm
1607,img1607.jpg,hiking,warm_red,ya,warm
1608,img1608.jpg,hiking,warm_red,tidak,warm
1609,img1609.jpg,hiking,warm_red,ya,warm
1610,img1610.jpg,hiking,warm_red,tidak,warm
1611,img1611.jpg,hiking,warm_red,tidak,warm
1612,img1612.jpg,hiking,warm_red,tidak,warm
1613,img1613.jpg,hiking,warm_red,ya,warm
1614,img1614.jpg,hiking,warm_red,ya,warm
1615,img1615.jpg,hiking,warm_red,tidak,warm
1616,img1616.jpg,hiking,warm_red,ya,warm
1617,img1617.jpg,hiking,warm_red,ya,warm
1618,img1618.jpg,hiking,warm_red,tidak,warm
1619,img1619.jpg,hiking,warm_red,tidak,warm
1620,img1620.jpg,hiking,warm_red,tidak,warm
1621,img1621.jpg,hiking,warm_red,tidak,warm
1622,img1622.jpg,hiking,warm_red,tidak,warm
1623,img1623.jpg,smart_casual,warm_red,tidak,warm
1624,img1624.jpg,smart_casual,warm_red,tidak,warm
1625,img1625.jpg,smart_casual,warm_red,tidak,warm
1626,img1626.jpg,smart_casual,warm_red,tidak,warm
1637,img1637.jpg,smart_casual,warm_red,tidak,warm
1638,img1638.jpg,smart_casual,warm_red,ya,warm
1639,img1639.jpg,smart_casual,warm_red,tidak,warm
1640,img1640.jpg,smart_casual,warm_red,ya,warm
1641,img1641.jpg,smart_casual,warm_red,ya,warm
1642,img1642.jpg,smart_casual,warm_red,tidak,warm
1643,img1643.jpg,smart_casual,warm_red,ya,warm
1644,img1644.jpg,smart_casual,warm_red,tidak,warm
1645,img1645.jpg,smart_casual,warm_red,ya,warm
1646,img1646.jpg,smart_casual,warm_red,ya,warm
1647,img1647.jpg,smart_casual,warm_red,ya,warm
1648,img1648.jpg,smart_casual,warm_red,tidak,warm
1649,img1649.jpg,smart_casual,warm_red,ya,warm
1650,img1650.jpg,smart_casual,warm_red,tidak,warm
1651,img1651.jpg,smart_casual,warm_red,tidak,warm
1652,img1652.jpg,smart_casual,warm_red,tidak,warm
1653,img1653.jpg,smart_casual,warm_red,tidak,warm
1654,img1654.jpg,smart_casual,warm_red,tidak,warm
1655,img1655.jpg,smart_casual,warm_red,ya,warm
1656,img1656.jpg,smart_casual,warm_red,tidak,warm
1657,img1657.jpg,smart_casual,warm_red,tidak,warm
1658,img1658.jpg,smart_casual,warm_red,tidak,warm
1659,img1659.jpg,smart_casual,warm_red,tidak,warm
1660,img1660.jpg,smart_casual,warm_red,tidak,warm
1661,img1661.jpg,smart_casual,warm_red,tidak,warm
1662,img1662.jpg,smart_casual,warm_red,tidak,warm
1663,img1663.jpg,smart_casual,warm_red,tidak,warm
1664,img1664.jpg,smart_casual,warm_red,ya,warm
1665,img1665.jpg,smart_casual,warm_red,tidak,warm
1666,img1666.jpg,coffee_shop_hopping,brown,ya,warm
1667,img1667.jpg,coffee_shop_hopping,brown,ya,warm
1668,img1668.jpg,coffee_shop_hopping,brown,ya,warm
1669,img1669.jpg,coffee_shop_hopping,brown,tidak,warm
1670,img1670.jpg,coffee_shop_hopping,brown,tidak,warm
1671,img1671.jpg,coffee_shop_hopping,brown,tidak,warm
1672,img1672.jpg,coffee_shop_hopping,brown,ya,warm
1673,img1673.jpg,coffee_shop_hopping,brown,ya,warm
1674,img1674.jpg,coffee_shop_hopping,brown,ya,warm
1675,img1675.jpg,coffee_shop_hopping,brown,ya,warm
1676,img1676.jpg,coffee_shop_hopping,brown,ya,warm
1677,img1677.jpg,coffee_shop_hopping,brown,ya,warm
1678,img1678.jpg,coffee_shop_hopping,brown,ya,warm
1679,img1679.jpg,coffee_shop_hopping,brown,ya,warm
1680,img1680.jpg,coffee_shop_hopping,brown,ya,warm
1681,img1681.jpg,coffee_shop_hopping,brown,tidak,warm
1682,img1682.jpg,coffee_shop_hopping,brown,tidak,warm
1683,img1683.jpg,coffee_shop_hopping,brown,tidak,warm
1684,img1684.jpg,coffee_shop_hopping,brown,ya,warm
1685,img1685.jpg,coffee_shop_hopping,brown,ya,warm
1686,img1686.jpg,coffee_shop_hopping,brown,tidak,warm
1687,img1687.jpg,coffee_shop_hopping,brown,ya,warm
1688,img1688.jpg,coffee_shop_hopping,brown,tidak,warm
1689,img1689.jpg,coffee_shop_hopping,brown,tidak,warm
1690,img1690.jpg,coffee_shop_hopping,brown,tidak,warm
1691,img1691.jpg,coffee_shop_hopping,brown,tidak,warm
1692,img1692.jpg,coffee_shop_hopping,brown,tidak,warm
1693,img1693.jpg,coffee_shop_hopping,brown,tidak,warm
1694,img1694.jpg,coffee_shop_hopping,brown,tidak,warm
1695,img1695.jpg,coffee_shop_hopping,brown,tidak,warm
1696,img1696.jpg,coffee_shop_hopping,brown,ya,warm
1697,img1697.jpg,coffee_shop_hopping,brown,ya,warm
1698,img1698.jpg,coffee_shop_hopping,brown,ya,warm
1699,img1699.jpg,coffee_shop_hopping,brown,tidak,warm
1700,img1700.jpg,coffee_shop_hopping,brown,tidak,warm
1701,img1701.jpg,coffee_shop_hopping,brown,tidak,warm
1702,img1702.jpg,coffee_shop_hopping,brown,ya,warm
1703,img1703.jpg,coffee_shop_hopping,brown,ya,warm
1704,img1704.jpg,coffee_shop_hopping,brown,ya,warm
1705,img1705.jpg,coffee_shop_hopping,brown,tidak,warm
1706,img1706.jpg,coffee_shop_hopping,brown,tidak,warm
1707,img1707.jpg,coffee_shop_hopping,brown,tidak,warm
1708,img1708.jpg,coffee_shop_hopping,brown,ya,warm
1709,img1709.jpg,coffee_shop_hopping,brown,ya,warm
1710,img1710.jpg,coffee_shop_hopping,brown,ya,warm
1711,img1711.jpg,coffee_shop_hopping,brown,tidak,warm
1712,img1712.jpg,coffee_shop_hopping,brown,tidak,warm
1713,img1713.jpg,coffee_shop_hopping,brown,tidak,warm
1714,img1714.jpg,coffee_shop_hopping,brown,tidak,warm
1715,img1715.jpg,dinner,cool_grey,ya,cool
1716,img1716.jpg,dinner,cool_grey,ya,cool
1717,img1717.jpg,dinner,cool_grey,ya,cool
1718,img1718.jpg,dinner,cool_grey,ya,cool
1719,img1719.jpg,dinner,cool_grey,tidak,cool
1720,img1720.jpg,dinner,cool_grey,tidak,cool
1721,img1721.jpg,dinner,cool_grey,tidak,cool
1722,img1722.jpg,dinner,cool_grey,tidak,cool
1723,img1723.jpg,dinner,cool_grey,tidak,cool
1724,img1724.jpg,dinner,cool_grey,tidak,cool
1725,img1725.jpg,dinner,cool_grey,tidak,cool
1726,img1726.jpg,dinner,cool_grey,tidak,cool
1727,img1727.jpg,dinner,cool_grey,tidak,cool
1728,img1728.jpg,dinner,cool_grey,ya,cool
1729,img1729.jpg,dinner,cool_grey,tidak,cool
1730,img1730.jpg,dinner,cool_grey,ya,cool
1731,img1731.jpg,dinner,cool_grey,ya,cool
1732,img1732.jpg,dinner,cool_grey,tidak,cool
1733,img1733.jpg,dinner,cool_grey,tidak,cool
1734,img1734.jpg,dinner,cool_grey,tidak,cool
1735,img1735.jpg,dinner,cool_grey,ya,cool
1736,img1736.jpg,dinner,cool_grey,tidak,cool
1737,img1737.jpg,dinner,cool_grey,tidak,cool
1738,img1738.jpg,dinner,cool_grey,tidak,cool
1739,img1739.jpg,dinner,cool_grey,tidak,cool
1740,img1740.jpg,dinner,cool_grey,tidak,cool
1741,img1741.jpg,dinner,cool_grey,tidak,cool
1742,img1742.jpg,dinner,cool_grey,ya,cool
1743,img1743.jpg,dinner,cool_grey,ya,cool
1744,img1744.jpg,dinner,cool_grey,tidak,cool
1745,img1745.jpg,dinner,cool_grey,ya,cool
1746,img1746.jpg,dinner,cool_grey,ya,cool
1747,img1747.jpg,dinner,cool_grey,ya,cool
1748,img1748.jpg,dinner,cool_grey,ya,cool
1749,img1749.jpg,dinner,cool_grey,tidak,cool
1750,img1750.jpg,dinner,cool_grey,tidak,cool
1751,img1751.jpg,dinner,cool_grey,tidak,cool
1752,img1752.jpg,dinner,cool_grey,tidak,cool
1753,img1753.jpg,dinner,cool_grey,tidak,cool
1754,img1754.jpg,dinner,cool_grey,ya,cool
1755,img1755.jpg,dinner,cool_grey,ya,cool
1756,img1756.jpg,dinner,cool_grey,ya,cool
1757,img1757.jpg,dinner,cool_grey,tidak,cool
1758,img1758.jpg,dinner,cool_grey,ya,cool
1759,img1759.jpg,dinner,cool_grey,tidak,cool
1760,img1760.jpg,dinner,cool_grey,ya,cool
1761,img1761.jpg,dinner,cool_grey,tidak,cool
1762,img1762.jpg,dinner,cool_grey,ya,cool
1763,img1763.jpg,dinner,cool_grey,tidak,cool
1764,img1764.jpg,dinner,cool_grey,tidak,cool
1765,img1765.jpg,dinner,cool_grey,tidak,cool
1766,img1766.jpg,dinner,cool_grey,ya,cool
1767,img1767.jpg,dinner,cool_grey,tidak,cool
1768,img1768.jpg,dinner,cool_grey,ya,cool
1769,img1769.jpg,dinner,cool_grey,tidak,cool
1770,img1770.jpg,dinner,cool_grey,ya,cool
1771,img1771.jpg,dinner,cool_grey,ya,cool
1772,img1772.jpg,dinner,cool_grey,tidak,cool
1773,img1773.jpg,dinner,cool_grey,ya,cool
1774,img1774.jpg,dinner,cool_grey,ya,cool
1775,img1775.jpg,dinner,cool_grey,tidak,cool
1776,img1776.jpg,dinner,cool_grey,tidak,cool
1777,img1777.jpg,dinner,cool_grey,tidak,cool
1778,img1778.jpg,dinner,cool_grey,tidak,cool
1779,img1779.jpg,dinner,cool_grey,tidak,cool
1780,img1780.jpg,dinner,cool_grey,ya,cool
1781,img1781.jpg,dinner,cool_grey,ya,cool
1782,img1782.jpg,coffee_shop_hopping,cool_grey,ya,cool
1783,img1783.jpg,coffee_shop_hopping,cool_grey,ya,cool
1784,img1784.jpg,coffee_shop_hopping,cool_grey,ya,cool
1785,img1785.jpg,coffee_shop_hopping,cool_grey,ya,cool
1786,img1786.jpg,coffee_shop_hopping,cool_grey,ya,cool
1787,img1787.jpg,coffee_shop_hopping,cool_grey,ya,cool
1788,img1788.jpg,coffee_shop_hopping,cool_grey,tidak,cool
1789,img1789.jpg,coffee_shop_hopping,cool_grey,ya,cool
1790,img1790.jpg,coffee_shop_hopping,cool_grey,tidak,cool
1791,img1791.jpg,coffee_shop_hopping,cool_grey,ya,cool
1792,img1792.jpg,coffee_shop_hopping,cool_grey,tidak,cool
1793,img1793.jpg,coffee_shop_hopping,cool_grey,ya,cool
1794,img1794.jpg,coffee_shop_hopping,cool_grey,tidak,cool
1795,img1795.jpg,coffee_shop_hopping,cool_grey,ya,cool
1796,img1796.jpg,coffee_shop_hopping,cool_grey,tidak,cool
1797,img1797.jpg,coffee_shop_hopping,cool_grey,ya,cool
1798,img1798.jpg,coffee_shop_hopping,cool_grey,tidak,cool
1799,img1799.jpg,coffee_shop_hopping,cool_grey,ya,cool
1800,img1800.jpg,coffee_shop_hopping,cool_grey,tidak,cool
1801,img1801.jpg,coffee_shop_hopping,cool_grey,ya,cool
1802,img1802.jpg,coffee_shop_hopping,cool_grey,ya,cool
1803,img1803.jpg,coffee_shop_hopping,cool_grey,ya,cool
1804,img1804.jpg,coffee_shop_hopping,cool_grey,tidak,cool
1805,img1805.jpg,coffee_shop_hopping,cool_grey,ya,cool
1806,img1806.jpg,coffee_shop_hopping,cool_grey,ya,cool
1807,img1807.jpg,coffee_shop_hopping,cool_grey,ya,cool
1808,img1808.jpg,coffee_shop_hopping,cool_grey,ya,cool
1809,img1809.jpg,coffee_shop_hopping,cool_grey,ya,cool
1810,img1810.jpg,coffee_shop_hopping,cool_grey,ya,cool
1811,img1811.jpg,coffee_shop_hopping,cool_grey,tidak,cool
1812,img1812.jpg,coffee_shop_hopping,cool_grey,tidak,cool
1813,img1813.jpg,coffee_shop_hopping,cool_grey,ya,cool
1814,img1814.jpg,coffee_shop_hopping,cool_grey,ya,cool
1815,img1815.jpg,coffee_shop_hopping,cool_grey,tidak,cool
1816,img1816.jpg,coffee_shop_hopping,cool_grey,tidak,cool
1817,img1817.jpg,coffee_shop_hopping,cool_grey,ya,cool
1818,img1818.jpg,coffee_shop_hopping,cool_grey,tidak,cool
1819,img1819.jpg,coffee_shop_hopping,cool_grey,tidak,cool
1820,img1820.jpg,coffee_shop_hopping,cool_grey,tidak,cool
1821,img1821.jpg,coffee_shop_hopping,cool_grey,ya,cool
1822,img1822.jpg,coffee_shop_hopping,cool_grey,ya,cool
1823,img1823.jpg,coffee_shop_hopping,cool_grey,ya,cool
1824,img1824.jpg,coffee_shop_hopping,cool_grey,ya,cool
1825,img1825.jpg,coffee_shop_hopping,cool_grey,ya,cool
1826,img1826.jpg,coffee_shop_hopping,cool_grey,ya,cool
1827,img1827.jpg,coffee_shop_hopping,cool_grey,ya,cool
1828,img1828.jpg,coffee_shop_hopping,cool_grey,ya,cool
1829,img1829.jpg,coffee_shop_hopping,cool_grey,ya,cool
1830,img1830.jpg,coffee_shop_hopping,cool_grey,tidak,cool
1831,img1831.jpg,coffee_shop_hopping,cool_grey,ya,cool
1832,img1832.jpg,coffee_shop_hopping,cool_grey,tidak,cool
1833,img1833.jpg,coffee_shop_hopping,cool_grey,ya,cool
1834,img1834.jpg,coffee_shop_hopping,cool_grey,ya,cool
1835,img1835.jpg,coffee_shop_hopping,cool_grey,ya,cool
1836,img1836.jpg,coffee_shop_hopping,cool_grey,ya,cool
1837,img1837.jpg,coffee_shop_hopping,cool_grey,ya,cool
1838,img1838.jpg,coffee_shop_hopping,cool_grey,tidak,cool
1839,img1839.jpg,coffee_shop_hopping,cool_grey,ya,cool
1840,img1840.jpg,coffee_shop_hopping,cool_grey,ya,cool
1841,img1841.jpg,coffee_shop_hopping,cool_grey,ya,cool
1842,img1842.jpg,coffee_shop_hopping,cool_grey,tidak,cool
1843,img1843.jpg,coffee_shop_hopping,cool_grey,ya,cool
1844,img1844.jpg,coffee_shop_hopping,cool_grey,tidak,cool
1845,img1845.jpg,coffee_shop_hopping,cool_grey,tidak,cool
1846,img1846.jpg,coffee_shop_hopping,cool_grey,tidak,cool
1847,img1847.jpg,coffee_shop_hopping,cool_grey,tidak,cool
1848,img1848.jpg,coffee_shop_hopping,cool_grey,tidak,cool
1849,img1849.jpg,coffee_shop_hopping,cool_grey,tidak,cool
1850,img1850.jpg,coffee_shop_hopping,cool_grey,tidak,cool
1851,img1851.jpg,coffee_shop_hopping,cool_grey,tidak,cool
1852,img1852.jpg,coffee_shop_hopping,cool_grey,tidak,cool
1853,img1853.jpg,coffee_shop_hopping,cool_grey,tidak,cool
1854,img1854.jpg,coffee_shop_hopping,cool_grey,tidak,cool
1855,img1855.jpg,coffee_shop_hopping,cool_grey,tidak,cool
1856,img1856.jpg,coffee_shop_hopping,cool_grey,tidak,cool
1857,img1857.jpg,coffee_shop_hopping,cool_grey,tidak,cool
1858,img1858.jpg,coffee_shop_hopping,cool_grey,tidak,cool
1859,img1859.jpg,coffee_shop_hopping,cool_grey,tidak,cool
1860,img1860.jpg,gym_to_caffe,cool_grey,tidak,cool
1861,img1861.jpg,gym_to_caffe,cool_grey,ya,cool
1862,img1862.jpg,gym_to_caffe,cool_grey,tidak,cool
1863,img1863.jpg,gym_to_caffe,cool_grey,tidak,cool
1864,img1864.jpg,gym_to_caffe,cool_grey,ya,cool
1865,img1865.jpg,gym_to_caffe,cool_grey,tidak,cool
1866,img1866.jpg,gym_to_caffe,cool_grey,tidak,cool
1867,img1867.jpg,gym_to_caffe,cool_grey,tidak,cool
1868,img1868.jpg,gym_to_caffe,cool_grey,tidak,cool
1869,img1869.jpg,gym_to_caffe,cool_grey,tidak,cool
1870,img1870.jpg,gym_to_caffe,cool_grey,tidak,cool
1871,img1871.jpg,gym_to_caffe,cool_grey,tidak,cool
1872,img1872.jpg,gym_to_caffe,cool_grey,tidak,cool
1873,img1873.jpg,gym_to_caffe,cool_grey,tidak,cool
1874,img1874.jpg,gym_to_caffe,cool_grey,tidak,cool
1875,img1875.jpg,gym_to_caffe,cool_grey,tidak,cool
1876,img1876.jpg,gym_to_caffe,cool_grey,tidak,cool
1877,img1877.jpg,gym_to_caffe,cool_grey,tidak,cool
1878,img1878.jpg,gym_to_caffe,cool_grey,tidak,cool
1879,img1879.jpg,gym_to_caffe,cool_grey,tidak,cool
1880,img1880.jpg,gym_to_caffe,cool_grey,tidak,cool
1881,img1881.jpg,gym_to_caffe,cool_grey,tidak,cool
1882,img1882.jpg,gym_to_caffe,cool_grey,tidak,cool
1883,img1883.jpg,gym_to_caffe,cool_grey,tidak,cool
1884,img1884.jpg,gym_to_caffe,cool_grey,ya,cool
1885,img1885.jpg,gym_to_caffe,cool_grey,tidak,cool
1886,img1886.jpg,gym_to_caffe,cool_grey,tidak,cool
1887,img1887.jpg,gym_to_caffe,cool_grey,tidak,cool
1888,img1888.jpg,gym_to_caffe,cool_grey,tidak,cool
1889,img1889.jpg,gym_to_caffe,cool_grey,tidak,cool
1890,img1890.jpg,gym_to_caffe,cool_grey,tidak,cool
1891,img1891.jpg,gym_to_caffe,cool_grey,ya,cool
1892,img1892.jpg,gym_to_caffe,cool_grey,ya,cool
1893,img1893.jpg,gym_to_caffe,cool_grey,ya,cool
1894,img1894.jpg,gym_to_caffe,cool_grey,tidak,cool
1895,img1895.jpg,gym_to_caffe,cool_grey,ya,cool
1896,img1896.jpg,gym_to_caffe,cool_grey,tidak,cool
1897,img1897.jpg,gym_to_caffe,cool_grey,tidak,cool
1898,img1898.jpg,gym_to_caffe,cool_grey,tidak,cool
1899,img1899.jpg,gym_to_caffe,cool_grey,tidak,cool
1900,img1900.jpg,gym_to_caffe,cool_grey,ya,cool
1901,img1901.jpg,gym_to_caffe,cool_grey,ya,cool
1902,img1902.jpg,gym_to_caffe,cool_grey,ya,cool
1903,img1903.jpg,gym_to_caffe,cool_grey,tidak,cool
1904,img1904.jpg,gym_to_caffe,cool_grey,tidak,cool
1905,img1905.jpg,gym_to_caffe,cool_grey,tidak,cool
1906,img1906.jpg,gym_to_caffe,cool_grey,tidak,cool
1907,img1907.jpg,gym_to_caffe,cool_grey,ya,cool
1908,img1908.jpg,gym_to_caffe,cool_grey,tidak,cool
1909,img1909.jpg,gym_to_caffe,cool_grey,ya,cool
1910,img1910.jpg,gym_to_caffe,cool_grey,tidak,cool
1911,img1911.jpg,gym_to_caffe,cool_grey,tidak,cool
1912,img1912.jpg,gym_to_caffe,cool_grey,ya,cool
1913,img1913.jpg,gym_to_caffe,cool_grey,ya,cool
1914,img1914.jpg,gym_to_caffe,cool_grey,tidak,cool
1915,img1915.jpg,gym_to_caffe,cool_grey,tidak,cool
1916,img1916.jpg,gym_to_caffe,cool_grey,tidak,cool
1917,img1917.jpg,gym_to_caffe,cool_grey,tidak,cool
1918,img1918.jpg,gym_to_caffe,cool_grey,tidak,cool
1919,img1919.jpg,gym_to_caffe,cool_grey,ya,cool
1920,img1920.jpg,gym_to_caffe,cool_grey,tidak,cool
1921,img1921.jpg,gym_to_caffe,cool_grey,tidak,cool
1922,img1922.jpg,gym_to_caffe,cool_grey,tidak,cool
1923,img1923.jpg,gym_to_caffe,cool_grey,tidak,cool
1924,img1924.jpg,gym_to_caffe,cool_grey,ya,cool
1925,img1925.jpg,gym_to_caffe,cool_grey,tidak,cool
1926,img1926.jpg,gym_to_caffe,cool_grey,tidak,cool
1927,img1927.jpg,gym_to_caffe,cool_grey,tidak,cool
1928,img1928.jpg,gym_to_caffe,cool_grey,tidak,cool
1929,img1929.jpg,gym_to_caffe,cool_grey,tidak,cool
1930,img1930.jpg,gym_to_caffe,cool_grey,tidak,cool
1931,img1931.jpg,gym_to_caffe,cool_grey,tidak,cool
1932,img1932.jpg,gym_to_caffe,cool_grey,tidak,cool
1933,img1933.jpg,gym_to_caffe,cool_grey,tidak,cool
1934,img1934.jpg,gym_to_caffe,cool_grey,tidak,cool
1935,img1935.jpg,gym_to_caffe,cool_grey,tidak,cool
1936,img1936.jpg,gym_to_caffe,cool_grey,tidak,cool
1937,img1937.jpg,gym_to_caffe,cool_grey,tidak,cool
1938,img1938.jpg,gym_to_caffe,cool_grey,tidak,cool
1939,img1939.jpg,gym_to_caffe,cool_grey,tidak,cool
1940,img1940.jpg,gym_to_caffe,cool_grey,ya,cool
1941,img1941.jpg,gym_to_caffe,cool_grey,tidak,cool
1942,img1942.jpg,gym_to_caffe,cool_grey,ya,cool
1943,img1943.jpg,gym_to_caffe,cool_grey,ya,cool
1944,img1944.jpg,gym_to_caffe,cool_grey,ya,cool
1945,img1945.jpg,gym_to_caffe,cool_grey,ya,cool
1946,img1946.jpg,gym_to_caffe,cool_grey,tidak,cool
1947,img1947.jpg,gym_to_caffe,cool_grey,tidak,cool
1948,img1948.jpg,gym_to_caffe,cool_grey,ya,cool
1949,img1949.jpg,gym_to_caffe,cool_grey,tidak,cool
1951,img1951.jpg,gym_to_caffe,cool_grey,tidak,cool
1952,img1952.jpg,gym_to_caffe,cool_grey,tidak,cool
1953,img1953.jpg,gym_to_caffe,cool_grey,ya,cool
1954,img1954.jpg,gym_to_caffe,cool_grey,tidak,cool
1955,img1955.jpg,gym_to_caffe,cool_grey,ya,cool
1956,img1956.jpg,gym_to_caffe,cool_grey,ya,cool
1957,img1957.jpg,gym_to_caffe,cool_grey,ya,cool
1958,img1958.jpg,gym_to_caffe,cool_grey,ya,cool
1959,img1959.jpg,gym_to_caffe,cool_grey,tidak,cool
1960,img1960.jpg,gym_to_caffe,cool_grey,tidak,cool
1961,img1961.jpg,gym_to_caffe,cool_grey,tidak,cool
1962,img1962.jpg,gym_to_caffe,cool_grey,tidak,cool
1964,img1964.jpg,hiking,cool_grey,ya,cool
1965,img1965.jpg,hiking,cool_grey,ya,cool
1966,img1966.jpg,hiking,cool_grey,ya,cool
1967,img1967.jpg,hiking,cool_grey,tidak,cool
1968,img1968.jpg,hiking,cool_grey,tidak,cool
1969,img1969.jpg,hiking,cool_grey,tidak,cool
1970,img1970.jpg,hiking,cool_grey,tidak,cool
1971,img1971.jpg,hiking,cool_grey,tidak,cool
1972,img1972.jpg,hiking,cool_grey,tidak,cool
1973,img1973.jpg,hiking,cool_grey,tidak,cool
1974,img1974.jpg,hiking,cool_grey,tidak,cool
1975,img1975.jpg,hiking,cool_grey,ya,cool
1976,img1976.jpg,hiking,cool_grey,ya,cool
1977,img1977.jpg,hiking,cool_grey,ya,cool
1978,img1978.jpg,hiking,cool_grey,tidak,cool
1979,img1979.jpg,hiking,cool_grey,ya,cool
1980,img1980.jpg,hiking,cool_grey,ya,cool
1981,img1981.jpg,hiking,cool_grey,ya,cool
1982,img1982.jpg,hiking,cool_grey,tidak,cool
1983,img1983.jpg,hiking,cool_grey,tidak,cool
1984,img1984.jpg,hiking,cool_grey,ya,cool
1985,img1985.jpg,hiking,cool_grey,tidak,cool
1986,img1986.jpg,hiking,cool_grey,ya,cool
1987,img1987.jpg,hiking,cool_grey,tidak,cool
1988,img1988.jpg,hiking,cool_grey,ya,cool
1989,img1989.jpg,hiking,cool_grey,ya,cool
1990,img1990.jpg,hiking,cool_grey,tidak,cool
1991,img1991.jpg,hiking,cool_grey,tidak,cool
1992,img1992.jpg,hiking,cool_grey,ya,cool
1993,img1993.jpg,hiking,cool_grey,ya,cool
1994,img1994.jpg,hiking,cool_grey,tidak,cool
1995,img1995.jpg,hiking,cool_grey,ya,cool
1996,img1996.jpg,hiking,cool_grey,tidak,cool
1997,img1997.jpg,hiking,cool_grey,tidak,cool
1998,img1998.jpg,hiking,cool_grey,tidak,cool
1999,img1999.jpg,hiking,cool_grey,ya,cool
2000,img2000.jpg,hiking,cool_grey,tidak,cool
2001,img2001.jpg,hiking,cool_grey,tidak,cool
2002,img2002.jpg,hiking,cool_grey,tidak,cool
2003,img2003.jpg,hiking,cool_grey,tidak,cool
2004,img2004.jpg,hiking,cool_grey,tidak,cool
2005,img2005.jpg,hiking,cool_grey,tidak,cool
2006,img2006.jpg,hiking,cool_grey,ya,cool
2007,img2007.jpg,hiking,cool_grey,ya,cool
2008,img2008.jpg,hiking,cool_grey,tidak,cool
2009,img2009.jpg,hiking,cool_grey,tidak,cool
2010,img2010.jpg,hiking,cool_grey,ya,cool
2011,img2011.jpg,smart_casual,cool_grey,tidak,cool
2012,img2012.jpg,smart_casual,cool_grey,tidak,cool
2013,img2013.jpg,smart_casual,cool_grey,tidak,cool
2014,img2014.jpg,smart_casual,cool_grey,tidak,cool
2015,img2015.jpg,smart_casual,cool_grey,tidak,cool
2016,img2016.jpg,smart_casual,cool_grey,tidak,cool
2017,img2017.jpg,smart_casual,cool_grey,tidak,cool
2018,img2018.jpg,smart_casual,cool_grey,tidak,cool
2019,img2019.jpg,smart_casual,cool_grey,tidak,cool
2020,img2020.jpg,smart_casual,cool_grey,tidak,cool
2021,img2021.jpg,smart_casual,cool_grey,tidak,cool
2022,img2022.jpg,smart_casual,cool_grey,ya,cool
2023,img2023.jpg,smart_casual,cool_grey,tidak,cool
2024,img2024.jpg,smart_casual,cool_grey,ya,cool
2025,img2025.jpg,smart_casual,cool_grey,ya,cool
2026,img2026.jpg,smart_casual,cool_grey,ya,cool
2027,img2027.jpg,smart_casual,cool_grey,ya,cool
2028,img2028.jpg,smart_casual,cool_grey,tidak,cool
2029,img2029.jpg,smart_casual,cool_grey,ya,cool
2030,img2030.jpg,smart_casual,cool_grey,tidak,cool
2031,img2031.jpg,smart_casual,cool_grey,ya,cool
2032,img2032.jpg,smart_casual,cool_grey,tidak,cool
2033,img2033.jpg,smart_casual,cool_grey,ya,cool
2034,img2034.jpg,smart_casual,cool_grey,ya,cool
2035,img2035.jpg,smart_casual,cool_grey,tidak,cool
2036,img2036.jpg,smart_casual,cool_grey,ya,cool
2037,img2037.jpg,smart_casual,cool_grey,ya,cool
2038,img2038.jpg,smart_casual,cool_grey,ya,cool
2039,img2039.jpg,smart_casual,cool_grey,tidak,cool
2040,img2040.jpg,smart_casual,cool_grey,tidak,cool
2041,img2041.jpg,smart_casual,cool_grey,tidak,cool
2042,img2042.jpg,smart_casual,cool_grey,ya,cool
2043,img2043.jpg,smart_casual,cool_grey,tidak,cool
2044,img2044.jpg,smart_casual,cool_grey,tidak,cool
2045,img2045.jpg,smart_casual,cool_grey,tidak,cool
2046,img2046.jpg,smart_casual,cool_grey,ya,cool
2047,img2047.jpg,smart_casual,cool_grey,tidak,cool
2048,img2048.jpg,smart_casual,cool_grey,tidak,cool
2049,img2049.jpg,smart_casual,cool_grey,tidak,cool
2050,img2050.jpg,smart_casual,cool_grey,tidak,cool
2051,img2051.jpg,smart_casual,cool_grey,tidak,cool
2052,img2052.jpg,smart_casual,cool_grey,tidak,cool
2053,img2053.jpg,smart_casual,cool_grey,ya,cool
2054,img2054.jpg,smart_casual,cool_grey,tidak,cool
2055,img2055.jpg,smart_casual,cool_grey,tidak,cool
2056,img2056.jpg,smart_casual,cool_grey,tidak,cool
2057,img2057.jpg,smart_casual,cool_grey,tidak,cool
2058,img2058.jpg,smart_casual,cool_grey,tidak,cool
2059,img2059.jpg,smart_casual,cool_grey,ya,cool
2060,img2060.jpg,smart_casual,cool_grey,ya,cool
2061,img2061.jpg,coffee_shop_hopping,dusty_pink,tidak,cool
2062,img2062.jpg,coffee_shop_hopping,dusty_pink,ya,cool
2063,img2063.jpg,coffee_shop_hopping,dusty_pink,tidak,cool
2064,img2064.jpg,coffee_shop_hopping,dusty_pink,ya,cool
2065,img2065.jpg,coffee_shop_hopping,dusty_pink,ya,cool
2066,img2066.jpg,coffee_shop_hopping,dusty_pink,ya,cool
2067,img2067.jpg,coffee_shop_hopping,dusty_pink,ya,cool
2068,img2068.jpg,coffee_shop_hopping,dusty_pink,ya,cool
2069,img2069.jpg,coffee_shop_hopping,dusty_pink,tidak,cool
2070,img2070.jpg,coffee_shop_hopping,dusty_pink,ya,cool
2071,img2071.jpg,coffee_shop_hopping,dusty_pink,tidak,cool
2072,img2072.jpg,coffee_shop_hopping,dusty_pink,tidak,cool
2073,img2073.jpg,coffee_shop_hopping,dusty_pink,tidak,cool
2074,img2074.jpg,coffee_shop_hopping,dusty_pink,tidak,cool
2075,img2075.jpg,coffee_shop_hopping,dusty_pink,tidak,cool
2076,img2076.jpg,coffee_shop_hopping,dusty_pink,ya,cool
2077,img2077.jpg,coffee_shop_hopping,dusty_pink,tidak,cool
2078,img2078.jpg,coffee_shop_hopping,dusty_pink,tidak,cool
2079,img2079.jpg,coffee_shop_hopping,dusty_pink,ya,cool
2080,img2080.jpg,coffee_shop_hopping,dusty_pink,ya,cool
2081,img2081.jpg,coffee_shop_hopping,dusty_pink,tidak,cool
2082,img2082.jpg,coffee_shop_hopping,dusty_pink,ya,cool
2083,img2083.jpg,coffee_shop_hopping,dusty_pink,tidak,cool
2084,img2084.jpg,coffee_shop_hopping,dusty_pink,ya,cool
2085,img2085.jpg,coffee_shop_hopping,dusty_pink,ya,cool
2086,img2086.jpg,coffee_shop_hopping,dusty_pink,ya,cool
2087,img2087.jpg,coffee_shop_hopping,dusty_pink,ya,cool
2088,img2088.jpg,coffee_shop_hopping,dusty_pink,ya,cool
2089,img2089.jpg,coffee_shop_hopping,dusty_pink,tidak,cool
2090,img2090.jpg,coffee_shop_hopping,dusty_pink,tidak,cool
2091,img2091.jpg,coffee_shop_hopping,dusty_pink,tidak,cool
2092,img2092.jpg,coffee_shop_hopping,dusty_pink,tidak,cool
2093,img2093.jpg,coffee_shop_hopping,dusty_pink,ya,cool
2094,img2094.jpg,coffee_shop_hopping,dusty_pink,ya,cool
2095,img2095.jpg,coffee_shop_hopping,dusty_pink,tidak,cool
2096,img2096.jpg,coffee_shop_hopping,dusty_pink,tidak,cool
2097,img2097.jpg,coffee_shop_hopping,dusty_pink,tidak,cool
2098,img2098.jpg,coffee_shop_hopping,dusty_pink,tidak,cool
2099,img2099.jpg,coffee_shop_hopping,dusty_pink,tidak,cool
2100,img2100.jpg,coffee_shop_hopping,dusty_pink,ya,cool
2101,img2101.jpg,coffee_shop_hopping,dusty_pink,ya,cool
2102,img2102.jpg,coffee_shop_hopping,dusty_pink,ya,cool
2103,img2103.jpg,coffee_shop_hopping,dusty_pink,ya,cool
2104,img2104.jpg,coffee_shop_hopping,dusty_pink,tidak,cool
2105,img2105.jpg,coffee_shop_hopping,dusty_pink,tidak,cool
2106,img2106.jpg,coffee_shop_hopping,dusty_pink,tidak,cool
2107,img2107.jpg,coffee_shop_hopping,dusty_pink,tidak,cool
2108,img2108.jpg,coffee_shop_hopping,dusty_pink,tidak,cool
2109,img2109.jpg,coffee_shop_hopping,dusty_pink,tidak,cool
2111,img2111.jpg,coffee_shop_hopping,dusty_pink,tidak,cool
2112,img2112.jpg,coffee_shop_hopping,dusty_pink,tidak,cool
2113,img2113.jpg,coffee_shop_hopping,dusty_pink,tidak,cool
2114,img2114.jpg,coffee_shop_hopping,dusty_pink,tidak,cool
2115,img2115.jpg,coffee_shop_hopping,dusty_pink,tidak,cool
2116,img2116.jpg,coffee_shop_hopping,dusty_pink,tidak,cool
2117,img2117.jpg,coffee_shop_hopping,dusty_pink,tidak,cool
2118,img2118.jpg,coffee_shop_hopping,dusty_pink,tidak,cool
2119,img2119.jpg,coffee_shop_hopping,dusty_pink,tidak,cool
2120,img2120.jpg,coffee_shop_hopping,dusty_pink,tidak,cool
2121,img2121.jpg,coffee_shop_hopping,dusty_pink,ya,cool
2122,img2122.jpg,coffee_shop_hopping,dusty_pink,tidak,cool
2123,img2123.jpg,coffee_shop_hopping,dusty_pink,tidak,cool
2124,img2124.jpg,coffee_shop_hopping,dusty_pink,ya,cool
2125,img2125.jpg,coffee_shop_hopping,dusty_pink,tidak,cool
2126,img2126.jpg,coffee_shop_hopping,dusty_pink,tidak,cool
2127,img2127.jpg,coffee_shop_hopping,dusty_pink,tidak,cool
2128,img2128.jpg,coffee_shop_hopping,dusty_pink,ya,cool
2129,img2129.jpg,coffee_shop_hopping,dusty_pink,tidak,cool
2130,img2130.jpg,coffee_shop_hopping,dusty_pink,tidak,cool
2131,img2131.jpg,coffee_shop_hopping,dusty_pink,tidak,cool
2132,img2132.jpg,coffee_shop_hopping,dusty_pink,tidak,cool
2133,img2133.jpg,coffee_shop_hopping,dusty_pink,tidak,cool
2134,img2134.jpg,coffee_shop_hopping,dusty_pink,tidak,cool
2135,img2135.jpg,coffee_shop_hopping,dusty_pink,ya,cool
2136,img2136.jpg,coffee_shop_hopping,dusty_pink,tidak,cool
2137,img2137.jpg,coffee_shop_hopping,dusty_pink,tidak,cool
2138,img2138.jpg,coffee_shop_hopping,dusty_pink,ya,cool
2139,img2139.jpg,dinner,dusty_pink,tidak,cool
2140,img2140.jpg,dinner,dusty_pink,ya,cool
2141,img2141.jpg,dinner,dusty_pink,tidak,cool
2142,img2142.jpg,dinner,dusty_pink,tidak,cool
2143,img2143.jpg,dinner,dusty_pink,ya,cool
2144,img2144.jpg,dinner,dusty_pink,tidak,cool
2145,img2145.jpg,dinner,dusty_pink,tidak,cool
2146,img2146.jpg,dinner,dusty_pink,ya,cool
2147,img2147.jpg,dinner,dusty_pink,ya,cool
2148,img2148.jpg,dinner,dusty_pink,ya,cool
2149,img2149.jpg,dinner,dusty_pink,ya,cool
2150,img2150.jpg,dinner,dusty_pink,tidak,cool
2151,img2151.jpg,dinner,dusty_pink,ya,cool
2152,img2152.jpg,dinner,dusty_pink,tidak,cool
2153,img2153.jpg,dinner,dusty_pink,tidak,cool
2154,img2154.jpg,dinner,dusty_pink,tidak,cool
2155,img2155.jpg,dinner,dusty_pink,tidak,cool
2156,img2156.jpg,dinner,dusty_pink,ya,cool
2157,img2157.jpg,dinner,dusty_pink,ya,cool
2158,img2158.jpg,dinner,dusty_pink,tidak,cool
2159,img2159.jpg,dinner,dusty_pink,tidak,cool
2160,img2160.jpg,dinner,dusty_pink,tidak,cool
2161,img2161.jpg,dinner,dusty_pink,tidak,cool
2162,img2162.jpg,dinner,dusty_pink,tidak,cool
2163,img2163.jpg,dinner,dusty_pink,tidak,cool
2164,img2164.jpg,dinner,dusty_pink,tidak,cool
2165,img2165.jpg,dinner,dusty_pink,tidak,cool
2166,img2166.jpg,dinner,dusty_pink,ya,cool
2167,img2167.jpg,dinner,dusty_pink,tidak,cool
2168,img2168.jpg,dinner,dusty_pink,ya,cool
2169,img2169.jpg,dinner,dusty_pink,ya,cool
2170,img2170.jpg,dinner,dusty_pink,tidak,cool
2171,img2171.jpg,dinner,dusty_pink,ya,cool
2172,img2172.jpg,dinner,dusty_pink,ya,cool
2173,img2173.jpg,dinner,dusty_pink,ya,cool
2174,img2174.jpg,dinner,dusty_pink,ya,cool
2175,img2175.jpg,dinner,dusty_pink,ya,cool
2176,img2176.jpg,dinner,dusty_pink,tidak,cool
2177,img2177.jpg,dinner,dusty_pink,tidak,cool
2178,img2178.jpg,dinner,dusty_pink,ya,cool
2179,img2179.jpg,dinner,dusty_pink,ya,cool
2180,img2180.jpg,dinner,dusty_pink,ya,cool
2181,img2181.jpg,dinner,dusty_pink,ya,cool
2182,img2182.jpg,dinner,dusty_pink,ya,cool
2183,img2183.jpg,dinner,dusty_pink,tidak,cool
2184,img2184.jpg,dinner,dusty_pink,tidak,cool
2185,img2185.jpg,dinner,dusty_pink,tidak,cool
2186,img2186.jpg,dinner,dusty_pink,tidak,cool
2187,img2187.jpg,dinner,dusty_pink,ya,cool
2188,img2188.jpg,dinner,dusty_pink,tidak,cool
2189,img2189.jpg,gym_to_caffe,dusty_pink,tidak,cool
2190,img2190.jpg,gym_to_caffe,dusty_pink,tidak,cool
2191,img2191.jpg,gym_to_caffe,dusty_pink,tidak,cool
2192,img2192.jpg,gym_to_caffe,dusty_pink,tidak,cool
2193,img2193.jpg,gym_to_caffe,dusty_pink,tidak,cool
2194,img2194.jpg,gym_to_caffe,dusty_pink,tidak,cool
2195,img2195.jpg,gym_to_caffe,dusty_pink,tidak,cool
2196,img2196.jpg,gym_to_caffe,dusty_pink,tidak,cool
2197,img2197.jpg,gym_to_caffe,dusty_pink,tidak,cool
2198,img2198.jpg,gym_to_caffe,dusty_pink,tidak,cool
2199,img2199.jpg,gym_to_caffe,dusty_pink,tidak,cool
2200,img2200.jpg,gym_to_caffe,dusty_pink,tidak,cool
2201,img2201.jpg,gym_to_caffe,dusty_pink,tidak,cool
2202,img2202.jpg,gym_to_caffe,dusty_pink,ya,cool
2203,img2203.jpg,gym_to_caffe,dusty_pink,tidak,cool
2204,img2204.jpg,gym_to_caffe,dusty_pink,tidak,cool
2205,img2205.jpg,gym_to_caffe,dusty_pink,ya,cool
2206,img2206.jpg,gym_to_caffe,dusty_pink,tidak,cool
2207,img2207.jpg,gym_to_caffe,dusty_pink,tidak,cool
2208,img2208.jpg,gym_to_caffe,dusty_pink,ya,cool
2209,img2209.jpg,gym_to_caffe,dusty_pink,tidak,cool
2210,img2210.jpg,gym_to_caffe,dusty_pink,ya,cool
2211,img2211.jpg,gym_to_caffe,dusty_pink,ya,cool
2212,img2212.jpg,gym_to_caffe,dusty_pink,ya,cool
2213,img2213.jpg,gym_to_caffe,dusty_pink,ya,cool
2214,img2214.jpg,gym_to_caffe,dusty_pink,ya,cool
2215,img2215.jpg,gym_to_caffe,dusty_pink,ya,cool
2216,img2216.jpg,gym_to_caffe,dusty_pink,tidak,cool
2217,img2217.jpg,gym_to_caffe,dusty_pink,tidak,cool
2218,img2218.jpg,gym_to_caffe,dusty_pink,tidak,cool
2219,img2219.jpg,gym_to_caffe,dusty_pink,tidak,cool
2220,img2220.jpg,gym_to_caffe,dusty_pink,tidak,cool
2221,img2221.jpg,gym_to_caffe,dusty_pink,tidak,cool
2222,img2222.jpg,gym_to_caffe,dusty_pink,tidak,cool
2223,img2223.jpg,gym_to_caffe,dusty_pink,tidak,cool
2224,img2224.jpg,gym_to_caffe,dusty_pink,ya,cool
2225,img2225.jpg,gym_to_caffe,dusty_pink,ya,cool
2226,img2226.jpg,gym_to_caffe,dusty_pink,ya,cool
2227,img2227.jpg,gym_to_caffe,dusty_pink,tidak,cool
2228,img2228.jpg,gym_to_caffe,dusty_pink,ya,cool
2229,img2229.jpg,gym_to_caffe,dusty_pink,ya,cool
2230,img2230.jpg,gym_to_caffe,dusty_pink,ya,cool
2231,img2231.jpg,gym_to_caffe,dusty_pink,tidak,cool
2232,img2232.jpg,gym_to_caffe,dusty_pink,tidak,cool
2233,img2233.jpg,gym_to_caffe,dusty_pink,tidak,cool
2234,img2234.jpg,gym_to_caffe,dusty_pink,tidak,cool
2235,img2235.jpg,gym_to_caffe,dusty_pink,tidak,cool
2236,img2236.jpg,gym_to_caffe,dusty_pink,tidak,cool
2237,img2237.jpg,gym_to_caffe,dusty_pink,tidak,cool
2238,img2238.jpg,gym_to_caffe,dusty_pink,tidak,cool
2239,img2239.jpg,gym_to_caffe,dusty_pink,ya,cool
2240,img2240.jpg,gym_to_caffe,dusty_pink,tidak,cool
2241,img2241.jpg,gym_to_caffe,dusty_pink,tidak,cool
2242,img2242.jpg,gym_to_caffe,dusty_pink,ya,cool
2243,img2243.jpg,gym_to_caffe,dusty_pink,tidak,cool
2244,img2244.jpg,gym_to_caffe,dusty_pink,ya,cool
2245,img2245.jpg,gym_to_caffe,dusty_pink,tidak,cool
2246,img2246.jpg,gym_to_caffe,dusty_pink,tidak,cool
2247,img2247.jpg,gym_to_caffe,dusty_pink,ya,cool
2248,img2248.jpg,gym_to_caffe,dusty_pink,tidak,cool
2249,img2249.jpg,hiking,dusty_pink,tidak,cool
2250,img2250.jpg,hiking,dusty_pink,tidak,cool
2251,img2251.jpg,hiking,dusty_pink,tidak,cool
2252,img2252.jpg,hiking,dusty_pink,tidak,cool
2253,img2253.jpg,hiking,dusty_pink,ya,cool
2254,img2254.jpg,hiking,dusty_pink,ya,cool
2255,img2255.jpg,hiking,dusty_pink,ya,cool
2256,img2256.jpg,hiking,dusty_pink,ya,cool
2257,img2257.jpg,hiking,dusty_pink,tidak,cool
2258,img2258.jpg,hiking,dusty_pink,tidak,cool
2259,img2259.jpg,hiking,dusty_pink,ya,cool
2260,img2260.jpg,hiking,dusty_pink,ya,cool
2261,img2261.jpg,hiking,dusty_pink,ya,cool
2262,img2262.jpg,hiking,dusty_pink,ya,cool
2263,img2263.jpg,hiking,dusty_pink,ya,cool
2264,img2264.jpg,hiking,dusty_pink,ya,cool
2265,img2265.jpg,hiking,dusty_pink,tidak,cool
2266,img2266.jpg,hiking,dusty_pink,ya,cool
2267,img2267.jpg,hiking,dusty_pink,tidak,cool
2268,img2268.jpg,hiking,dusty_pink,ya,cool
2269,img2269.jpg,hiking,dusty_pink,ya,cool
2270,img2270.jpg,hiking,dusty_pink,tidak,cool
2271,img2271.jpg,hiking,dusty_pink,ya,cool
2272,img2272.jpg,hiking,dusty_pink,ya,cool
2273,img2273.jpg,hiking,dusty_pink,ya,cool
2274,img2274.jpg,hiking,dusty_pink,tidak,cool
2275,img2275.jpg,hiking,dusty_pink,tidak,cool
2276,img2276.jpg,hiking,dusty_pink,tidak,cool
2277,img2277.jpg,hiking,dusty_pink,ya,cool
2278,img2278.jpg,hiking,dusty_pink,ya,cool
2280,img2280.jpg,hiking,dusty_pink,tidak,cool
2281,img2281.jpg,hiking,dusty_pink,ya,cool
2282,img2282.jpg,hiking,dusty_pink,ya,cool
2283,img2283.jpg,hiking,dusty_pink,ya,cool
2284,img2284.jpg,hiking,dusty_pink,tidak,cool
2285,img2285.jpg,hiking,dusty_pink,tidak,cool
2286,img2286.jpg,hiking,dusty_pink,tidak,cool
2287,img2287.jpg,hiking,dusty_pink,tidak,cool
2288,img2288.jpg,hiking,dusty_pink,tidak,cool
2289,img2289.jpg,hiking,dusty_pink,tidak,cool
2290,img2290.jpg,hiking,dusty_pink,ya,cool
2291,img2291.jpg,hiking,dusty_pink,ya,cool
2292,img2292.jpg,hiking,dusty_pink,ya,cool
2293,img2293.jpg,hiking,dusty_pink,ya,cool
2294,img2294.jpg,hiking,dusty_pink,tidak,cool
2295,img2295.jpg,hiking,dusty_pink,tidak,cool
2296,img2296.jpg,hiking,dusty_pink,tidak,cool
2297,img2297.jpg,hiking,dusty_pink,ya,cool
2298,img2298.jpg,hiking,dusty_pink,tidak,cool
2299,img2299.jpg,hiking,dusty_pink,tidak,cool
2300,img2300.jpg,hiking,dusty_pink,tidak,cool
2301,img2301.jpg,hiking,dusty_pink,tidak,cool
2302,img2302.jpg,hiking,dusty_pink,tidak,cool
2303,img2303.jpg,hiking,dusty_pink,tidak,cool
2304,img2304.jpg,smart_casual,dusty_pink,tidak,cool
2305,img2305.jpg,smart_casual,dusty_pink,ya,cool
2306,img2306.jpg,smart_casual,dusty_pink,ya,cool
2307,img2307.jpg,smart_casual,dusty_pink,ya,cool
2308,img2308.jpg,smart_casual,dusty_pink,ya,cool
2309,img2309.jpg,smart_casual,dusty_pink,ya,cool
2310,img2310.jpg,smart_casual,dusty_pink,ya,cool
2311,img2311.jpg,smart_casual,dusty_pink,ya,cool
2312,img2312.jpg,smart_casual,dusty_pink,ya,cool
2313,img2313.jpg,smart_casual,dusty_pink,tidak,cool
2314,img2314.jpg,smart_casual,dusty_pink,ya,cool
2315,img2315.jpg,smart_casual,dusty_pink,ya,cool
2316,img2316.jpg,smart_casual,dusty_pink,ya,cool
2317,img2317.jpg,smart_casual,dusty_pink,ya,cool
2318,img2318.jpg,smart_casual,dusty_pink,ya,cool
2319,img2319.jpg,smart_casual,dusty_pink,ya,cool
2320,img2320.jpg,smart_casual,dusty_pink,ya,cool
2321,img2321.jpg,smart_casual,dusty_pink,tidak,cool
2322,img2322.jpg,smart_casual,dusty_pink,tidak,cool
2323,img2323.jpg,smart_casual,dusty_pink,tidak,cool
2324,img2324.jpg,smart_casual,dusty_pink,ya,cool
2325,img2325.jpg,smart_casual,dusty_pink,tidak,cool
2326,img2326.jpg,smart_casual,dusty_pink,tidak,cool
2327,img2327.jpg,smart_casual,dusty_pink,tidak,cool
2328,img2328.jpg,smart_casual,dusty_pink,tidak,cool
2329,img2329.jpg,smart_casual,dusty_pink,tidak,cool
2330,img2330.jpg,smart_casual,dusty_pink,tidak,cool
2331,img2331.jpg,smart_casual,dusty_pink,tidak,cool
2332,img2332.jpg,smart_casual,dusty_pink,tidak,cool
2333,img2333.jpg,smart_casual,dusty_pink,tidak,cool
2334,img2334.jpg,smart_casual,dusty_pink,tidak,cool
2335,img2335.jpg,smart_casual,dusty_pink,tidak,cool
2336,img2336.jpg,smart_casual,dusty_pink,ya,cool
2337,img2337.jpg,smart_casual,dusty_pink,ya,cool
2338,img2338.jpg,smart_casual,dusty_pink,tidak,cool
2339,img2339.jpg,smart_casual,dusty_pink,ya,cool
2340,img2340.jpg,smart_casual,dusty_pink,tidak,cool
2341,img2341.jpg,smart_casual,dusty_pink,ya,cool
2342,img2342.jpg,smart_casual,dusty_pink,tidak,cool
2343,img2343.jpg,smart_casual,dusty_pink,ya,cool
2344,img2344.jpg,smart_casual,dusty_pink,tidak,cool
2345,img2345.jpg,smart_casual,dusty_pink,tidak,cool
2346,img2346.jpg,smart_casual,dusty_pink,tidak,cool
2347,img2347.jpg,smart_casual,dusty_pink,tidak,cool
2348,img2348.jpg,smart_casual,dusty_pink,ya,cool
2349,img2349.jpg,smart_casual,dusty_pink,ya,cool
2350,img2350.jpg,smart_casual,dusty_pink,ya,cool
2351,img2351.jpg,smart_casual,dusty_pink,ya,cool
2352,img2352.jpg,smart_casual,dusty_pink,ya,cool
2353,img2353.jpg,smart_casual,dusty_pink,ya,cool
2354,img2354.jpg,smart_casual,dusty_pink,ya,cool
2355,img2355.jpg,coffee_shop_hopping,emerald,tidak,cool
2356,img2356.jpg,coffee_shop_hopping,emerald,tidak,cool
2357,img2357.jpg,coffee_shop_hopping,emerald,ya,cool
2358,img2358.jpg,coffee_shop_hopping,emerald,ya,cool
2359,img2359.jpg,coffee_shop_hopping,emerald,tidak,cool
2360,img2360.jpg,coffee_shop_hopping,emerald,tidak,cool
2361,img2361.jpg,coffee_shop_hopping,emerald,tidak,cool
2362,img2362.jpg,coffee_shop_hopping,emerald,ya,cool
2363,img2363.jpg,coffee_shop_hopping,emerald,ya,cool
2364,img2364.jpg,coffee_shop_hopping,emerald,tidak,cool
2365,img2365.jpg,coffee_shop_hopping,emerald,tidak,cool
2366,img2366.jpg,coffee_shop_hopping,emerald,tidak,cool
2367,img2367.jpg,coffee_shop_hopping,emerald,tidak,cool
2368,img2368.jpg,coffee_shop_hopping,emerald,tidak,cool
2369,img2369.jpg,coffee_shop_hopping,emerald,tidak,cool
2370,img2370.jpg,coffee_shop_hopping,emerald,tidak,cool
2371,img2371.jpg,coffee_shop_hopping,emerald,tidak,cool
2372,img2372.jpg,coffee_shop_hopping,emerald,tidak,cool
2373,img2373.jpg,coffee_shop_hopping,emerald,tidak,cool
2374,img2374.jpg,coffee_shop_hopping,emerald,ya,cool
2375,img2375.jpg,coffee_shop_hopping,emerald,tidak,cool
2376,img2376.jpg,coffee_shop_hopping,emerald,tidak,cool
2377,img2377.jpg,coffee_shop_hopping,emerald,ya,cool
2378,img2378.jpg,coffee_shop_hopping,emerald,ya,cool
2379,img2379.jpg,coffee_shop_hopping,emerald,tidak,cool
2380,img2380.jpg,coffee_shop_hopping,emerald,tidak,cool
2381,img2381.jpg,coffee_shop_hopping,emerald,tidak,cool
2382,img2382.jpg,coffee_shop_hopping,emerald,tidak,cool
2383,img2383.jpg,coffee_shop_hopping,emerald,tidak,cool
2384,img2384.jpg,coffee_shop_hopping,emerald,ya,cool
2385,img2385.jpg,coffee_shop_hopping,emerald,tidak,cool
2386,img2386.jpg,coffee_shop_hopping,emerald,ya,cool
2387,img2387.jpg,coffee_shop_hopping,emerald,tidak,cool
2388,img2388.jpg,coffee_shop_hopping,emerald,tidak,cool
2389,img2389.jpg,coffee_shop_hopping,emerald,tidak,cool
2390,img2390.jpg,coffee_shop_hopping,emerald,tidak,cool
2391,img2391.jpg,coffee_shop_hopping,emerald,tidak,cool
2392,img2392.jpg,coffee_shop_hopping,emerald,tidak,cool
2393,img2393.jpg,coffee_shop_hopping,emerald,ya,cool
2394,img2394.jpg,coffee_shop_hopping,emerald,tidak,cool
2395,img2395.jpg,coffee_shop_hopping,emerald,ya,cool
2396,img2396.jpg,coffee_shop_hopping,emerald,tidak,cool
2397,img2397.jpg,coffee_shop_hopping,emerald,tidak,cool
2398,img2398.jpg,coffee_shop_hopping,emerald,ya,cool
2399,img2399.jpg,coffee_shop_hopping,emerald,ya,cool
2400,img2400.jpg,coffee_shop_hopping,emerald,tidak,cool
2401,img2401.jpg,coffee_shop_hopping,emerald,ya,cool
2402,img2402.jpg,coffee_shop_hopping,emerald,tidak,cool
2403,img2403.jpg,coffee_shop_hopping,emerald,ya,cool
2404,img2404.jpg,coffee_shop_hopping,emerald,ya,cool
2405,img2405.jpg,coffee_shop_hopping,emerald,ya,cool
2406,img2406.jpg,coffee_shop_hopping,emerald,tidak,cool
2407,img2407.jpg,coffee_shop_hopping,emerald,ya,cool
2408,img2408.jpg,coffee_shop_hopping,emerald,ya,cool
2409,img2409.jpg,coffee_shop_hopping,emerald,tidak,cool
2411,img2411.jpg,coffee_shop_hopping,emerald,ya,cool
2412,img2412.jpg,coffee_shop_hopping,emerald,ya,cool
2413,img2413.jpg,coffee_shop_hopping,emerald,tidak,cool
2414,img2414.jpg,coffee_shop_hopping,emerald,tidak,cool
2415,img2415.jpg,coffee_shop_hopping,emerald,tidak,cool
2416,img2416.jpg,coffee_shop_hopping,emerald,tidak,cool
2417,img2417.jpg,coffee_shop_hopping,emerald,tidak,cool
2418,img2418.jpg,coffee_shop_hopping,emerald,tidak,cool
2419,img2419.jpg,coffee_shop_hopping,emerald,tidak,cool
2420,img2420.jpg,coffee_shop_hopping,emerald,ya,cool
2421,img2421.jpg,coffee_shop_hopping,emerald,ya,cool
2422,img2422.jpg,coffee_shop_hopping,emerald,ya,cool
2423,img2423.jpg,coffee_shop_hopping,emerald,ya,cool
2424,img2424.jpg,coffee_shop_hopping,emerald,tidak,cool
2425,img2425.jpg,coffee_shop_hopping,emerald,ya,cool
2426,img2426.jpg,coffee_shop_hopping,emerald,tidak,cool
2428,img2428.jpg,dinner,emerald,ya,cool
2429,img2429.jpg,dinner,emerald,ya,cool
2430,img2430.jpg,dinner,emerald,tidak,cool
2431,img2431.jpg,dinner,emerald,ya,cool
2432,img2432.jpg,dinner,emerald,ya,cool
2433,img2433.jpg,dinner,emerald,ya,cool
2434,img2434.jpg,dinner,emerald,tidak,cool
2435,img2435.jpg,dinner,emerald,tidak,cool
2436,img2436.jpg,dinner,emerald,tidak,cool
2437,img2437.jpg,dinner,emerald,tidak,cool
2438,img2438.jpg,dinner,emerald,tidak,cool
2439,img2439.jpg,dinner,emerald,tidak,cool
2440,img2440.jpg,dinner,emerald,tidak,cool
2441,img2441.jpg,dinner,emerald,ya,cool
2442,img2442.jpg,dinner,emerald,ya,cool
2443,img2443.jpg,dinner,emerald,tidak,cool
2444,img2444.jpg,dinner,emerald,ya,cool
2445,img2445.jpg,dinner,emerald,ya,cool
2446,img2446.jpg,dinner,emerald,ya,cool
2447,img2447.jpg,dinner,emerald,tidak,cool
2448,img2448.jpg,dinner,emerald,tidak,cool
2449,img2449.jpg,dinner,emerald,ya,cool
2451,img2451.jpg,dinner,emerald,ya,cool
2452,img2452.jpg,dinner,emerald,tidak,cool
2453,img2453.jpg,dinner,emerald,tidak,cool
2454,img2454.jpg,dinner,emerald,ya,cool
2455,img2455.jpg,dinner,emerald,tidak,cool
2456,img2456.jpg,dinner,emerald,tidak,cool
2457,img2457.jpg,dinner,emerald,tidak,cool
2458,img2458.jpg,dinner,emerald,tidak,cool
2459,img2459.jpg,dinner,emerald,tidak,cool
2460,img2460.jpg,dinner,emerald,tidak,cool
2461,img2461.jpg,dinner,emerald,ya,cool
2462,img2462.jpg,dinner,emerald,ya,cool
2463,img2463.jpg,dinner,emerald,ya,cool
2464,img2464.jpg,dinner,emerald,ya,cool
2465,img2465.jpg,dinner,emerald,tidak,cool
2466,img2466.jpg,dinner,emerald,tidak,cool
2467,img2467.jpg,dinner,emerald,tidak,cool
2468,img2468.jpg,dinner,emerald,tidak,cool
2469,img2469.jpg,dinner,emerald,tidak,cool
2470,img2470.jpg,dinner,emerald,tidak,cool
2471,img2471.jpg,dinner,emerald,tidak,cool
2472,img2472.jpg,dinner,emerald,tidak,cool
2473,img2473.jpg,dinner,emerald,tidak,cool
2474,img2474.jpg,dinner,emerald,tidak,cool
2475,img2475.jpg,dinner,emerald,ya,cool
2476,img2476.jpg,dinner,emerald,ya,cool
2477,img2477.jpg,dinner,emerald,tidak,cool
2478,img2478.jpg,dinner,emerald,tidak,cool
2479,img2479.jpg,gym_to_caffe,emerald,tidak,cool
2480,img2480.jpg,gym_to_caffe,emerald,tidak,cool
2481,img2481.jpg,gym_to_caffe,emerald,tidak,cool
2482,img2482.jpg,gym_to_caffe,emerald,tidak,cool
2483,img2483.jpg,gym_to_caffe,emerald,tidak,cool
2484,img2484.jpg,gym_to_caffe,emerald,tidak,cool
2485,img2485.jpg,gym_to_caffe,emerald,tidak,cool
2486,img2486.jpg,gym_to_caffe,emerald,tidak,cool
2487,img2487.jpg,gym_to_caffe,emerald,tidak,cool
2488,img2488.jpg,gym_to_caffe,emerald,tidak,cool
2489,img2489.jpg,gym_to_caffe,emerald,tidak,cool
2490,img2490.jpg,gym_to_caffe,emerald,tidak,cool
2491,img2491.jpg,gym_to_caffe,emerald,tidak,cool
2492,img2492.jpg,gym_to_caffe,emerald,tidak,cool
2493,img2493.jpg,gym_to_caffe,emerald,ya,cool
2494,img2494.jpg,gym_to_caffe,emerald,tidak,cool
2495,img2495.jpg,gym_to_caffe,emerald,tidak,cool
2496,img2496.jpg,gym_to_caffe,emerald,ya,cool
2497,img2497.jpg,gym_to_caffe,emerald,tidak,cool
2498,img2498.jpg,gym_to_caffe,emerald,tidak,cool
2499,img2499.jpg,gym_to_caffe,emerald,tidak,cool
2500,img2500.jpg,gym_to_caffe,emerald,tidak,cool
2501,img2501.jpg,gym_to_caffe,emerald,tidak,cool
2502,img2502.jpg,gym_to_caffe,emerald,tidak,cool
2503,img2503.jpg,gym_to_caffe,emerald,tidak,cool
2504,img2504.jpg,gym_to_caffe,emerald,tidak,cool
2505,img2505.jpg,gym_to_caffe,emerald,tidak,cool
2506,img2506.jpg,gym_to_caffe,emerald,tidak,cool
2507,img2507.jpg,gym_to_caffe,emerald,tidak,cool
2508,img2508.jpg,gym_to_caffe,emerald,tidak,cool
2509,img2509.jpg,gym_to_caffe,emerald,tidak,cool
2510,img2510.jpg,gym_to_caffe,emerald,tidak,cool
2511,img2511.jpg,gym_to_caffe,emerald,ya,cool
2512,img2512.jpg,gym_to_caffe,emerald,tidak,cool
2513,img2513.jpg,gym_to_caffe,emerald,tidak,cool
2514,img2514.jpg,gym_to_caffe,emerald,tidak,cool
2515,img2515.jpg,gym_to_caffe,emerald,tidak,cool
2516,img2516.jpg,gym_to_caffe,emerald,tidak,cool
2517,img2517.jpg,gym_to_caffe,emerald,tidak,cool
2518,img2518.jpg,gym_to_caffe,emerald,tidak,cool
2519,img2519.jpg,gym_to_caffe,emerald,tidak,cool
2520,img2520.jpg,gym_to_caffe,emerald,tidak,cool
2521,img2521.jpg,gym_to_caffe,emerald,ya,cool
2522,img2522.jpg,gym_to_caffe,emerald,ya,cool
2523,img2523.jpg,gym_to_caffe,emerald,tidak,cool
2524,img2524.jpg,gym_to_caffe,emerald,tidak,cool
2525,img2525.jpg,gym_to_caffe,emerald,tidak,cool
2526,img2526.jpg,gym_to_caffe,emerald,tidak,cool
2527,img2527.jpg,gym_to_caffe,emerald,tidak,cool
2528,img2528.jpg,gym_to_caffe,emerald,tidak,cool
2529,img2529.jpg,gym_to_caffe,emerald,tidak,cool
2530,img2530.jpg,gym_to_caffe,emerald,tidak,cool
2531,img2531.jpg,gym_to_caffe,emerald,tidak,cool
2532,img2532.jpg,gym_to_caffe,emerald,tidak,cool
2533,img2533.jpg,gym_to_caffe,emerald,tidak,cool
2534,img2534.jpg,gym_to_caffe,emerald,tidak,cool
2535,img2535.jpg,gym_to_caffe,emerald,ya,cool
2536,img2536.jpg,gym_to_caffe,emerald,tidak,cool
2537,img2537.jpg,gym_to_caffe,emerald,ya,cool
2538,img2538.jpg,gym_to_caffe,emerald,tidak,cool
2539,img2539.jpg,gym_to_caffe,emerald,tidak,cool
2540,img2540.jpg,hiking,emerald,tidak,cool
2541,img2541.jpg,hiking,emerald,tidak,cool
2542,img2542.jpg,hiking,emerald,tidak,cool
2543,img2543.jpg,hiking,emerald,tidak,cool
2544,img2544.jpg,hiking,emerald,tidak,cool
2545,img2545.jpg,hiking,emerald,tidak,cool
2546,img2546.jpg,hiking,emerald,tidak,cool
2547,img2547.jpg,hiking,emerald,tidak,cool
2548,img2548.jpg,hiking,emerald,tidak,cool
2549,img2549.jpg,hiking,emerald,ya,cool
2550,img2550.jpg,hiking,emerald,tidak,cool
2551,img2551.jpg,hiking,emerald,tidak,cool
2552,img2552.jpg,hiking,emerald,tidak,cool
2553,img2553.jpg,hiking,emerald,tidak,cool
2554,img2554.jpg,hiking,emerald,tidak,cool
2555,img2555.jpg,hiking,emerald,tidak,cool
2556,img2556.jpg,hiking,emerald,tidak,cool
2557,img2557.jpg,hiking,emerald,tidak,cool
2558,img2558.jpg,hiking,emerald,tidak,cool
2559,img2559.jpg,hiking,emerald,tidak,cool
2560,img2560.jpg,hiking,emerald,tidak,cool
2561,img2561.jpg,hiking,emerald,tidak,cool
2563,img2563.jpg,hiking,emerald,tidak,cool
2564,img2564.jpg,hiking,emerald,tidak,cool
2565,img2565.jpg,hiking,emerald,ya,cool
2566,img2566.jpg,hiking,emerald,ya,cool
2567,img2567.jpg,hiking,emerald,tidak,cool
2568,img2568.jpg,hiking,emerald,tidak,cool
2569,img2569.jpg,hiking,emerald,tidak,cool
2570,img2570.jpg,hiking,emerald,ya,cool
2571,img2571.jpg,hiking,emerald,tidak,cool
2572,img2572.jpg,hiking,emerald,tidak,cool
2573,img2573.jpg,hiking,emerald,tidak,cool
2574,img2574.jpg,hiking,emerald,ya,cool
2575,img2575.jpg,hiking,emerald,tidak,cool
2576,img2576.jpg,hiking,emerald,tidak,cool
2577,img2577.jpg,hiking,emerald,tidak,cool
2578,img2578.jpg,hiking,emerald,tidak,cool
2579,img2579.jpg,smart_casual,emerald,tidak,cool
2580,img2580.jpg,smart_casual,emerald,tidak,cool
2581,img2581.jpg,smart_casual,emerald,tidak,cool
2582,img2582.jpg,smart_casual,emerald,tidak,cool
2583,img2583.jpg,smart_casual,emerald,tidak,cool
2584,img2584.jpg,smart_casual,emerald,tidak,cool
2585,img2585.jpg,smart_casual,emerald,tidak,cool
2586,img2586.jpg,smart_casual,emerald,tidak,cool
2587,img2587.jpg,smart_casual,emerald,tidak,cool
2588,img2588.jpg,smart_casual,emerald,ya,cool
2589,img2589.jpg,smart_casual,emerald,ya,cool
2590,img2590.jpg,smart_casual,emerald,tidak,cool
2591,img2591.jpg,smart_casual,emerald,tidak,cool
2592,img2592.jpg,smart_casual,emerald,tidak,cool
2593,img2593.jpg,smart_casual,emerald,tidak,cool
2594,img2594.jpg,smart_casual,emerald,tidak,cool
2595,img2595.jpg,smart_casual,emerald,ya,cool
2596,img2596.jpg,smart_casual,emerald,ya,cool
2597,img2597.jpg,smart_casual,emerald,tidak,cool
2598,img2598.jpg,smart_casual,emerald,tidak,cool
2599,img2599.jpg,smart_casual,emerald,tidak,cool
2600,img2600.jpg,smart_casual,emerald,ya,cool
2602,img2602.jpg,smart_casual,emerald,tidak,cool
2603,img2603.jpg,smart_casual,emerald,tidak,cool
2604,img2604.jpg,smart_casual,emerald,ya,cool
2605,img2605.jpg,smart_casual,emerald,tidak,cool
2606,img2606.jpg,smart_casual,emerald,tidak,cool
2607,img2607.jpg,smart_casual,emerald,ya,cool
2608,img2608.jpg,smart_casual,emerald,ya,cool
2609,img2609.jpg,smart_casual,emerald,ya,cool
2610,img2610.jpg,smart_casual,emerald,ya,cool
2611,img2611.jpg,smart_casual,emerald,tidak,cool
2612,img2612.jpg,smart_casual,emerald,tidak,cool
2613,img2613.jpg,smart_casual,emerald,tidak,cool
2614,img2614.jpg,smart_casual,emerald,ya,cool
2615,img2615.jpg,smart_casual,emerald,tidak,cool
2616,img2616.jpg,smart_casual,emerald,tidak,cool
2617,img2617.jpg,smart_casual,emerald,tidak,cool
2618,img2618.jpg,smart_casual,emerald,ya,cool
2619,img2619.jpg,smart_casual,emerald,ya,cool
2620,img2620.jpg,smart_casual,emerald,tidak,cool
2621,img2621.jpg,smart_casual,emerald,tidak,cool
2622,img2622.jpg,smart_casual,emerald,tidak,cool
2623,img2623.jpg,smart_casual,emerald,tidak,cool
2624,img2624.jpg,smart_casual,emerald,tidak,cool
2625,img2625.jpg,smart_casual,emerald,tidak,cool
2626,img2626.jpg,smart_casual,emerald,ya,cool
2627,img2627.jpg,smart_casual,emerald,tidak,cool
2628,img2628.jpg,smart_casual,emerald,tidak,cool
2629,img2629.jpg,smart_casual,emerald,tidak,cool
2630,img2630.jpg,smart_casual,emerald,tidak,cool
2631,img2631.jpg,smart_casual,emerald,tidak,cool
2632,img2632.jpg,smart_casual,emerald,ya,cool
2633,img2633.jpg,smart_casual,emerald,tidak,cool
2634,img2634.jpg,smart_casual,emerald,tidak,cool
2635,img2635.jpg,smart_casual,emerald,tidak,cool
2636,img2636.jpg,smart_casual,emerald,ya,cool
2637,img2637.jpg,coffee_shop_hopping,lavender,tidak,cool
2638,img2638.jpg,coffee_shop_hopping,lavender,tidak,cool
2639,img2639.jpg,coffee_shop_hopping,lavender,tidak,cool
2640,img2640.jpg,coffee_shop_hopping,lavender,tidak,cool
2641,img2641.jpg,coffee_shop_hopping,lavender,tidak,cool
2642,img2642.jpg,coffee_shop_hopping,lavender,tidak,cool
2643,img2643.jpg,coffee_shop_hopping,lavender,ya,cool
2644,img2644.jpg,coffee_shop_hopping,lavender,tidak,cool
2645,img2645.jpg,coffee_shop_hopping,lavender,ya,cool
2646,img2646.jpg,coffee_shop_hopping,lavender,tidak,cool
2647,img2647.jpg,coffee_shop_hopping,lavender,ya,cool
2648,img2648.jpg,coffee_shop_hopping,lavender,tidak,cool
2649,img2649.jpg,coffee_shop_hopping,lavender,ya,cool
2650,img2650.jpg,coffee_shop_hopping,lavender,tidak,cool
2651,img2651.jpg,coffee_shop_hopping,lavender,tidak,cool
2652,img2652.jpg,coffee_shop_hopping,lavender,tidak,cool
2653,img2653.jpg,coffee_shop_hopping,lavender,tidak,cool
2654,img2654.jpg,coffee_shop_hopping,lavender,tidak,cool
2655,img2655.jpg,coffee_shop_hopping,lavender,tidak,cool
2656,img2656.jpg,coffee_shop_hopping,lavender,tidak,cool
2657,img2657.jpg,coffee_shop_hopping,lavender,tidak,cool
2658,img2658.jpg,coffee_shop_hopping,lavender,tidak,cool
2659,img2659.jpg,coffee_shop_hopping,lavender,ya,cool
2660,img2660.jpg,coffee_shop_hopping,lavender,tidak,cool
2661,img2661.jpg,coffee_shop_hopping,lavender,tidak,cool
2662,img2662.jpg,coffee_shop_hopping,lavender,tidak,cool
2663,img2663.jpg,coffee_shop_hopping,lavender,ya,cool
2664,img2664.jpg,coffee_shop_hopping,lavender,tidak,cool
2665,img2665.jpg,coffee_shop_hopping,lavender,tidak,cool
2666,img2666.jpg,coffee_shop_hopping,lavender,tidak,cool
2667,img2667.jpg,coffee_shop_hopping,lavender,ya,cool
2668,img2668.jpg,coffee_shop_hopping,lavender,tidak,cool
2669,img2669.jpg,coffee_shop_hopping,lavender,tidak,cool
2670,img2670.jpg,coffee_shop_hopping,lavender,tidak,cool
2671,img2671.jpg,coffee_shop_hopping,lavender,tidak,cool
2672,img2672.jpg,coffee_shop_hopping,lavender,tidak,cool
2673,img2673.jpg,coffee_shop_hopping,lavender,tidak,cool
2674,img2674.jpg,coffee_shop_hopping,lavender,tidak,cool
2675,img2675.jpg,coffee_shop_hopping,lavender,tidak,cool
2676,img2676.jpg,coffee_shop_hopping,lavender,tidak,cool
2677,img2677.jpg,coffee_shop_hopping,lavender,ya,cool
2678,img2678.jpg,coffee_shop_hopping,lavender,tidak,cool
2679,img2679.jpg,coffee_shop_hopping,lavender,ya,cool
2680,img2680.jpg,coffee_shop_hopping,lavender,tidak,cool
2681,img2681.jpg,coffee_shop_hopping,lavender,tidak,cool
2682,img2682.jpg,coffee_shop_hopping,lavender,tidak,cool
2683,img2683.jpg,coffee_shop_hopping,lavender,tidak,cool
2684,img2684.jpg,coffee_shop_hopping,lavender,ya,cool
2685,img2685.jpg,coffee_shop_hopping,lavender,tidak,cool
2686,img2686.jpg,coffee_shop_hopping,lavender,ya,cool
2687,img2687.jpg,coffee_shop_hopping,lavender,ya,cool
2688,img2688.jpg,coffee_shop_hopping,lavender,tidak,cool
2689,img2689.jpg,coffee_shop_hopping,lavender,tidak,cool
2690,img2690.jpg,coffee_shop_hopping,lavender,tidak,cool
2691,img2691.jpg,coffee_shop_hopping,lavender,tidak,cool
2692,img2692.jpg,coffee_shop_hopping,lavender,ya,cool
2693,img2693.jpg,coffee_shop_hopping,lavender,ya,cool
2694,img2694.jpg,coffee_shop_hopping,lavender,tidak,cool
2695,img2695.jpg,coffee_shop_hopping,lavender,tidak,cool
2696,img2696.jpg,coffee_shop_hopping,lavender,tidak,cool
2697,img2697.jpg,coffee_shop_hopping,lavender,tidak,cool
2698,img2698.jpg,coffee_shop_hopping,lavender,tidak,cool
2699,img2699.jpg,coffee_shop_hopping,lavender,tidak,cool
2700,img2700.jpg,coffee_shop_hopping,lavender,ya,cool
2701,img2701.jpg,dinner,lavender,ya,cool
2702,img2702.jpg,dinner,lavender,ya,cool
2703,img2703.jpg,dinner,lavender,ya,cool
2704,img2704.jpg,dinner,lavender,tidak,cool
2705,img2705.jpg,dinner,lavender,tidak,cool
2706,img2706.jpg,dinner,lavender,tidak,cool
2707,img2707.jpg,dinner,lavender,tidak,cool
2708,img2708.jpg,dinner,lavender,tidak,cool
2709,img2709.jpg,dinner,lavender,tidak,cool
2710,img2710.jpg,dinner,lavender,tidak,cool
2711,img2711.jpg,dinner,lavender,tidak,cool
2712,img2712.jpg,dinner,lavender,tidak,cool
2713,img2713.jpg,dinner,lavender,tidak,cool
2714,img2714.jpg,dinner,lavender,tidak,cool
2715,img2715.jpg,dinner,lavender,tidak,cool
2716,img2716.jpg,dinner,lavender,ya,cool
2717,img2717.jpg,dinner,lavender,tidak,cool
2718,img2718.jpg,dinner,lavender,tidak,cool
2719,img2719.jpg,dinner,lavender,tidak,cool
2720,img2720.jpg,dinner,lavender,ya,cool
2721,img2721.jpg,dinner,lavender,tidak,cool
2722,img2722.jpg,dinner,lavender,tidak,cool
2723,img2723.jpg,dinner,lavender,tidak,cool
2724,img2724.jpg,dinner,lavender,ya,cool
2725,img2725.jpg,dinner,lavender,ya,cool
2726,img2726.jpg,dinner,lavender,tidak,cool
2727,img2727.jpg,dinner,lavender,tidak,cool
2728,img2728.jpg,dinner,lavender,tidak,cool
2729,img2729.jpg,dinner,lavender,ya,cool
2730,img2730.jpg,dinner,lavender,tidak,cool
2731,img2731.jpg,dinner,lavender,tidak,cool
2732,img2732.jpg,dinner,lavender,ya,cool
2733,img2733.jpg,dinner,lavender,tidak,cool
2734,img2734.jpg,dinner,lavender,tidak,cool
2735,img2735.jpg,dinner,lavender,tidak,cool
2736,img2736.jpg,dinner,lavender,tidak,cool
2737,img2737.jpg,dinner,lavender,tidak,cool
2738,img2738.jpg,dinner,lavender,ya,cool
2739,img2739.jpg,dinner,lavender,ya,cool
2740,img2740.jpg,dinner,lavender,ya,cool
2741,img2741.jpg,dinner,lavender,tidak,cool
2742,img2742.jpg,dinner,lavender,tidak,cool
2743,img2743.jpg,dinner,lavender,ya,cool
2744,img2744.jpg,dinner,lavender,ya,cool
2745,img2745.jpg,dinner,lavender,ya,cool
2746,img2746.jpg,dinner,lavender,ya,cool
2747,img2747.jpg,dinner,lavender,tidak,cool
2748,img2748.jpg,dinner,lavender,tidak,cool
2749,img2749.jpg,dinner,lavender,tidak,cool
2750,img2750.jpg,dinner,lavender,tidak,cool
2751,img2751.jpg,dinner,lavender,tidak,cool
2752,img2752.jpg,dinner,lavender,tidak,cool
2753,img2753.jpg,gym_to_caffe,lavender,tidak,cool
2754,img2754.jpg,gym_to_caffe,lavender,tidak,cool
2755,img2755.jpg,gym_to_caffe,lavender,tidak,cool
2756,img2756.jpg,gym_to_caffe,lavender,tidak,cool
2757,img2757.jpg,gym_to_caffe,lavender,tidak,cool
2758,img2758.jpg,gym_to_caffe,lavender,tidak,cool
2759,img2759.jpg,gym_to_caffe,lavender,tidak,cool
2760,img2760.jpg,gym_to_caffe,lavender,tidak,cool
2761,img2761.jpg,gym_to_caffe,lavender,tidak,cool
2762,img2762.jpg,gym_to_caffe,lavender,tidak,cool
2763,img2763.jpg,gym_to_caffe,lavender,tidak,cool
2764,img2764.jpg,gym_to_caffe,lavender,tidak,cool
2765,img2765.jpg,gym_to_caffe,lavender,tidak,cool
2766,img2766.jpg,gym_to_caffe,lavender,tidak,cool
2767,img2767.jpg,gym_to_caffe,lavender,tidak,cool
2768,img2768.jpg,gym_to_caffe,lavender,ya,cool
2769,img2769.jpg,gym_to_caffe,lavender,tidak,cool
2770,img2770.jpg,gym_to_caffe,lavender,tidak,cool
2771,img2771.jpg,gym_to_caffe,lavender,tidak,cool
2772,img2772.jpg,gym_to_caffe,lavender,tidak,cool
2773,img2773.jpg,gym_to_caffe,lavender,tidak,cool
2774,img2774.jpg,gym_to_caffe,lavender,ya,cool
2775,img2775.jpg,gym_to_caffe,lavender,tidak,cool
2776,img2776.jpg,gym_to_caffe,lavender,tidak,cool
2777,img2777.jpg,gym_to_caffe,lavender,tidak,cool
2778,img2778.jpg,gym_to_caffe,lavender,tidak,cool
2779,img2779.jpg,gym_to_caffe,lavender,tidak,cool
2780,img2780.jpg,gym_to_caffe,lavender,tidak,cool
2781,img2781.jpg,gym_to_caffe,lavender,tidak,cool
2782,img2782.jpg,gym_to_caffe,lavender,tidak,cool
2783,img2783.jpg,gym_to_caffe,lavender,tidak,cool
2784,img2784.jpg,gym_to_caffe,lavender,tidak,cool
2785,img2785.jpg,gym_to_caffe,lavender,ya,cool
2786,img2786.jpg,gym_to_caffe,lavender,tidak,cool
2787,img2787.jpg,gym_to_caffe,lavender,ya,cool
2788,img2788.jpg,gym_to_caffe,lavender,tidak,cool
2789,img2789.jpg,gym_to_caffe,lavender,tidak,cool
2790,img2790.jpg,gym_to_caffe,lavender,tidak,cool
2791,img2791.jpg,gym_to_caffe,lavender,tidak,cool
2792,img2792.jpg,gym_to_caffe,lavender,tidak,cool
2793,img2793.jpg,gym_to_caffe,lavender,ya,cool
2794,img2794.jpg,gym_to_caffe,lavender,tidak,cool
2795,img2795.jpg,gym_to_caffe,lavender,ya,cool
2796,img2796.jpg,gym_to_caffe,lavender,tidak,cool
2797,img2797.jpg,gym_to_caffe,lavender,tidak,cool
2798,img2798.jpg,gym_to_caffe,lavender,ya,cool
2799,img2799.jpg,gym_to_caffe,lavender,ya,cool
2800,img2800.jpg,gym_to_caffe,lavender,ya,cool
2801,img2801.jpg,gym_to_caffe,lavender,tidak,cool
2802,img2802.jpg,gym_to_caffe,lavender,tidak,cool
2803,img2803.jpg,gym_to_caffe,lavender,tidak,cool
2804,img2804.jpg,gym_to_caffe,lavender,tidak,cool
2805,img2805.jpg,gym_to_caffe,lavender,ya,cool
2806,img2806.jpg,hiking,lavender,tidak,cool
2807,img2807.jpg,hiking,lavender,tidak,cool
2808,img2808.jpg,hiking,lavender,ya,cool
2809,img2809.jpg,hiking,lavender,tidak,cool
2810,img2810.jpg,hiking,lavender,tidak,cool
2811,img2811.jpg,hiking,lavender,tidak,cool
2812,img2812.jpg,hiking,lavender,tidak,cool
2813,img2813.jpg,hiking,lavender,tidak,cool
2814,img2814.jpg,hiking,lavender,tidak,cool
2815,img2815.jpg,hiking,lavender,tidak,cool
2816,img2816.jpg,hiking,lavender,ya,cool
2817,img2817.jpg,hiking,lavender,tidak,cool
2818,img2818.jpg,hiking,lavender,ya,cool
2819,img2819.jpg,hiking,lavender,tidak,cool
2820,img2820.jpg,hiking,lavender,tidak,cool
2821,img2821.jpg,hiking,lavender,tidak,cool
2822,img2822.jpg,hiking,lavender,tidak,cool
2823,img2823.jpg,hiking,lavender,tidak,cool
2824,img2824.jpg,hiking,lavender,tidak,cool
2825,img2825.jpg,hiking,lavender,tidak,cool
2826,img2826.jpg,hiking,lavender,tidak,cool
2827,img2827.jpg,hiking,lavender,tidak,cool
2828,img2828.jpg,hiking,lavender,tidak,cool
2829,img2829.jpg,hiking,lavender,tidak,cool
2830,img2830.jpg,hiking,lavender,tidak,cool
2831,img2831.jpg,hiking,lavender,tidak,cool
2832,img2832.jpg,hiking,lavender,ya,cool
2833,img2833.jpg,hiking,lavender,tidak,cool
2834,img2834.jpg,hiking,lavender,tidak,cool
2835,img2835.jpg,hiking,lavender,tidak,cool
2836,img2836.jpg,hiking,lavender,ya,cool
2837,img2837.jpg,hiking,lavender,tidak,cool
2838,img2838.jpg,hiking,lavender,ya,cool
2839,img2839.jpg,hiking,lavender,tidak,cool
2840,img2840.jpg,hiking,lavender,tidak,cool
2841,img2841.jpg,hiking,lavender,tidak,cool
2842,img2842.jpg,hiking,lavender,tidak,cool
2843,img2843.jpg,hiking,lavender,tidak,cool
2844,img2844.jpg,hiking,lavender,tidak,cool
2845,img2845.jpg,hiking,lavender,tidak,cool
2846,img2846.jpg,hiking,lavender,tidak,cool
2847,img2847.jpg,hiking,lavender,tidak,cool
2848,img2848.jpg,smart_casual,lavender,tidak,cool
2849,img2849.jpg,smart_casual,lavender,tidak,cool
2850,img2850.jpg,smart_casual,lavender,tidak,cool
2851,img2851.jpg,smart_casual,lavender,tidak,cool
2852,img2852.jpg,smart_casual,lavender,tidak,cool
2853,img2853.jpg,smart_casual,lavender,tidak,cool
2854,img2854.jpg,smart_casual,lavender,tidak,cool
2855,img2855.jpg,smart_casual,lavender,tidak,cool
2856,img2856.jpg,smart_casual,lavender,tidak,cool
2857,img2857.jpg,smart_casual,lavender,tidak,cool
2858,img2858.jpg,smart_casual,lavender,ya,cool
2859,img2859.jpg,smart_casual,lavender,tidak,cool
2860,img2860.jpg,smart_casual,lavender,tidak,cool
2861,img2861.jpg,smart_casual,lavender,tidak,cool
2862,img2862.jpg,smart_casual,lavender,tidak,cool
2863,img2863.jpg,smart_casual,lavender,tidak,cool
2864,img2864.jpg,smart_casual,lavender,tidak,cool
2865,img2865.jpg,smart_casual,lavender,ya,cool
2866,img2866.jpg,smart_casual,lavender,tidak,cool
2867,img2867.jpg,smart_casual,lavender,tidak,cool
2868,img2868.jpg,smart_casual,lavender,tidak,cool
2869,img2869.jpg,smart_casual,lavender,ya,cool
2870,img2870.jpg,smart_casual,lavender,tidak,cool
2871,img2871.jpg,smart_casual,lavender,tidak,cool
2872,img2872.jpg,smart_casual,lavender,ya,cool
2873,img2873.jpg,smart_casual,lavender,ya,cool
2874,img2874.jpg,smart_casual,lavender,ya,cool
2875,img2875.jpg,smart_casual,lavender,ya,cool
2876,img2876.jpg,smart_casual,lavender,tidak,cool
2877,img2877.jpg,smart_casual,lavender,tidak,cool
2878,img2878.jpg,smart_casual,lavender,ya,cool
2879,img2879.jpg,smart_casual,lavender,tidak,cool
2880,img2880.jpg,smart_casual,lavender,tidak,cool
2881,img2881.jpg,smart_casual,lavender,ya,cool
2882,img2882.jpg,smart_casual,lavender,tidak,cool
2883,img2883.jpg,smart_casual,lavender,tidak,cool
2884,img2884.jpg,smart_casual,lavender,tidak,cool
2885,img2885.jpg,smart_casual,lavender,ya,cool
2886,img2886.jpg,smart_casual,lavender,tidak,cool
2887,img2887.jpg,smart_casual,lavender,ya,cool
2888,img2888.jpg,smart_casual,lavender,ya,cool
2889,img2889.jpg,smart_casual,lavender,tidak,cool
2890,img2890.jpg,smart_casual,lavender,ya,cool
2891,img2891.jpg,smart_casual,lavender,tidak,cool
2892,img2892.jpg,smart_casual,lavender,ya,cool
2893,img2893.jpg,smart_casual,lavender,ya,cool
2894,img2894.jpg,smart_casual,lavender,ya,cool
2895,img2895.jpg,smart_casual,lavender,tidak,cool
2896,img2896.jpg,smart_casual,lavender,ya,cool
2897,img2897.jpg,smart_casual,lavender,tidak,cool
2898,img2898.jpg,smart_casual,lavender,tidak,cool
2899,img2899.jpg,smart_casual,lavender,ya,cool
2900,img2900.jpg,smart_casual,lavender,ya,cool
2901,img2901.jpg,smart_casual,lavender,ya,cool
2902,img2902.jpg,smart_casual,lavender,tidak,cool
2903,img2903.jpg,smart_casual,lavender,tidak,cool
2904,img2904.jpg,smart_casual,lavender,tidak,cool
2905,img2905.jpg,smart_casual,lavender,tidak,cool
2906,img2906.jpg,smart_casual,lavender,tidak,cool
2907,img2907.jpg,smart_casual,lavender,ya,cool
2908,img2908.jpg,coffee_shop_hopping,navy,tidak,cool
2909,img2909.jpg,coffee_shop_hopping,navy,tidak,cool
2910,img2910.jpg,coffee_shop_hopping,navy,ya,cool
2911,img2911.jpg,coffee_shop_hopping,navy,ya,cool
2912,img2912.jpg,coffee_shop_hopping,navy,tidak,cool
2913,img2913.jpg,coffee_shop_hopping,navy,tidak,cool
2914,img2914.jpg,coffee_shop_hopping,navy,tidak,cool
2915,img2915.jpg,coffee_shop_hopping,navy,ya,cool
2916,img2916.jpg,coffee_shop_hopping,navy,ya,cool
2917,img2917.jpg,coffee_shop_hopping,navy,tidak,cool
2918,img2918.jpg,coffee_shop_hopping,navy,tidak,cool
2919,img2919.jpg,coffee_shop_hopping,navy,tidak,cool
2920,img2920.jpg,coffee_shop_hopping,navy,ya,cool
2921,img2921.jpg,coffee_shop_hopping,navy,ya,cool
2922,img2922.jpg,coffee_shop_hopping,navy,ya,cool
2923,img2923.jpg,coffee_shop_hopping,navy,ya,cool
2924,img2924.jpg,coffee_shop_hopping,navy,tidak,cool
2925,img2925.jpg,coffee_shop_hopping,navy,tidak,cool
2926,img2926.jpg,coffee_shop_hopping,navy,tidak,cool
2927,img2927.jpg,coffee_shop_hopping,navy,ya,cool
2928,img2928.jpg,coffee_shop_hopping,navy,tidak,cool
2929,img2929.jpg,coffee_shop_hopping,navy,ya,cool
2930,img2930.jpg,coffee_shop_hopping,navy,ya,cool
2931,img2931.jpg,coffee_shop_hopping,navy,tidak,cool
2932,img2932.jpg,coffee_shop_hopping,navy,ya,cool
2933,img2933.jpg,coffee_shop_hopping,navy,tidak,cool
2934,img2934.jpg,coffee_shop_hopping,navy,tidak,cool
2935,img2935.jpg,coffee_shop_hopping,navy,tidak,cool
2936,img2936.jpg,coffee_shop_hopping,black,tidak,cool
2937,img2937.jpg,coffee_shop_hopping,brown,tidak,cool
2938,img2938.jpg,coffee_shop_hopping,navy,ya,cool
2939,img2939.jpg,coffee_shop_hopping,navy,tidak,cool
2940,img2940.jpg,coffee_shop_hopping,navy,ya,cool
2941,img2941.jpg,coffee_shop_hopping,navy,ya,cool
2942,img2942.jpg,coffee_shop_hopping,navy,tidak,cool
2943,img2943.jpg,coffee_shop_hopping,navy,ya,cool
2944,img2944.jpg,coffee_shop_hopping,navy,tidak,cool
2945,img2945.jpg,coffee_shop_hopping,navy,ya,cool
2946,img2946.jpg,coffee_shop_hopping,navy,ya,cool
2947,img2947.jpg,coffee_shop_hopping,navy,ya,cool
2948,img2948.jpg,coffee_shop_hopping,navy,ya,cool
2949,img2949.jpg,coffee_shop_hopping,navy,ya,cool
2950,img2950.jpg,coffee_shop_hopping,navy,ya,cool
2951,img2951.jpg,coffee_shop_hopping,navy,ya,cool
2952,img2952.jpg,coffee_shop_hopping,navy,ya,cool
2953,img2953.jpg,coffee_shop_hopping,navy,ya,cool
2954,img2954.jpg,coffee_shop_hopping,navy,tidak,cool
2955,img2955.jpg,coffee_shop_hopping,navy,tidak,cool
2956,img2956.jpg,coffee_shop_hopping,navy,ya,cool
2957,img2957.jpg,coffee_shop_hopping,navy,ya,cool
2958,img2958.jpg,coffee_shop_hopping,navy,tidak,cool
2959,img2959.jpg,coffee_shop_hopping,navy,tidak,cool
2960,img2960.jpg,coffee_shop_hopping,navy,tidak,cool
2961,img2961.jpg,coffee_shop_hopping,navy,ya,cool
2962,img2962.jpg,coffee_shop_hopping,navy,tidak,cool
2963,img2963.jpg,coffee_shop_hopping,navy,ya,cool
2964,img2964.jpg,coffee_shop_hopping,navy,ya,cool
2965,img2965.jpg,coffee_shop_hopping,navy,tidak,cool
2966,img2966.jpg,coffee_shop_hopping,navy,tidak,cool
2967,img2967.jpg,coffee_shop_hopping,navy,tidak,cool
2968,img2968.jpg,coffee_shop_hopping,navy,ya,cool
2969,img2969.jpg,coffee_shop_hopping,navy,tidak,cool
2970,img2970.jpg,coffee_shop_hopping,navy,tidak,cool
2971,img2971.jpg,coffee_shop_hopping,navy,ya,cool
2972,img2972.jpg,coffee_shop_hopping,navy,ya,cool
2973,img2973.jpg,coffee_shop_hopping,navy,tidak,cool
2974,img2974.jpg,coffee_shop_hopping,navy,tidak,cool
2975,img2975.jpg,coffee_shop_hopping,navy,tidak,cool
2976,img2976.jpg,coffee_shop_hopping,navy,tidak,cool
2977,img2977.jpg,coffee_shop_hopping,navy,tidak,cool
2978,img2978.jpg,coffee_shop_hopping,navy,tidak,cool
2979,img2979.jpg,dinner,navy,ya,cool
2980,img2980.jpg,dinner,navy,ya,cool
2981,img2981.jpg,dinner,navy,tidak,cool
2982,img2982.jpg,dinner,navy,ya,cool
2983,img2983.jpg,dinner,navy,tidak,cool
2984,img2984.jpg,dinner,navy,tidak,cool
2985,img2985.jpg,dinner,navy,ya,cool
2986,img2986.jpg,dinner,navy,ya,cool
2987,img2987.jpg,dinner,navy,tidak,cool
2988,img2988.jpg,dinner,navy,ya,cool
2989,img2989.jpg,dinner,navy,tidak,cool
2990,img2990.jpg,dinner,navy,ya,cool
2991,img2991.jpg,dinner,navy,tidak,cool
2992,img2992.jpg,dinner,navy,tidak,cool
2993,img2993.jpg,dinner,navy,ya,cool
2994,img2994.jpg,dinner,navy,tidak,cool
2995,img2995.jpg,dinner,navy,tidak,cool
2996,img2996.jpg,dinner,navy,tidak,cool
2997,img2997.jpg,dinner,navy,tidak,cool
2998,img2998.jpg,dinner,navy,tidak,cool
2999,img2999.jpg,dinner,navy,tidak,cool
3000,img3000.jpg,dinner,navy,tidak,cool
3001,img3001.jpg,dinner,navy,tidak,cool
3002,img3002.jpg,dinner,navy,ya,cool
3003,img3003.jpg,dinner,navy,tidak,cool
3004,img3004.jpg,dinner,navy,tidak,cool
3005,img3005.jpg,dinner,navy,tidak,cool
3006,img3006.jpg,dinner,navy,tidak,cool
3007,img3007.jpg,dinner,navy,ya,cool
3008,img3008.jpg,dinner,navy,tidak,cool
3009,img3009.jpg,dinner,navy,ya,cool
3010,img3010.jpg,dinner,navy,ya,cool
3011,img3011.jpg,dinner,navy,ya,cool
3012,img3012.jpg,dinner,navy,tidak,cool
3013,img3013.jpg,dinner,navy,ya,cool
3014,img3014.jpg,dinner,navy,ya,cool
3015,img3015.jpg,dinner,navy,ya,cool
3016,img3016.jpg,dinner,navy,ya,cool
3017,img3017.jpg,dinner,navy,ya,cool
3018,img3018.jpg,dinner,navy,tidak,cool
3019,img3019.jpg,dinner,navy,tidak,cool
3020,img3020.jpg,dinner,navy,ya,cool
3021,img3021.jpg,dinner,navy,tidak,cool
3022,img3022.jpg,dinner,navy,ya,cool
3023,img3023.jpg,dinner,navy,tidak,cool
3024,img3024.jpg,dinner,navy,ya,cool
3025,img3025.jpg,dinner,navy,tidak,cool
3026,img3026.jpg,dinner,navy,ya,cool
3027,img3027.jpg,dinner,navy,ya,cool
3028,img3028.jpg,dinner,navy,tidak,cool
3029,img3029.jpg,dinner,navy,ya,cool
3030,img3030.jpg,gym_to_caffe,navy,tidak,cool
3031,img3031.jpg,gym_to_caffe,navy,ya,cool
3032,img3032.jpg,gym_to_caffe,navy,tidak,cool
3033,img3033.jpg,gym_to_caffe,navy,tidak,cool
3034,img3034.jpg,gym_to_caffe,navy,ya,cool
3035,img3035.jpg,gym_to_caffe,navy,tidak,cool
3036,img3036.jpg,gym_to_caffe,navy,tidak,cool
3037,img3037.jpg,gym_to_caffe,navy,tidak,cool
3038,img3038.jpg,gym_to_caffe,navy,tidak,cool
3039,img3039.jpg,gym_to_caffe,navy,tidak,cool
3040,img3040.jpg,gym_to_caffe,navy,tidak,cool
3041,img3041.jpg,gym_to_caffe,navy,tidak,cool
3042,img3042.jpg,gym_to_caffe,navy,tidak,cool
3043,img3043.jpg,gym_to_caffe,navy,tidak,cool
3044,img3044.jpg,gym_to_caffe,navy,tidak,cool
3045,img3045.jpg,gym_to_caffe,navy,tidak,cool
3046,img3046.jpg,gym_to_caffe,navy,tidak,cool
3047,img3047.jpg,gym_to_caffe,navy,tidak,cool
3048,img3048.jpg,gym_to_caffe,navy,tidak,cool
3049,img3049.jpg,gym_to_caffe,navy,tidak,cool
3050,img3050.jpg,gym_to_caffe,navy,tidak,cool
3051,img3051.jpg,gym_to_caffe,navy,ya,cool
3052,img3052.jpg,gym_to_caffe,navy,tidak,cool
3053,img3053.jpg,gym_to_caffe,navy,tidak,cool
3054,img3054.jpg,gym_to_caffe,navy,tidak,cool
3055,img3055.jpg,gym_to_caffe,navy,tidak,cool
3056,img3056.jpg,gym_to_caffe,navy,tidak,cool
3057,img3057.jpg,gym_to_caffe,navy,tidak,cool
3058,img3058.jpg,gym_to_caffe,navy,tidak,cool
3059,img3059.jpg,gym_to_caffe,navy,ya,cool
3060,img3060.jpg,gym_to_caffe,navy,tidak,cool
3061,img3061.jpg,gym_to_caffe,navy,tidak,cool
3062,img3062.jpg,gym_to_caffe,navy,ya,cool
3063,img3063.jpg,gym_to_caffe,navy,ya,cool
3064,img3064.jpg,gym_to_caffe,navy,tidak,cool
3065,img3065.jpg,gym_to_caffe,navy,tidak,cool
3066,img3066.jpg,gym_to_caffe,navy,tidak,cool
3067,img3067.jpg,gym_to_caffe,navy,tidak,cool
3068,img3068.jpg,gym_to_caffe,navy,tidak,cool
3069,img3069.jpg,gym_to_caffe,navy,tidak,cool
3070,img3070.jpg,gym_to_caffe,navy,tidak,cool
3071,img3071.jpg,gym_to_caffe,navy,tidak,cool
3072,img3072.jpg,gym_to_caffe,navy,tidak,cool
3073,img3073.jpg,gym_to_caffe,navy,ya,cool
3074,img3074.jpg,gym_to_caffe,navy,tidak,cool
3075,img3075.jpg,gym_to_caffe,navy,tidak,cool
3076,img3076.jpg,gym_to_caffe,navy,tidak,cool
3077,img3077.jpg,gym_to_caffe,navy,ya,cool
3078,img3078.jpg,gym_to_caffe,navy,tidak,cool
3079,img3079.jpg,gym_to_caffe,navy,ya,cool
3080,img3080.jpg,gym_to_caffe,navy,tidak,cool
3081,img3081.jpg,gym_to_caffe,navy,tidak,cool
3082,img3082.jpg,gym_to_caffe,navy,tidak,cool
3083,img3083.jpg,gym_to_caffe,navy,ya,cool
3084,img3084.jpg,gym_to_caffe,navy,tidak,cool
3085,img3085.jpg,gym_to_caffe,navy,ya,cool
3086,img3086.jpg,gym_to_caffe,navy,tidak,cool
3087,img3087.jpg,gym_to_caffe,navy,ya,cool
3088,img3088.jpg,gym_to_caffe,navy,tidak,cool
3089,img3089.jpg,gym_to_caffe,navy,tidak,cool
3090,img3090.jpg,gym_to_caffe,navy,tidak,cool
3091,img3091.jpg,gym_to_caffe,navy,tidak,cool
3092,img3092.jpg,gym_to_caffe,navy,ya,cool
3093,img3093.jpg,gym_to_caffe,navy,tidak,cool
3094,img3094.jpg,gym_to_caffe,navy,tidak,cool
3095,img3095.jpg,gym_to_caffe,navy,ya,cool
3096,img3096.jpg,gym_to_caffe,navy,tidak,cool
3097,img3097.jpg,gym_to_caffe,navy,tidak,cool
3098,img3098.jpg,gym_to_caffe,navy,tidak,cool
3099,img3099.jpg,gym_to_caffe,navy,tidak,cool
3100,img3100.jpg,gym_to_caffe,navy,tidak,cool
3101,img3101.jpg,gym_to_caffe,navy,tidak,cool
3102,img3102.jpg,gym_to_caffe,navy,tidak,cool
3103,img3103.jpg,gym_to_caffe,navy,tidak,cool
3104,img3104.jpg,gym_to_caffe,navy,tidak,cool
3105,img3105.jpg,gym_to_caffe,navy,ya,cool
3106,img3106.jpg,gym_to_caffe,navy,tidak,cool
3107,img3107.jpg,gym_to_caffe,navy,tidak,cool
3108,img3108.jpg,gym_to_caffe,navy,tidak,cool
3109,img3109.jpg,gym_to_caffe,navy,tidak,cool
3110,img3110.jpg,gym_to_caffe,navy,tidak,cool
3111,img3111.jpg,gym_to_caffe,navy,tidak,cool
3112,img3112.jpg,gym_to_caffe,navy,tidak,cool
3113,img3113.jpg,gym_to_caffe,navy,tidak,cool
3114,img3114.jpg,gym_to_caffe,navy,tidak,cool
3115,img3115.jpg,gym_to_caffe,navy,ya,cool
3116,img3116.jpg,gym_to_caffe,navy,tidak,cool
3117,img3117.jpg,gym_to_caffe,navy,tidak,cool
3118,img3118.jpg,gym_to_caffe,navy,ya,cool
3119,img3119.jpg,gym_to_caffe,navy,tidak,cool
3120,img3120.jpg,hiking,navy,ya,cool
3121,img3121.jpg,hiking,navy,tidak,cool
3122,img3122.jpg,hiking,navy,ya,cool
3123,img3123.jpg,hiking,navy,tidak,cool
3124,img3124.jpg,hiking,navy,tidak,cool
3125,img3125.jpg,hiking,navy,tidak,cool
3126,img3126.jpg,hiking,navy,tidak,cool
3127,img3127.jpg,hiking,navy,tidak,cool
3128,img3128.jpg,hiking,navy,tidak,cool
3129,img3129.jpg,hiking,navy,tidak,cool
3130,img3130.jpg,hiking,navy,tidak,cool
3131,img3131.jpg,hiking,navy,ya,cool
3132,img3132.jpg,hiking,navy,tidak,cool
3133,img3133.jpg,hiking,navy,ya,cool
3134,img3134.jpg,hiking,navy,ya,cool
3135,img3135.jpg,hiking,navy,tidak,cool
3136,img3136.jpg,hiking,navy,tidak,cool
3137,img3137.jpg,hiking,navy,tidak,cool
3138,img3138.jpg,hiking,navy,tidak,cool
3139,img3139.jpg,hiking,navy,ya,cool
3140,img3140.jpg,hiking,navy,tidak,cool
3141,img3141.jpg,hiking,navy,ya,cool
3142,img3142.jpg,hiking,navy,ya,cool
3143,img3143.jpg,hiking,navy,ya,cool
3144,img3144.jpg,hiking,navy,tidak,cool
3145,img3145.jpg,hiking,navy,tidak,cool
3146,img3146.jpg,hiking,navy,tidak,cool
3147,img3147.jpg,hiking,navy,tidak,cool
3148,img3148.jpg,hiking,navy,ya,cool
3149,img3149.jpg,hiking,navy,tidak,cool
3150,img3150.jpg,hiking,navy,tidak,cool
3151,img3151.jpg,hiking,navy,tidak,cool
3152,img3152.jpg,hiking,navy,ya,cool
3153,img3153.jpg,hiking,navy,tidak,cool
3154,img3154.jpg,hiking,navy,ya,cool
3155,img3155.jpg,hiking,navy,tidak,cool
3156,img3156.jpg,hiking,navy,tidak,cool
3157,img3157.jpg,hiking,navy,tidak,cool
3158,img3158.jpg,hiking,navy,ya,cool
3159,img3159.jpg,hiking,navy,tidak,cool
3160,img3160.jpg,hiking,navy,tidak,cool
3161,img3161.jpg,hiking,navy,ya,cool
3162,img3162.jpg,hiking,navy,tidak,cool
3163,img3163.jpg,hiking,navy,tidak,cool
3164,img3164.jpg,hiking,navy,tidak,cool
3165,img3165.jpg,hiking,navy,tidak,cool
3166,img3166.jpg,hiking,navy,tidak,cool
3167,img3167.jpg,hiking,navy,tidak,cool
3168,img3168.jpg,hiking,navy,ya,cool
3169,img3169.jpg,hiking,navy,tidak,cool
3170,img3170.jpg,hiking,navy,tidak,cool
3171,img3171.jpg,hiking,navy,ya,cool
3172,img3172.jpg,hiking,navy,tidak,cool
3173,img3173.jpg,hiking,navy,tidak,cool
3174,img3174.jpg,hiking,navy,tidak,cool
3175,img3175.jpg,hiking,navy,tidak,cool
3176,img3176.jpg,hiking,navy,tidak,cool
3177,img3177.jpg,hiking,navy,tidak,cool
3178,img3178.jpg,hiking,navy,tidak,cool
3179,img3179.jpg,smart_casual,navy,ya,cool
3180,img3180.jpg,smart_casual,navy,ya,cool
3181,img3181.jpg,smart_casual,navy,tidak,cool
3182,img3182.jpg,smart_casual,navy,tidak,cool
3183,img3183.jpg,smart_casual,navy,tidak,cool
3184,img3184.jpg,smart_casual,navy,tidak,cool
3185,img3185.jpg,smart_casual,navy,tidak,cool
3186,img3186.jpg,smart_casual,navy,tidak,cool
3187,img3187.jpg,smart_casual,navy,tidak,cool
3188,img3188.jpg,smart_casual,navy,tidak,cool
3189,img3189.jpg,smart_casual,navy,ya,cool
3190,img3190.jpg,smart_casual,navy,ya,cool
3191,img3191.jpg,smart_casual,navy,tidak,cool
3192,img3192.jpg,smart_casual,navy,tidak,cool
3193,img3193.jpg,smart_casual,navy,tidak,cool
3194,img3194.jpg,smart_casual,navy,tidak,cool
3195,img3195.jpg,smart_casual,navy,tidak,cool
3196,img3196.jpg,smart_casual,navy,tidak,cool
3197,img3197.jpg,smart_casual,navy,tidak,cool
3198,img3198.jpg,smart_casual,navy,ya,cool
3199,img3199.jpg,smart_casual,navy,tidak,cool
3200,img3200.jpg,smart_casual,navy,tidak,cool
3201,img3201.jpg,smart_casual,navy,ya,cool
3202,img3202.jpg,smart_casual,navy,ya,cool
3203,img3203.jpg,smart_casual,navy,tidak,cool
3204,img3204.jpg,smart_casual,navy,ya,cool
3205,img3205.jpg,smart_casual,navy,ya,cool
3206,img3206.jpg,smart_casual,navy,ya,cool
3207,img3207.jpg,smart_casual,navy,ya,cool
3208,img3208.jpg,smart_casual,navy,ya,cool
3209,img3209.jpg,smart_casual,navy,tidak,cool
3210,img3210.jpg,smart_casual,navy,tidak,cool
3211,img3211.jpg,smart_casual,navy,tidak,cool
3212,img3212.jpg,smart_casual,navy,tidak,cool
3213,img3213.jpg,smart_casual,navy,tidak,cool
3214,img3214.jpg,smart_casual,navy,tidak,cool
3215,img3215.jpg,smart_casual,navy,ya,cool
3216,img3216.jpg,smart_casual,navy,ya,cool
3217,img3217.jpg,smart_casual,navy,ya,cool
3218,img3218.jpg,smart_casual,navy,tidak,cool
3219,img3219.jpg,smart_casual,navy,ya,cool
3220,img3220.jpg,smart_casual,navy,tidak,cool
3221,img3221.jpg,smart_casual,navy,ya,cool
3222,img3222.jpg,smart_casual,navy,tidak,cool
3223,img3223.jpg,smart_casual,navy,ya,cool
3224,img3224.jpg,smart_casual,navy,ya,cool
3225,img3225.jpg,smart_casual,navy,ya,cool
3226,img3226.jpg,smart_casual,navy,ya,cool
3227,img3227.jpg,smart_casual,navy,ya,cool
3228,img3228.jpg,smart_casual,navy,ya,cool
3229,img3229.jpg,smart_casual,navy,ya,cool
3230,img3230.jpg,smart_casual,navy,ya,cool
3231,img3231.jpg,smart_casual,navy,tidak,cool
3232,img3232.jpg,smart_casual,navy,ya,cool
3233,img3233.jpg,smart_casual,navy,ya,cool
3234,img3234.jpg,smart_casual,navy,ya,cool
3235,img3235.jpg,smart_casual,navy,ya,cool
3236,img3236.jpg,smart_casual,navy,ya,cool
3237,img3237.jpg,smart_casual,navy,ya,cool
3238,img3238.jpg,smart_casual,navy,ya,cool
3239,img3239.jpg,smart_casual,navy,tidak,cool
3240,img3240.jpg,coffee_shop_hopping,plum,tidak,cool
3241,img3241.jpg,coffee_shop_hopping,plum,ya,cool
3242,img3242.jpg,coffee_shop_hopping,plum,ya,cool
3243,img3243.jpg,coffee_shop_hopping,plum,tidak,cool
3244,img3244.jpg,coffee_shop_hopping,plum,tidak,cool
3245,img3245.jpg,coffee_shop_hopping,plum,tidak,cool
3246,img3246.jpg,coffee_shop_hopping,plum,ya,cool
3247,img3247.jpg,coffee_shop_hopping,plum,tidak,cool
3248,img3248.jpg,coffee_shop_hopping,plum,tidak,cool
3249,img3249.jpg,coffee_shop_hopping,plum,tidak,cool
3250,img3250.jpg,coffee_shop_hopping,plum,tidak,cool
3251,img3251.jpg,coffee_shop_hopping,plum,ya,cool
3252,img3252.jpg,coffee_shop_hopping,plum,tidak,cool
3253,img3253.jpg,coffee_shop_hopping,plum,tidak,cool
3254,img3254.jpg,coffee_shop_hopping,plum,tidak,cool
3255,img3255.jpg,coffee_shop_hopping,plum,tidak,cool
3256,img3256.jpg,coffee_shop_hopping,plum,tidak,cool
3257,img3257.jpg,coffee_shop_hopping,plum,tidak,cool
3258,img3258.jpg,coffee_shop_hopping,plum,tidak,cool
3259,img3259.jpg,coffee_shop_hopping,plum,tidak,cool
3260,img3260.jpg,coffee_shop_hopping,plum,tidak,cool
3261,img3261.jpg,coffee_shop_hopping,plum,tidak,cool
3262,img3262.jpg,coffee_shop_hopping,plum,tidak,cool
3263,img3263.jpg,coffee_shop_hopping,plum,tidak,cool
3264,img3264.jpg,coffee_shop_hopping,plum,tidak,cool
3265,img3265.jpg,coffee_shop_hopping,plum,ya,cool
3267,img3267.jpg,coffee_shop_hopping,plum,tidak,cool
3268,img3268.jpg,coffee_shop_hopping,plum,tidak,cool
3269,img3269.jpg,coffee_shop_hopping,plum,tidak,cool
3270,img3270.jpg,coffee_shop_hopping,plum,tidak,cool
3271,img3271.jpg,coffee_shop_hopping,plum,tidak,cool
3272,img3272.jpg,coffee_shop_hopping,plum,ya,cool
3273,img3273.jpg,coffee_shop_hopping,plum,tidak,cool
3274,img3274.jpg,coffee_shop_hopping,plum,ya,cool
3275,img3275.jpg,coffee_shop_hopping,plum,tidak,cool
3276,img3276.jpg,coffee_shop_hopping,plum,tidak,cool
3277,img3277.jpg,coffee_shop_hopping,plum,ya,cool
3278,img3278.jpg,coffee_shop_hopping,plum,tidak,cool
3279,img3279.jpg,coffee_shop_hopping,plum,ya,cool
3280,img3280.jpg,coffee_shop_hopping,plum,tidak,cool
3281,img3281.jpg,coffee_shop_hopping,plum,tidak,cool
3282,img3282.jpg,coffee_shop_hopping,plum,ya,cool
3283,img3283.jpg,coffee_shop_hopping,plum,tidak,cool
3284,img3284.jpg,coffee_shop_hopping,plum,tidak,cool
3285,img3285.jpg,coffee_shop_hopping,plum,ya,cool
3286,img3286.jpg,coffee_shop_hopping,plum,ya,cool
3287,img3287.jpg,coffee_shop_hopping,plum,ya,cool
3288,img3288.jpg,coffee_shop_hopping,plum,ya,cool
3289,img3289.jpg,coffee_shop_hopping,plum,tidak,cool
3290,img3290.jpg,coffee_shop_hopping,plum,tidak,cool
3291,img3291.jpg,coffee_shop_hopping,plum,tidak,cool
3292,img3292.jpg,coffee_shop_hopping,plum,tidak,cool
3293,img3293.jpg,coffee_shop_hopping,plum,tidak,cool
3294,img3294.jpg,coffee_shop_hopping,plum,ya,cool
3295,img3295.jpg,coffee_shop_hopping,plum,tidak,cool
3296,img3296.jpg,coffee_shop_hopping,plum,ya,cool
3297,img3297.jpg,coffee_shop_hopping,plum,ya,cool
3298,img3298.jpg,coffee_shop_hopping,plum,ya,cool
3299,img3299.jpg,coffee_shop_hopping,plum,tidak,cool
3300,img3300.jpg,coffee_shop_hopping,plum,ya,cool
3301,img3301.jpg,coffee_shop_hopping,plum,tidak,cool
3302,img3302.jpg,coffee_shop_hopping,plum,ya,cool
3303,img3303.jpg,coffee_shop_hopping,plum,tidak,cool
3304,img3304.jpg,coffee_shop_hopping,plum,tidak,cool
3305,img3305.jpg,coffee_shop_hopping,plum,tidak,cool
3306,img3306.jpg,coffee_shop_hopping,plum,ya,cool
3307,img3307.jpg,coffee_shop_hopping,plum,tidak,cool
3308,img3308.jpg,coffee_shop_hopping,plum,tidak,cool
3309,img3309.jpg,coffee_shop_hopping,plum,tidak,cool
3310,img3310.jpg,coffee_shop_hopping,plum,tidak,cool
3311,img3311.jpg,coffee_shop_hopping,plum,ya,cool
3312,img3312.jpg,coffee_shop_hopping,plum,tidak,cool
3313,img3313.jpg,coffee_shop_hopping,plum,tidak,cool
3314,img3314.jpg,dinner,plum,ya,cool
3315,img3315.jpg,dinner,plum,ya,cool
3316,img3316.jpg,dinner,plum,ya,cool
3317,img3317.jpg,dinner,plum,ya,cool
3318,img3318.jpg,dinner,plum,ya,cool
3319,img3319.jpg,dinner,plum,tidak,cool
3320,img3320.jpg,dinner,plum,ya,cool
3321,img3321.jpg,dinner,plum,tidak,cool
3322,img3322.jpg,dinner,plum,tidak,cool
3323,img3323.jpg,dinner,plum,tidak,cool
3324,img3324.jpg,dinner,plum,tidak,cool
3325,img3325.jpg,dinner,plum,tidak,cool
3326,img3326.jpg,dinner,plum,tidak,cool
3327,img3327.jpg,dinner,plum,tidak,cool
3328,img3328.jpg,dinner,plum,tidak,cool
3329,img3329.jpg,dinner,plum,tidak,cool
3330,img3330.jpg,dinner,plum,ya,cool
3331,img3331.jpg,dinner,plum,ya,cool
3332,img3332.jpg,dinner,plum,tidak,cool
3333,img3333.jpg,dinner,plum,tidak,cool
3334,img3334.jpg,dinner,plum,ya,cool
3335,img3335.jpg,dinner,plum,ya,cool
3336,img3336.jpg,dinner,plum,ya,cool
3337,img3337.jpg,dinner,plum,ya,cool
3338,img3338.jpg,dinner,plum,ya,cool
3339,img3339.jpg,dinner,plum,ya,cool
3340,img3340.jpg,dinner,plum,ya,cool
3341,img3341.jpg,dinner,plum,ya,cool
3342,img3342.jpg,dinner,plum,ya,cool
3343,img3343.jpg,dinner,plum,tidak,cool
3344,img3344.jpg,dinner,plum,ya,cool
3345,img3345.jpg,dinner,plum,tidak,cool
3346,img3346.jpg,dinner,plum,ya,cool
3347,img3347.jpg,dinner,plum,ya,cool
3348,img3348.jpg,dinner,plum,ya,cool
3349,img3349.jpg,dinner,plum,ya,cool
3350,img3350.jpg,dinner,plum,ya,cool
3351,img3351.jpg,dinner,plum,tidak,cool
3352,img3352.jpg,dinner,plum,ya,cool
3353,img3353.jpg,dinner,plum,ya,cool
3354,img3354.jpg,dinner,plum,ya,cool
3355,img3355.jpg,dinner,plum,ya,cool
3356,img3356.jpg,dinner,plum,ya,cool
3357,img3357.jpg,dinner,plum,ya,cool
3358,img3358.jpg,dinner,plum,tidak,cool
3359,img3359.jpg,dinner,plum,tidak,cool
3360,img3360.jpg,dinner,plum,ya,cool
3361,img3361.jpg,dinner,plum,ya,cool
3362,img3362.jpg,dinner,plum,ya,cool
3363,img3363.jpg,dinner,plum,tidak,cool
3364,img3364.jpg,dinner,plum,tidak,cool
3365,img3365.jpg,dinner,plum,ya,cool
3366,img3366.jpg,dinner,plum,ya,cool
3367,img3367.jpg,dinner,plum,ya,cool
3368,img3368.jpg,dinner,plum,tidak,cool
3369,img3369.jpg,dinner,plum,ya,cool
3370,img3370.jpg,dinner,plum,ya,cool
3371,img3371.jpg,dinner,plum,ya,cool
3372,img3372.jpg,dinner,plum,ya,cool
3374,img3374.jpg,dinner,plum,ya,cool
3375,img3375.jpg,dinner,plum,tidak,cool
3376,img3376.jpg,dinner,plum,tidak,cool
3377,img3377.jpg,dinner,plum,tidak,cool
3378,img3378.jpg,gym_to_caffe,plum,tidak,cool
3379,img3379.jpg,gym_to_caffe,plum,tidak,cool
3380,img3380.jpg,gym_to_caffe,plum,ya,cool
3381,img3381.jpg,gym_to_caffe,plum,tidak,cool
3382,img3382.jpg,gym_to_caffe,plum,tidak,cool
3383,img3383.jpg,gym_to_caffe,plum,tidak,cool
3384,img3384.jpg,gym_to_caffe,plum,tidak,cool
3385,img3385.jpg,gym_to_caffe,plum,tidak,cool
3386,img3386.jpg,gym_to_caffe,plum,tidak,cool
3387,img3387.jpg,gym_to_caffe,plum,tidak,cool
3388,img3388.jpg,gym_to_caffe,plum,tidak,cool
3389,img3389.jpg,gym_to_caffe,plum,tidak,cool
3390,img3390.jpg,gym_to_caffe,plum,tidak,cool
3391,img3391.jpg,gym_to_caffe,plum,tidak,cool
3392,img3392.jpg,gym_to_caffe,plum,tidak,cool
3393,img3393.jpg,gym_to_caffe,plum,tidak,cool
3394,img3394.jpg,gym_to_caffe,plum,tidak,cool
3395,img3395.jpg,gym_to_caffe,plum,tidak,cool
3396,img3396.jpg,gym_to_caffe,plum,tidak,cool
3397,img3397.jpg,gym_to_caffe,plum,tidak,cool
3398,img3398.jpg,gym_to_caffe,plum,tidak,cool
3399,img3399.jpg,gym_to_caffe,plum,tidak,cool
3400,img3400.jpg,gym_to_caffe,plum,tidak,cool
3401,img3401.jpg,gym_to_caffe,plum,tidak,cool
3402,img3402.jpg,gym_to_caffe,plum,ya,cool
3403,img3403.jpg,gym_to_caffe,plum,tidak,cool
3404,img3404.jpg,gym_to_caffe,plum,ya,cool
3405,img3405.jpg,gym_to_caffe,plum,tidak,cool
3406,img3406.jpg,gym_to_caffe,plum,tidak,cool
3407,img3407.jpg,gym_to_caffe,plum,tidak,cool
3408,img3408.jpg,gym_to_caffe,plum,tidak,cool
3409,img3409.jpg,gym_to_caffe,plum,ya,cool
3410,img3410.jpg,gym_to_caffe,plum,tidak,cool
3411,img3411.jpg,gym_to_caffe,plum,tidak,cool
3412,img3412.jpg,gym_to_caffe,plum,tidak,cool
3413,img3413.jpg,gym_to_caffe,plum,ya,cool
3414,img3414.jpg,gym_to_caffe,plum,tidak,cool
3415,img3415.jpg,gym_to_caffe,plum,tidak,cool
3416,img3416.jpg,gym_to_caffe,plum,tidak,cool
3417,img3417.jpg,gym_to_caffe,plum,tidak,cool
3418,img3418.jpg,gym_to_caffe,plum,tidak,cool
3419,img3419.jpg,gym_to_caffe,plum,tidak,cool
3420,img3420.jpg,gym_to_caffe,plum,tidak,cool
3421,img3421.jpg,gym_to_caffe,plum,tidak,cool
3422,img3422.jpg,gym_to_caffe,plum,tidak,cool
3423,img3423.jpg,gym_to_caffe,plum,tidak,cool
3424,img3424.jpg,gym_to_caffe,plum,tidak,cool
3425,img3425.jpg,gym_to_caffe,plum,tidak,cool
3426,img3426.jpg,gym_to_caffe,plum,tidak,cool
3427,img3427.jpg,gym_to_caffe,plum,tidak,cool
3428,img3428.jpg,gym_to_caffe,plum,tidak,cool
3429,img3429.jpg,gym_to_caffe,plum,tidak,cool
3430,img3430.jpg,gym_to_caffe,plum,tidak,cool
3431,img3431.jpg,gym_to_caffe,plum,tidak,cool
3432,img3432.jpg,gym_to_caffe,plum,tidak,cool
3433,img3433.jpg,gym_to_caffe,plum,ya,cool
3434,img3434.jpg,gym_to_caffe,plum,tidak,cool
3435,img3435.jpg,gym_to_caffe,plum,tidak,cool
3436,img3436.jpg,gym_to_caffe,plum,tidak,cool
3437,img3437.jpg,gym_to_caffe,plum,tidak,cool
3438,img3438.jpg,gym_to_caffe,plum,ya,cool
3439,img3439.jpg,gym_to_caffe,plum,ya,cool
3440,img3440.jpg,gym_to_caffe,plum,tidak,cool
3441,img3441.jpg,gym_to_caffe,plum,tidak,cool
3442,img3442.jpg,gym_to_caffe,plum,tidak,cool
3443,img3443.jpg,gym_to_caffe,plum,tidak,cool
3444,img3444.jpg,gym_to_caffe,plum,tidak,cool
3445,img3445.jpg,gym_to_caffe,plum,tidak,cool
3446,img3446.jpg,gym_to_caffe,plum,ya,cool
3447,img3447.jpg,gym_to_caffe,plum,tidak,cool
3448,img3448.jpg,gym_to_caffe,plum,tidak,cool
3449,img3449.jpg,gym_to_caffe,plum,tidak,cool
3450,img3450.jpg,hiking,plum,tidak,cool
3451,img3451.jpg,hiking,plum,tidak,cool
3452,img3452.jpg,hiking,plum,tidak,cool
3453,img3453.jpg,hiking,plum,tidak,cool
3454,img3454.jpg,hiking,plum,tidak,cool
3455,img3455.jpg,hiking,plum,tidak,cool
3456,img3456.jpg,hiking,plum,tidak,cool
3457,img3457.jpg,hiking,plum,ya,cool
3458,img3458.jpg,hiking,plum,tidak,cool
3459,img3459.jpg,hiking,plum,tidak,cool
3460,img3460.jpg,hiking,plum,tidak,cool
3461,img3461.jpg,hiking,plum,tidak,cool
3462,img3462.jpg,hiking,plum,ya,cool
3463,img3463.jpg,hiking,plum,tidak,cool
3464,img3464.jpg,hiking,plum,tidak,cool
3465,img3465.jpg,hiking,plum,tidak,cool
3466,img3466.jpg,hiking,plum,tidak,cool
3467,img3467.jpg,hiking,plum,tidak,cool
3468,img3468.jpg,hiking,plum,tidak,cool
3469,img3469.jpg,hiking,plum,tidak,cool
3470,img3470.jpg,hiking,plum,tidak,cool
3471,img3471.jpg,hiking,plum,ya,cool
3472,img3472.jpg,hiking,plum,ya,cool
3473,img3473.jpg,hiking,plum,tidak,cool
3474,img3474.jpg,hiking,plum,tidak,cool
3475,img3475.jpg,hiking,plum,tidak,cool
3476,img3476.jpg,hiking,plum,tidak,cool
3477,img3477.jpg,hiking,plum,tidak,cool
3478,img3478.jpg,hiking,plum,tidak,cool
3479,img3479.jpg,hiking,plum,ya,cool
3480,img3480.jpg,hiking,plum,tidak,cool
3481,img3481.jpg,hiking,plum,tidak,cool
3482,img3482.jpg,hiking,plum,tidak,cool
3483,img3483.jpg,hiking,plum,tidak,cool
3484,img3484.jpg,hiking,plum,tidak,cool
3485,img3485.jpg,smart_casual,plum,ya,cool
3486,img3486.jpg,smart_casual,plum,ya,cool
3487,img3487.jpg,smart_casual,plum,tidak,cool
3488,img3488.jpg,smart_casual,plum,tidak,cool
3489,img3489.jpg,smart_casual,plum,tidak,cool
3490,img3490.jpg,smart_casual,plum,tidak,cool
3491,img3491.jpg,smart_casual,plum,ya,cool
3492,img3492.jpg,smart_casual,plum,tidak,cool
3493,img3493.jpg,smart_casual,plum,ya,cool
3494,img3494.jpg,smart_casual,plum,ya,cool
3495,img3495.jpg,smart_casual,plum,ya,cool
3496,img3496.jpg,smart_casual,plum,ya,cool
3497,img3497.jpg,smart_casual,plum,tidak,cool
3498,img3498.jpg,smart_casual,plum,ya,cool
3499,img3499.jpg,smart_casual,plum,tidak,cool
3500,img3500.jpg,smart_casual,plum,tidak,cool
3501,img3501.jpg,smart_casual,plum,tidak,cool
3502,img3502.jpg,smart_casual,plum,tidak,cool
3503,img3503.jpg,smart_casual,plum,ya,cool
3504,img3504.jpg,smart_casual,plum,tidak,cool
3505,img3505.jpg,smart_casual,plum,tidak,cool
3506,img3506.jpg,smart_casual,plum,tidak,cool
3507,img3507.jpg,smart_casual,plum,tidak,cool
3508,img3508.jpg,smart_casual,plum,ya,cool
3509,img3509.jpg,smart_casual,plum,tidak,cool
3510,img3510.jpg,smart_casual,plum,tidak,cool
3511,img3511.jpg,smart_casual,plum,tidak,cool
3512,img3512.jpg,smart_casual,plum,tidak,cool
3513,img3513.jpg,smart_casual,plum,tidak,cool
3514,img3514.jpg,smart_casual,plum,tidak,cool
3515,img3515.jpg,smart_casual,plum,tidak,cool
3516,img3516.jpg,smart_casual,plum,ya,cool
3517,img3517.jpg,smart_casual,plum,tidak,cool
3518,img3518.jpg,smart_casual,plum,tidak,cool
3519,img3519.jpg,smart_casual,plum,ya,cool
3520,img3520.jpg,smart_casual,plum,tidak,cool
3521,img3521.jpg,smart_casual,plum,tidak,cool
3522,img3522.jpg,smart_casual,plum,tidak,cool
3523,img3523.jpg,smart_casual,plum,tidak,cool
3524,img3524.jpg,smart_casual,plum,tidak,cool
3525,img3525.jpg,smart_casual,plum,tidak,cool
3526,img3526.jpg,smart_casual,plum,tidak,cool
3527,img3527.jpg,smart_casual,plum,ya,cool
3528,img3528.jpg,smart_casual,plum,tidak,cool
3529,img3529.jpg,smart_casual,plum,tidak,cool
3530,img3530.jpg,smart_casual,plum,tidak,cool
3531,img3531.jpg,smart_casual,plum,tidak,cool
3532,img3532.jpg,smart_casual,plum,ya,cool
3533,img3533.jpg,smart_casual,plum,tidak,cool
3534,img3534.jpg,smart_casual,plum,ya,cool
3535,img3535.jpg,smart_casual,plum,ya,cool
3536,img3536.jpg,smart_casual,plum,tidak,cool
3537,img3537.jpg,smart_casual,plum,tidak,cool
3538,img3538.jpg,smart_casual,plum,ya,cool
3539,img3539.jpg,smart_casual,plum,tidak,cool
3540,img3540.jpg,smart_casual,plum,tidak,cool
3541,img3541.jpg,smart_casual,plum,tidak,cool
3542,img3542.jpg,smart_casual,plum,tidak,cool
3543,img3543.jpg,smart_casual,plum,tidak,cool
3544,img3544.jpg,smart_casual,plum,tidak,cool
3545,img3545.jpg,smart_casual,plum,ya,cool
3546,img3546.jpg,smart_casual,plum,tidak,cool
3547,img3547.jpg,smart_casual,plum,tidak,cool
3548,img3548.jpg,smart_casual,plum,tidak,cool
3549,img3549.jpg,smart_casual,plum,ya,cool
3550,img3550.jpg,smart_casual,plum,ya,cool
3551,img3551.jpg,smart_casual,plum,tidak,cool
3552,img3552.jpg,smart_casual,plum,ya,cool
3553,img3553.jpg,smart_casual,plum,tidak,cool
3554,img3554.jpg,smart_casual,plum,tidak,cool
3555,img3555.jpg,smart_casual,plum,tidak,cool
3556,img3556.jpg,smart_casual,plum,tidak,cool
3557,img3557.jpg,smart_casual,plum,tidak,cool
3558,img3558.jpg,smart_casual,plum,tidak,cool
3559,img3559.jpg,smart_casual,plum,tidak,cool
3560,img3560.jpg,smart_casual,plum,ya,cool
3561,img3561.jpg,smart_casual,plum,ya,cool
3562,img3562.jpg,smart_casual,plum,ya,cool
3563,img3563.jpg,smart_casual,plum,tidak,cool
3564,img3564.jpg,smart_casual,plum,tidak,cool
3565,img3565.jpg,smart_casual,plum,ya,cool
3566,img3566.jpg,smart_casual,plum,tidak,cool
3567,img3567.jpg,smart_casual,plum,tidak,cool
3568,img3568.jpg,smart_casual,plum,tidak,cool
3569,img3569.jpg,smart_casual,plum,ya,cool
3570,img3570.jpg,smart_casual,plum,tidak,cool
3571,img3571.jpg,smart_casual,plum,tidak,cool
3572,img3572.jpg,smart_casual,plum,tidak,cool
3573,img3573.jpg,smart_casual,plum,tidak,cool
3574,img3574.jpg,smart_casual,plum,tidak,cool
3575,img3575.jpg,smart_casual,plum,tidak,cool
3576,img3576.jpg,coffee_shop_hopping,royal_blue,tidak,cool
3577,img3577.jpg,coffee_shop_hopping,royal_blue,tidak,cool
3578,img3578.jpg,coffee_shop_hopping,royal_blue,tidak,cool
3579,img3579.jpg,coffee_shop_hopping,royal_blue,tidak,cool
3580,img3580.jpg,coffee_shop_hopping,royal_blue,tidak,cool
3581,img3581.jpg,coffee_shop_hopping,royal_blue,ya,cool
3582,img3582.jpg,coffee_shop_hopping,royal_blue,tidak,cool
3583,img3583.jpg,coffee_shop_hopping,royal_blue,tidak,cool
3584,img3584.jpg,coffee_shop_hopping,royal_blue,tidak,cool
3585,img3585.jpg,coffee_shop_hopping,royal_blue,tidak,cool
3586,img3586.jpg,coffee_shop_hopping,royal_blue,ya,cool
3587,img3587.jpg,coffee_shop_hopping,royal_blue,tidak,cool
3588,img3588.jpg,coffee_shop_hopping,royal_blue,tidak,cool
3589,img3589.jpg,coffee_shop_hopping,royal_blue,ya,cool
3590,img3590.jpg,coffee_shop_hopping,royal_blue,ya,cool
3591,img3591.jpg,coffee_shop_hopping,royal_blue,tidak,cool
3592,img3592.jpg,coffee_shop_hopping,royal_blue,ya,cool
3593,img3593.jpg,coffee_shop_hopping,royal_blue,tidak,cool
3594,img3594.jpg,coffee_shop_hopping,royal_blue,tidak,cool
3595,img3595.jpg,coffee_shop_hopping,royal_blue,tidak,cool
3596,img3596.jpg,coffee_shop_hopping,royal_blue,tidak,cool
3597,img3597.jpg,coffee_shop_hopping,royal_blue,tidak,cool
3598,img3598.jpg,coffee_shop_hopping,royal_blue,ya,cool
3599,img3599.jpg,coffee_shop_hopping,royal_blue,tidak,cool
3600,img3600.jpg,coffee_shop_hopping,royal_blue,tidak,cool
3601,img3601.jpg,coffee_shop_hopping,royal_blue,tidak,cool
3602,img3602.jpg,coffee_shop_hopping,royal_blue,tidak,cool
3603,img3603.jpg,coffee_shop_hopping,royal_blue,ya,cool
3604,img3604.jpg,coffee_shop_hopping,royal_blue,tidak,cool
3605,img3605.jpg,coffee_shop_hopping,royal_blue,tidak,cool
3606,img3606.jpg,coffee_shop_hopping,royal_blue,tidak,cool
3607,img3607.jpg,coffee_shop_hopping,royal_blue,tidak,cool
3608,img3608.jpg,coffee_shop_hopping,royal_blue,tidak,cool
3609,img3609.jpg,coffee_shop_hopping,royal_blue,tidak,cool
3610,img3610.jpg,coffee_shop_hopping,royal_blue,tidak,cool
3611,img3611.jpg,coffee_shop_hopping,royal_blue,tidak,cool
3612,img3612.jpg,coffee_shop_hopping,royal_blue,tidak,cool
3613,img3613.jpg,coffee_shop_hopping,royal_blue,tidak,cool
3614,img3614.jpg,coffee_shop_hopping,royal_blue,tidak,cool
3615,img3615.jpg,coffee_shop_hopping,royal_blue,tidak,cool
3616,img3616.jpg,coffee_shop_hopping,royal_blue,tidak,cool
3617,img3617.jpg,coffee_shop_hopping,royal_blue,tidak,cool
3618,img3618.jpg,coffee_shop_hopping,royal_blue,tidak,cool
3619,img3619.jpg,coffee_shop_hopping,royal_blue,tidak,cool
3620,img3620.jpg,coffee_shop_hopping,royal_blue,tidak,cool
3621,img3621.jpg,coffee_shop_hopping,royal_blue,tidak,cool
3622,img3622.jpg,coffee_shop_hopping,royal_blue,tidak,cool
3623,img3623.jpg,coffee_shop_hopping,royal_blue,tidak,cool
3624,img3624.jpg,coffee_shop_hopping,royal_blue,tidak,cool
3625,img3625.jpg,coffee_shop_hopping,royal_blue,tidak,cool
3626,img3626.jpg,coffee_shop_hopping,royal_blue,tidak,cool
3627,img3627.jpg,coffee_shop_hopping,royal_blue,ya,cool
3628,img3628.jpg,coffee_shop_hopping,royal_blue,ya,cool
3629,img3629.jpg,coffee_shop_hopping,royal_blue,tidak,cool
3630,img3630.jpg,coffee_shop_hopping,royal_blue,tidak,cool
3631,img3631.jpg,dinner,royal_blue,ya,cool
3632,img3632.jpg,dinner,royal_blue,tidak,cool
3633,img3633.jpg,dinner,royal_blue,tidak,cool
3634,img3634.jpg,dinner,royal_blue,tidak,cool
3635,img3635.jpg,dinner,royal_blue,ya,cool
3636,img3636.jpg,dinner,royal_blue,tidak,cool
3637,img3637.jpg,dinner,royal_blue,tidak,cool
3638,img3638.jpg,dinner,royal_blue,ya,cool
3639,img3639.jpg,dinner,royal_blue,tidak,cool
3640,img3640.jpg,dinner,royal_blue,tidak,cool
3641,img3641.jpg,dinner,royal_blue,tidak,cool
3642,img3642.jpg,dinner,royal_blue,tidak,cool
3643,img3643.jpg,dinner,royal_blue,tidak,cool
3644,img3644.jpg,dinner,royal_blue,tidak,cool
3645,img3645.jpg,dinner,royal_blue,tidak,cool
3646,img3646.jpg,dinner,royal_blue,tidak,cool
3647,img3647.jpg,dinner,royal_blue,ya,cool
3648,img3648.jpg,dinner,royal_blue,ya,cool
3649,img3649.jpg,dinner,royal_blue,tidak,cool
3650,img3650.jpg,dinner,royal_blue,ya,cool
3651,img3651.jpg,dinner,royal_blue,tidak,cool
3652,img3652.jpg,dinner,royal_blue,ya,cool
3653,img3653.jpg,dinner,royal_blue,tidak,cool
3654,img3654.jpg,dinner,royal_blue,ya,cool
3655,img3655.jpg,dinner,royal_blue,tidak,cool
3656,img3656.jpg,dinner,royal_blue,tidak,cool
3657,img3657.jpg,dinner,royal_blue,tidak,cool
3658,img3658.jpg,dinner,royal_blue,ya,cool
3659,img3659.jpg,dinner,royal_blue,tidak,cool
3660,img3660.jpg,dinner,royal_blue,tidak,cool
3661,img3661.jpg,dinner,royal_blue,ya,cool
3662,img3662.jpg,dinner,royal_blue,ya,cool
3663,img3663.jpg,dinner,royal_blue,tidak,cool
3664,img3664.jpg,dinner,royal_blue,ya,cool
3665,img3665.jpg,dinner,royal_blue,tidak,cool
3666,img3666.jpg,dinner,royal_blue,ya,cool
3667,img3667.jpg,dinner,royal_blue,tidak,cool
3668,img3668.jpg,dinner,royal_blue,tidak,cool
3669,img3669.jpg,dinner,royal_blue,tidak,cool
3670,img3670.jpg,dinner,royal_blue,tidak,cool
3671,img3671.jpg,dinner,royal_blue,ya,cool
3672,img3672.jpg,dinner,royal_blue,tidak,cool
3673,img3673.jpg,dinner,royal_blue,tidak,cool
3675,img3675.jpg,dinner,royal_blue,tidak,cool
3676,img3676.jpg,dinner,royal_blue,tidak,cool
3677,img3677.jpg,dinner,royal_blue,tidak,cool
3678,img3678.jpg,dinner,royal_blue,ya,cool
3679,img3679.jpg,dinner,royal_blue,tidak,cool
3680,img3680.jpg,dinner,royal_blue,tidak,cool
3681,img3681.jpg,gym_to_caffe,royal_blue,tidak,cool
3682,img3682.jpg,gym_to_caffe,royal_blue,tidak,cool
3683,img3683.jpg,gym_to_caffe,royal_blue,tidak,cool
3684,img3684.jpg,gym_to_caffe,royal_blue,tidak,cool
3685,img3685.jpg,gym_to_caffe,royal_blue,tidak,cool
3686,img3686.jpg,gym_to_caffe,royal_blue,tidak,cool
3687,img3687.jpg,gym_to_caffe,royal_blue,tidak,cool
3688,img3688.jpg,gym_to_caffe,royal_blue,tidak,cool
3689,img3689.jpg,gym_to_caffe,royal_blue,tidak,cool
3690,img3690.jpg,gym_to_caffe,royal_blue,tidak,cool
3691,img3691.jpg,gym_to_caffe,royal_blue,tidak,cool
3692,img3692.jpg,gym_to_caffe,royal_blue,tidak,cool
3693,img3693.jpg,gym_to_caffe,royal_blue,tidak,cool
3694,img3694.jpg,gym_to_caffe,royal_blue,tidak,cool
3695,img3695.jpg,gym_to_caffe,royal_blue,tidak,cool
3696,img3696.jpg,gym_to_caffe,royal_blue,tidak,cool
3697,img3697.jpg,gym_to_caffe,royal_blue,tidak,cool
3698,img3698.jpg,gym_to_caffe,royal_blue,tidak,cool
3699,img3699.jpg,gym_to_caffe,royal_blue,tidak,cool
3700,img3700.jpg,gym_to_caffe,royal_blue,tidak,cool
3701,img3701.jpg,gym_to_caffe,royal_blue,ya,cool
3702,img3702.jpg,gym_to_caffe,royal_blue,ya,cool
3703,img3703.jpg,gym_to_caffe,royal_blue,tidak,cool
3704,img3704.jpg,gym_to_caffe,royal_blue,tidak,cool
3705,img3705.jpg,gym_to_caffe,royal_blue,tidak,cool
3706,img3706.jpg,gym_to_caffe,royal_blue,tidak,cool
3707,img3707.jpg,gym_to_caffe,royal_blue,tidak,cool
3708,img3708.jpg,gym_to_caffe,royal_blue,tidak,cool
3709,img3709.jpg,gym_to_caffe,royal_blue,tidak,cool
3710,img3710.jpg,gym_to_caffe,royal_blue,tidak,cool
3711,img3711.jpg,gym_to_caffe,royal_blue,tidak,cool
3712,img3712.jpg,gym_to_caffe,royal_blue,ya,cool
3713,img3713.jpg,gym_to_caffe,royal_blue,tidak,cool
3714,img3714.jpg,gym_to_caffe,royal_blue,tidak,cool
3715,img3715.jpg,gym_to_caffe,royal_blue,tidak,cool
3716,img3716.jpg,gym_to_caffe,royal_blue,tidak,cool
3717,img3717.jpg,gym_to_caffe,royal_blue,tidak,cool
3718,img3718.jpg,gym_to_caffe,royal_blue,tidak,cool
3719,img3719.jpg,gym_to_caffe,royal_blue,tidak,cool
3720,img3720.jpg,gym_to_caffe,royal_blue,tidak,cool
3721,img3721.jpg,gym_to_caffe,royal_blue,tidak,cool
3722,img3722.jpg,gym_to_caffe,royal_blue,tidak,cool
3723,img3723.jpg,gym_to_caffe,royal_blue,tidak,cool
3724,img3724.jpg,gym_to_caffe,royal_blue,tidak,cool
3725,img3725.jpg,gym_to_caffe,royal_blue,tidak,cool
3726,img3726.jpg,gym_to_caffe,royal_blue,tidak,cool
3727,img3727.jpg,gym_to_caffe,royal_blue,tidak,cool
3728,img3728.jpg,gym_to_caffe,royal_blue,tidak,cool
3729,img3729.jpg,gym_to_caffe,royal_blue,tidak,cool
3730,img3730.jpg,gym_to_caffe,royal_blue,tidak,cool
3731,img3731.jpg,gym_to_caffe,royal_blue,tidak,cool
3732,img3732.jpg,gym_to_caffe,royal_blue,tidak,cool
3733,img3733.jpg,gym_to_caffe,royal_blue,tidak,cool
3734,img3734.jpg,gym_to_caffe,royal_blue,tidak,cool
3735,img3735.jpg,gym_to_caffe,royal_blue,tidak,cool
3736,img3736.jpg,gym_to_caffe,royal_blue,tidak,cool
3737,img3737.jpg,gym_to_caffe,royal_blue,tidak,cool
3738,img3738.jpg,gym_to_caffe,royal_blue,tidak,cool
3739,img3739.jpg,gym_to_caffe,royal_blue,tidak,cool
3740,img3740.jpg,gym_to_caffe,royal_blue,tidak,cool
3741,img3741.jpg,gym_to_caffe,royal_blue,tidak,cool
3742,img3742.jpg,gym_to_caffe,royal_blue,tidak,cool
3743,img3743.jpg,hiking,royal_blue,tidak,cool
3744,img3744.jpg,hiking,royal_blue,tidak,cool
3745,img3745.jpg,hiking,royal_blue,tidak,cool
3746,img3746.jpg,hiking,royal_blue,tidak,cool
3747,img3747.jpg,hiking,royal_blue,tidak,cool
3748,img3748.jpg,hiking,royal_blue,tidak,cool
3749,img3749.jpg,hiking,royal_blue,tidak,cool
3750,img3750.jpg,hiking,royal_blue,tidak,cool
3751,img3751.jpg,hiking,royal_blue,tidak,cool
3752,img3752.jpg,hiking,royal_blue,tidak,cool
3753,img3753.jpg,hiking,royal_blue,tidak,cool
3754,img3754.jpg,hiking,royal_blue,tidak,cool
3755,img3755.jpg,hiking,royal_blue,tidak,cool
3756,img3756.jpg,hiking,royal_blue,tidak,cool
3757,img3757.jpg,hiking,royal_blue,tidak,cool
3758,img3758.jpg,hiking,royal_blue,tidak,cool
3759,img3759.jpg,hiking,royal_blue,tidak,cool
3760,img3760.jpg,hiking,royal_blue,tidak,cool
3761,img3761.jpg,hiking,royal_blue,tidak,cool
3762,img3762.jpg,hiking,royal_blue,tidak,cool
3763,img3763.jpg,hiking,royal_blue,tidak,cool
3764,img3764.jpg,hiking,royal_blue,tidak,cool
3765,img3765.jpg,hiking,royal_blue,tidak,cool
3766,img3766.jpg,hiking,royal_blue,tidak,cool
3767,img3767.jpg,hiking,royal_blue,ya,cool
3768,img3768.jpg,hiking,royal_blue,tidak,cool
3769,img3769.jpg,hiking,royal_blue,tidak,cool
3770,img3770.jpg,hiking,royal_blue,tidak,cool
3771,img3771.jpg,hiking,royal_blue,tidak,cool
3772,img3772.jpg,hiking,royal_blue,ya,cool
3773,img3773.jpg,hiking,royal_blue,tidak,cool
3774,img3774.jpg,hiking,royal_blue,tidak,cool
3775,img3775.jpg,hiking,royal_blue,tidak,cool
3776,img3776.jpg,hiking,royal_blue,tidak,cool
3777,img3777.jpg,hiking,royal_blue,tidak,cool
3778,img3778.jpg,hiking,royal_blue,tidak,cool
3779,img3779.jpg,hiking,royal_blue,tidak,cool
3780,img3780.jpg,hiking,royal_blue,tidak,cool
3781,img3781.jpg,hiking,royal_blue,tidak,cool
3782,img3782.jpg,hiking,royal_blue,ya,cool
3783,img3783.jpg,hiking,royal_blue,tidak,cool
3785,img3785.jpg,hiking,royal_blue,tidak,cool
3786,img3786.jpg,hiking,royal_blue,tidak,cool
3787,img3787.jpg,hiking,royal_blue,tidak,cool
3788,img3788.jpg,hiking,royal_blue,ya,cool
3789,img3789.jpg,hiking,royal_blue,ya,cool
3790,img3790.jpg,hiking,royal_blue,tidak,cool
3791,img3791.jpg,hiking,royal_blue,ya,cool
3792,img3792.jpg,hiking,royal_blue,tidak,cool
3793,img3793.jpg,hiking,royal_blue,tidak,cool
3794,img3794.jpg,hiking,royal_blue,ya,cool
3795,img3795.jpg,hiking,royal_blue,ya,cool
3796,img3796.jpg,hiking,royal_blue,ya,cool
3797,img3797.jpg,hiking,royal_blue,tidak,cool
3798,img3798.jpg,hiking,royal_blue,ya,cool
3799,img3799.jpg,hiking,royal_blue,tidak,cool
3801,img3801.jpg,hiking,royal_blue,ya,cool
3802,img3802.jpg,hiking,royal_blue,tidak,cool
3803,img3803.jpg,hiking,royal_blue,tidak,cool
3804,img3804.jpg,hiking,royal_blue,tidak,cool
3805,img3805.jpg,hiking,royal_blue,tidak,cool
3806,img3806.jpg,hiking,royal_blue,tidak,cool
3807,img3807.jpg,hiking,royal_blue,tidak,cool
3808,img3808.jpg,hiking,royal_blue,tidak,cool
3809,img3809.jpg,hiking,royal_blue,tidak,cool
3810,img3810.jpg,smart_casual,royal_blue,tidak,cool
3811,img3811.jpg,smart_casual,royal_blue,ya,cool
3812,img3812.jpg,smart_casual,royal_blue,tidak,cool
3813,img3813.jpg,smart_casual,royal_blue,tidak,cool
3814,img3814.jpg,smart_casual,royal_blue,tidak,cool
3815,img3815.jpg,smart_casual,royal_blue,tidak,cool
3816,img3816.jpg,smart_casual,royal_blue,tidak,cool
3817,img3817.jpg,smart_casual,royal_blue,tidak,cool
3818,img3818.jpg,smart_casual,royal_blue,ya,cool
3819,img3819.jpg,smart_casual,royal_blue,tidak,cool
3820,img3820.jpg,smart_casual,royal_blue,tidak,cool
3821,img3821.jpg,smart_casual,royal_blue,tidak,cool
3822,img3822.jpg,smart_casual,royal_blue,ya,cool
3823,img3823.jpg,smart_casual,royal_blue,tidak,cool
3824,img3824.jpg,smart_casual,royal_blue,tidak,cool
3825,img3825.jpg,smart_casual,royal_blue,tidak,cool
3826,img3826.jpg,smart_casual,royal_blue,tidak,cool
3827,img3827.jpg,smart_casual,royal_blue,tidak,cool
3828,img3828.jpg,smart_casual,royal_blue,tidak,cool
3829,img3829.jpg,smart_casual,royal_blue,tidak,cool
3830,img3830.jpg,smart_casual,royal_blue,tidak,cool
3831,img3831.jpg,smart_casual,royal_blue,tidak,cool
3832,img3832.jpg,smart_casual,royal_blue,tidak,cool
3833,img3833.jpg,smart_casual,royal_blue,tidak,cool
3834,img3834.jpg,smart_casual,royal_blue,tidak,cool
3835,img3835.jpg,smart_casual,royal_blue,tidak,cool
3836,img3836.jpg,smart_casual,royal_blue,tidak,cool
3837,img3837.jpg,smart_casual,royal_blue,ya,cool
3838,img3838.jpg,smart_casual,royal_blue,tidak,cool
3839,img3839.jpg,smart_casual,royal_blue,tidak,cool
3840,img3840.jpg,smart_casual,royal_blue,tidak,cool
3841,img3841.jpg,smart_casual,royal_blue,tidak,cool
3842,img3842.jpg,smart_casual,royal_blue,ya,cool
3843,img3843.jpg,smart_casual,royal_blue,tidak,cool
3844,img3844.jpg,smart_casual,royal_blue,ya,cool
3845,img3845.jpg,smart_casual,royal_blue,ya,cool
3846,img3846.jpg,smart_casual,royal_blue,ya,cool
3847,img3847.jpg,smart_casual,royal_blue,tidak,cool
3848,img3848.jpg,smart_casual,royal_blue,tidak,cool
3849,img3849.jpg,smart_casual,royal_blue,ya,cool
3850,img3850.jpg,smart_casual,royal_blue,ya,cool
3851,img3851.jpg,smart_casual,royal_blue,ya,cool
3852,img3852.jpg,smart_casual,royal_blue,tidak,cool
3853,img3853.jpg,smart_casual,royal_blue,ya,cool
3854,img3854.jpg,smart_casual,royal_blue,tidak,cool
3855,img3855.jpg,smart_casual,royal_blue,tidak,cool
3856,img3856.jpg,smart_casual,navy,tidak,cool
3857,img3857.jpg,smart_casual,royal_blue,tidak,cool
3858,img3858.jpg,smart_casual,royal_blue,tidak,cool
3859,img3859.jpg,smart_casual,royal_blue,tidak,cool
3860,img3860.jpg,smart_casual,royal_blue,tidak,cool
3861,img3861.jpg,smart_casual,royal_blue,tidak,cool
3862,img3862.jpg,smart_casual,royal_blue,tidak,cool
3863,img3863.jpg,smart_casual,royal_blue,tidak,cool
3864,img3864.jpg,smart_casual,royal_blue,tidak,cool
3865,img3865.jpg,smart_casual,royal_blue,tidak,cool
3866,img3866.jpg,smart_casual,royal_blue,tidak,cool
3867,img3867.jpg,smart_casual,royal_blue,ya,cool
3868,img3868.jpg,smart_casual,royal_blue,tidak,cool
3869,img3869.jpg,smart_casual,royal_blue,tidak,cool
3870,img3870.jpg,smart_casual,royal_blue,tidak,cool
3871,img3871.jpg,coffee_shop_hopping,silver,ya,cool
3872,img3872.jpg,coffee_shop_hopping,silver,tidak,cool
3873,img3873.jpg,coffee_shop_hopping,silver,ya,cool
3874,img3874.jpg,coffee_shop_hopping,silver,tidak,cool
3875,img3875.jpg,coffee_shop_hopping,silver,tidak,cool
3876,img3876.jpg,coffee_shop_hopping,silver,tidak,cool
3877,img3877.jpg,coffee_shop_hopping,silver,tidak,cool
3878,img3878.jpg,coffee_shop_hopping,silver,tidak,cool
3879,img3879.jpg,coffee_shop_hopping,silver,tidak,cool
3880,img3880.jpg,coffee_shop_hopping,silver,ya,cool
3881,img3881.jpg,coffee_shop_hopping,silver,ya,cool
3882,img3882.jpg,coffee_shop_hopping,silver,tidak,cool
3883,img3883.jpg,coffee_shop_hopping,silver,tidak,cool
3884,img3884.jpg,coffee_shop_hopping,silver,tidak,cool
3885,img3885.jpg,coffee_shop_hopping,silver,tidak,cool
3886,img3886.jpg,coffee_shop_hopping,silver,tidak,cool
3887,img3887.jpg,coffee_shop_hopping,silver,tidak,cool
3888,img3888.jpg,coffee_shop_hopping,silver,tidak,cool
3889,img3889.jpg,coffee_shop_hopping,silver,tidak,cool
3890,img3890.jpg,coffee_shop_hopping,silver,ya,cool
3891,img3891.jpg,coffee_shop_hopping,silver,tidak,cool
3892,img3892.jpg,coffee_shop_hopping,silver,tidak,cool
3893,img3893.jpg,coffee_shop_hopping,silver,tidak,cool
3894,img3894.jpg,coffee_shop_hopping,silver,tidak,cool
3895,img3895.jpg,coffee_shop_hopping,silver,ya,cool
3896,img3896.jpg,coffee_shop_hopping,silver,ya,cool
3897,img3897.jpg,coffee_shop_hopping,silver,tidak,cool
3898,img3898.jpg,coffee_shop_hopping,silver,tidak,cool
3899,img3899.jpg,coffee_shop_hopping,silver,tidak,cool
3900,img3900.jpg,coffee_shop_hopping,silver,tidak,cool
3901,img3901.jpg,coffee_shop_hopping,silver,tidak,cool
3902,img3902.jpg,coffee_shop_hopping,silver,tidak,cool
3903,img3903.jpg,coffee_shop_hopping,silver,tidak,cool
3904,img3904.jpg,coffee_shop_hopping,silver,tidak,cool
3905,img3905.jpg,coffee_shop_hopping,silver,tidak,cool
3906,img3906.jpg,coffee_shop_hopping,silver,ya,cool
3907,img3907.jpg,coffee_shop_hopping,silver,tidak,cool
3908,img3908.jpg,coffee_shop_hopping,silver,tidak,cool
3909,img3909.jpg,coffee_shop_hopping,silver,tidak,cool
3910,img3910.jpg,coffee_shop_hopping,silver,tidak,cool
3911,img3911.jpg,coffee_shop_hopping,silver,tidak,cool
3912,img3912.jpg,coffee_shop_hopping,silver,tidak,cool
3913,img3913.jpg,coffee_shop_hopping,silver,tidak,cool
3914,img3914.jpg,coffee_shop_hopping,silver,tidak,cool
3915,img3915.jpg,coffee_shop_hopping,silver,tidak,cool
3916,img3916.jpg,coffee_shop_hopping,royal_blue,tidak,cool
3917,img3917.jpg,coffee_shop_hopping,silver,tidak,cool
3918,img3918.jpg,coffee_shop_hopping,silver,tidak,cool
3919,img3919.jpg,coffee_shop_hopping,silver,tidak,cool
3920,img3920.jpg,coffee_shop_hopping,silver,tidak,cool
3921,img3921.jpg,coffee_shop_hopping,silver,tidak,cool
3922,img3922.jpg,coffee_shop_hopping,silver,tidak,cool
3923,img3923.jpg,coffee_shop_hopping,silver,tidak,cool
3924,img3924.jpg,coffee_shop_hopping,silver,tidak,cool
3925,img3925.jpg,coffee_shop_hopping,silver,tidak,cool
3926,img3926.jpg,coffee_shop_hopping,silver,tidak,cool
3927,img3927.jpg,coffee_shop_hopping,silver,tidak,cool
3928,img3928.jpg,coffee_shop_hopping,silver,tidak,cool
3929,img3929.jpg,coffee_shop_hopping,silver,tidak,cool
3930,img3930.jpg,coffee_shop_hopping,silver,tidak,cool
3931,img3931.jpg,coffee_shop_hopping,silver,tidak,cool
3932,img3932.jpg,coffee_shop_hopping,silver,tidak,cool
3933,img3933.jpg,coffee_shop_hopping,silver,tidak,cool
3934,img3934.jpg,coffee_shop_hopping,silver,ya,cool
3935,img3935.jpg,coffee_shop_hopping,silver,ya,cool
3936,img3936.jpg,coffee_shop_hopping,silver,ya,cool
3937,img3937.jpg,coffee_shop_hopping,silver,ya,cool
3938,img3938.jpg,coffee_shop_hopping,silver,tidak,cool
3939,img3939.jpg,coffee_shop_hopping,silver,tidak,cool
3940,img3940.jpg,coffee_shop_hopping,silver,tidak,cool
3941,img3941.jpg,coffee_shop_hopping,silver,tidak,cool
3942,img3942.jpg,coffee_shop_hopping,silver,tidak,cool
3943,img3943.jpg,coffee_shop_hopping,silver,tidak,cool
3944,img3944.jpg,coffee_shop_hopping,silver,tidak,cool
3945,img3945.jpg,coffee_shop_hopping,silver,tidak,cool
3946,img3946.jpg,coffee_shop_hopping,silver,tidak,cool
3947,img3947.jpg,coffee_shop_hopping,silver,tidak,cool
3948,img3948.jpg,coffee_shop_hopping,silver,tidak,cool
3949,img3949.jpg,coffee_shop_hopping,silver,tidak,cool
3950,img3950.jpg,dinner,silver,tidak,cool
3951,img3951.jpg,dinner,silver,tidak,cool
3952,img3952.jpg,dinner,silver,tidak,cool
3953,img3953.jpg,dinner,silver,tidak,cool
3954,img3954.jpg,dinner,silver,tidak,cool
3955,img3955.jpg,dinner,silver,tidak,cool
3956,img3956.jpg,dinner,silver,ya,cool
3957,img3957.jpg,dinner,silver,ya,cool
3958,img3958.jpg,dinner,silver,ya,cool
3959,img3959.jpg,dinner,silver,tidak,cool
3960,img3960.jpg,dinner,silver,ya,cool
3961,img3961.jpg,dinner,silver,ya,cool
3962,img3962.jpg,dinner,silver,tidak,cool
3963,img3963.jpg,dinner,silver,ya,cool
3964,img3964.jpg,dinner,silver,tidak,cool
3965,img3965.jpg,dinner,silver,ya,cool
3966,img3966.jpg,dinner,silver,tidak,cool
3967,img3967.jpg,dinner,silver,tidak,cool
3968,img3968.jpg,dinner,silver,tidak,cool
3969,img3969.jpg,dinner,silver,tidak,cool
3970,img3970.jpg,dinner,silver,tidak,cool
3971,img3971.jpg,dinner,silver,tidak,cool
3972,img3972.jpg,dinner,silver,tidak,cool
3973,img3973.jpg,dinner,silver,tidak,cool
3974,img3974.jpg,dinner,silver,tidak,cool
3975,img3975.jpg,dinner,silver,tidak,cool
3976,img3976.jpg,dinner,silver,tidak,cool
3977,img3977.jpg,dinner,silver,tidak,cool
3978,img3978.jpg,dinner,silver,ya,cool
3979,img3979.jpg,dinner,silver,tidak,cool
3980,img3980.jpg,dinner,silver,tidak,cool
3981,img3981.jpg,dinner,silver,ya,cool
3982,img3982.jpg,dinner,silver,ya,cool
3983,img3983.jpg,dinner,silver,tidak,cool
3984,img3984.jpg,dinner,silver,tidak,cool
3985,img3985.jpg,dinner,silver,ya,cool
3986,img3986.jpg,dinner,silver,ya,cool
3987,img3987.jpg,dinner,silver,tidak,cool
3988,img3988.jpg,dinner,silver,ya,cool
3989,img3989.jpg,dinner,silver,ya,cool
3990,img3990.jpg,dinner,silver,tidak,cool
3991,img3991.jpg,dinner,silver,tidak,cool
3992,img3992.jpg,dinner,silver,tidak,cool
3993,img3993.jpg,dinner,silver,ya,cool
3994,img3994.jpg,dinner,silver,ya,cool
3995,img3995.jpg,dinner,silver,ya,cool
3996,img3996.jpg,dinner,silver,tidak,cool
3997,img3997.jpg,dinner,silver,ya,cool
3998,img3998.jpg,dinner,silver,tidak,cool
3999,img3999.jpg,dinner,silver,ya,cool
4000,img4000.jpg,dinner,silver,ya,cool
4001,img4001.jpg,dinner,silver,ya,cool
4002,img4002.jpg,dinner,silver,tidak,cool
4003,img4003.jpg,dinner,silver,tidak,cool
4004,img4004.jpg,dinner,silver,ya,cool
4005,img4005.jpg,dinner,silver,ya,cool
4006,img4006.jpg,dinner,silver,tidak,cool
4007,img4007.jpg,dinner,silver,tidak,cool
4008,img4008.jpg,dinner,silver,tidak,cool
4009,img4009.jpg,dinner,silver,ya,cool
4010,img4010.jpg,dinner,silver,ya,cool
4011,img4011.jpg,dinner,silver,ya,cool
4012,img4012.jpg,dinner,silver,tidak,cool
4013,img4013.jpg,dinner,silver,ya,cool
4014,img4014.jpg,dinner,silver,ya,cool
4015,img4015.jpg,dinner,silver,tidak,cool
4016,img4016.jpg,dinner,silver,tidak,cool
4017,img4017.jpg,dinner,silver,tidak,cool
4018,img4018.jpg,dinner,silver,tidak,cool
4019,img4019.jpg,dinner,silver,ya,cool
4020,img4020.jpg,dinner,silver,tidak,cool
4021,img4021.jpg,dinner,silver,tidak,cool
4022,img4022.jpg,dinner,silver,ya,cool
4023,img4023.jpg,dinner,silver,ya,cool
4024,img4024.jpg,gym_to_caffe,silver,tidak,cool
4025,img4025.jpg,gym_to_caffe,silver,tidak,cool
4026,img4026.jpg,gym_to_caffe,silver,tidak,cool
4027,img4027.jpg,gym_to_caffe,silver,tidak,cool
4028,img4028.jpg,gym_to_caffe,silver,tidak,cool
4029,img4029.jpg,gym_to_caffe,silver,tidak,cool
4030,img4030.jpg,gym_to_caffe,silver,ya,cool
4031,img4031.jpg,gym_to_caffe,silver,ya,cool
4032,img4032.jpg,gym_to_caffe,silver,tidak,cool
4033,img4033.jpg,gym_to_caffe,silver,tidak,cool
4034,img4034.jpg,gym_to_caffe,silver,tidak,cool
4035,img4035.jpg,gym_to_caffe,silver,tidak,cool
4036,img4036.jpg,gym_to_caffe,silver,tidak,cool
4037,img4037.jpg,gym_to_caffe,silver,tidak,cool
4038,img4038.jpg,gym_to_caffe,silver,tidak,cool
4039,img4039.jpg,gym_to_caffe,silver,tidak,cool
4040,img4040.jpg,gym_to_caffe,silver,tidak,cool
4041,img4041.jpg,gym_to_caffe,silver,tidak,cool
4042,img4042.jpg,gym_to_caffe,silver,tidak,cool
4043,img4043.jpg,gym_to_caffe,silver,tidak,cool
4044,img4044.jpg,gym_to_caffe,silver,tidak,cool
4045,img4045.jpg,gym_to_caffe,silver,tidak,cool
4046,img4046.jpg,gym_to_caffe,silver,tidak,cool
4047,img4047.jpg,gym_to_caffe,silver,tidak,cool
4048,img4048.jpg,gym_to_caffe,silver,tidak,cool
4049,img4049.jpg,gym_to_caffe,silver,tidak,cool
4050,img4050.jpg,gym_to_caffe,silver,tidak,cool
4051,img4051.jpg,gym_to_caffe,silver,tidak,cool
4052,img4052.jpg,gym_to_caffe,silver,tidak,cool
4053,img4053.jpg,gym_to_caffe,silver,tidak,cool
4054,img4054.jpg,gym_to_caffe,silver,tidak,cool
4055,img4055.jpg,gym_to_caffe,silver,tidak,cool
4056,img4056.jpg,gym_to_caffe,silver,tidak,cool
4057,img4057.jpg,gym_to_caffe,silver,tidak,cool
4058,img4058.jpg,gym_to_caffe,silver,tidak,cool
4059,img4059.jpg,gym_to_caffe,silver,tidak,cool
4060,img4060.jpg,gym_to_caffe,silver,tidak,cool
4061,img4061.jpg,gym_to_caffe,silver,ya,cool
4062,img4062.jpg,gym_to_caffe,silver,tidak,cool
4063,img4063.jpg,gym_to_caffe,silver,tidak,cool
4064,img4064.jpg,gym_to_caffe,silver,tidak,cool
4065,img4065.jpg,gym_to_caffe,silver,tidak,cool
4066,img4066.jpg,gym_to_caffe,silver,tidak,cool
4067,img4067.jpg,gym_to_caffe,silver,ya,cool
4068,img4068.jpg,gym_to_caffe,silver,tidak,cool
4069,img4069.jpg,gym_to_caffe,silver,tidak,cool
4070,img4070.jpg,gym_to_caffe,silver,tidak,cool
4071,img4071.jpg,gym_to_caffe,silver,tidak,cool
4072,img4072.jpg,gym_to_caffe,silver,tidak,cool
4073,img4073.jpg,gym_to_caffe,silver,tidak,cool
4074,img4074.jpg,gym_to_caffe,silver,ya,cool
4075,img4075.jpg,gym_to_caffe,silver,tidak,cool
4076,img4076.jpg,gym_to_caffe,silver,tidak,cool
4077,img4077.jpg,gym_to_caffe,silver,tidak,cool
4078,img4078.jpg,hiking,silver,tidak,cool
4079,img4079.jpg,hiking,silver,tidak,cool
4080,img4080.jpg,hiking,silver,ya,cool
4081,img4081.jpg,hiking,silver,ya,cool
4082,img4082.jpg,hiking,silver,tidak,cool
4083,img4083.jpg,hiking,silver,tidak,cool
4084,img4084.jpg,hiking,silver,tidak,cool
4085,img4085.jpg,hiking,silver,tidak,cool
4086,img4086.jpg,hiking,silver,tidak,cool
4087,img4087.jpg,hiking,silver,tidak,cool
4088,img4088.jpg,hiking,silver,ya,cool
4089,img4089.jpg,hiking,silver,tidak,cool
4090,img4090.jpg,hiking,silver,ya,cool
4091,img4091.jpg,hiking,silver,tidak,cool
4092,img4092.jpg,hiking,silver,tidak,cool
4093,img4093.jpg,hiking,silver,ya,cool
4094,img4094.jpg,hiking,silver,ya,cool
4095,img4095.jpg,hiking,silver,ya,cool
4096,img4096.jpg,hiking,silver,tidak,cool
4097,img4097.jpg,hiking,silver,tidak,cool
4098,img4098.jpg,hiking,silver,tidak,cool
4099,img4099.jpg,hiking,silver,tidak,cool
4100,img4100.jpg,hiking,silver,tidak,cool
4101,img4101.jpg,hiking,silver,tidak,cool
4102,img4102.jpg,hiking,silver,tidak,cool
4103,img4103.jpg,hiking,silver,tidak,cool
4104,img4104.jpg,hiking,silver,tidak,cool
4105,img4105.jpg,hiking,silver,tidak,cool
4106,img4106.jpg,hiking,silver,tidak,cool
4107,img4107.jpg,hiking,silver,tidak,cool
4108,img4108.jpg,hiking,silver,ya,cool
4109,img4109.jpg,hiking,silver,tidak,cool
4110,img4110.jpg,hiking,silver,ya,cool
4111,img4111.jpg,hiking,silver,tidak,cool
4112,img4112.jpg,hiking,silver,tidak,cool
4113,img4113.jpg,smart_casual,silver,ya,cool
4114,img4114.jpg,smart_casual,silver,tidak,cool
4115,img4115.jpg,smart_casual,silver,tidak,cool
4116,img4116.jpg,smart_casual,silver,tidak,cool
4117,img4117.jpg,smart_casual,silver,tidak,cool
4118,img4118.jpg,smart_casual,silver,tidak,cool
4119,img4119.jpg,smart_casual,silver,tidak,cool
4120,img4120.jpg,smart_casual,silver,tidak,cool
4121,img4121.jpg,smart_casual,silver,tidak,cool
4122,img4122.jpg,smart_casual,silver,tidak,cool
4123,img4123.jpg,smart_casual,silver,tidak,cool
4124,img4124.jpg,smart_casual,silver,tidak,cool
4125,img4125.jpg,smart_casual,silver,ya,cool
4126,img4126.jpg,smart_casual,silver,tidak,cool
4127,img4127.jpg,smart_casual,silver,tidak,cool
4128,img4128.jpg,smart_casual,silver,tidak,cool
4129,img4129.jpg,smart_casual,silver,ya,cool
4130,img4130.jpg,smart_casual,silver,ya,cool
4131,img4131.jpg,smart_casual,silver,tidak,cool
4132,img4132.jpg,smart_casual,silver,ya,cool
4133,img4133.jpg,smart_casual,silver,tidak,cool
4134,img4134.jpg,smart_casual,silver,tidak,cool
4135,img4135.jpg,smart_casual,silver,tidak,cool
4136,img4136.jpg,smart_casual,silver,tidak,cool
4137,img4137.jpg,smart_casual,silver,tidak,cool
4138,img4138.jpg,smart_casual,silver,tidak,cool
4139,img4139.jpg,smart_casual,silver,tidak,cool
4140,img4140.jpg,smart_casual,silver,tidak,cool
4141,img4141.jpg,smart_casual,silver,ya,cool
4142,img4142.jpg,smart_casual,silver,ya,cool
4143,img4143.jpg,smart_casual,silver,ya,cool
4144,img4144.jpg,smart_casual,silver,tidak,cool
4145,img4145.jpg,smart_casual,silver,tidak,cool
4146,img4146.jpg,smart_casual,silver,tidak,cool
4147,img4147.jpg,smart_casual,silver,tidak,cool
4148,img4148.jpg,smart_casual,silver,tidak,cool
4149,img4149.jpg,smart_casual,silver,tidak,cool
4150,img4150.jpg,smart_casual,silver,tidak,cool
4151,img4151.jpg,smart_casual,silver,tidak,cool
4152,img4152.jpg,smart_casual,silver,tidak,cool
4153,img4153.jpg,smart_casual,silver,tidak,cool
4154,img4154.jpg,smart_casual,silver,tidak,cool
4155,img4155.jpg,smart_casual,silver,tidak,cool
4156,img4156.jpg,smart_casual,silver,tidak,cool
4157,img4157.jpg,smart_casual,silver,tidak,cool
4158,img4158.jpg,smart_casual,silver,tidak,cool
4159,img4159.jpg,smart_casual,silver,tidak,cool
4160,img4160.jpg,smart_casual,silver,tidak,cool
4161,img4161.jpg,smart_casual,silver,tidak,cool
4162,img4162.jpg,smart_casual,silver,tidak,cool
4163,img4163.jpg,smart_casual,silver,tidak,cool
4164,img4164.jpg,smart_casual,silver,tidak,cool
4165,img4165.jpg,smart_casual,silver,ya,cool
4166,img4166.jpg,smart_casual,silver,ya,cool
4167,img4167.jpg,smart_casual,silver,tidak,cool
4168,img4168.jpg,smart_casual,silver,ya,cool
4169,img4169.jpg,smart_casual,silver,tidak,cool
4170,img4170.jpg,smart_casual,silver,tidak,cool
4171,img4171.jpg,smart_casual,silver,tidak,cool
4172,img4172.jpg,smart_casual,silver,tidak,cool
4173,img4173.jpg,smart_casual,silver,tidak,cool
4174,img4174.jpg,smart_casual,silver,ya,cool
4175,img4175.jpg,coffee_shop_hopping,beige,ya,neutral
4176,img4176.jpg,coffee_shop_hopping,beige,ya,neutral
4177,img4177.jpg,coffee_shop_hopping,beige,ya,neutral
4178,img4178.jpg,coffee_shop_hopping,beige,ya,neutral
4179,img4179.jpg,coffee_shop_hopping,beige,ya,neutral
4180,img4180.jpg,coffee_shop_hopping,beige,ya,neutral
4181,img4181.jpg,coffee_shop_hopping,beige,tidak,neutral
4182,img4182.jpg,coffee_shop_hopping,beige,ya,neutral
4183,img4183.jpg,coffee_shop_hopping,beige,ya,neutral
4184,img4184.jpg,coffee_shop_hopping,beige,tidak,neutral
4185,img4185.jpg,coffee_shop_hopping,beige,tidak,neutral
4186,img4186.jpg,coffee_shop_hopping,beige,tidak,neutral
4187,img4187.jpg,coffee_shop_hopping,beige,tidak,neutral
4188,img4188.jpg,coffee_shop_hopping,beige,tidak,neutral
4189,img4189.jpg,coffee_shop_hopping,beige,tidak,neutral
4190,img4190.jpg,coffee_shop_hopping,beige,tidak,neutral
4191,img4191.jpg,coffee_shop_hopping,beige,tidak,neutral
4192,img4192.jpg,coffee_shop_hopping,beige,tidak,neutral
4193,img4193.jpg,coffee_shop_hopping,beige,ya,neutral
4195,img4195.jpg,coffee_shop_hopping,beige,ya,neutral
4196,img4196.jpg,coffee_shop_hopping,beige,ya,neutral
4197,img4197.jpg,coffee_shop_hopping,beige,ya,neutral
4198,img4198.jpg,coffee_shop_hopping,beige,ya,neutral
4199,img4199.jpg,coffee_shop_hopping,beige,ya,neutral
4200,img4200.jpg,coffee_shop_hopping,beige,ya,neutral
4201,img4201.jpg,coffee_shop_hopping,beige,ya,neutral
4202,img4202.jpg,coffee_shop_hopping,beige,tidak,neutral
4203,img4203.jpg,coffee_shop_hopping,beige,ya,neutral
4204,img4204.jpg,coffee_shop_hopping,beige,tidak,neutral
4205,img4205.jpg,coffee_shop_hopping,beige,ya,neutral
4206,img4206.jpg,coffee_shop_hopping,beige,tidak,neutral
4207,img4207.jpg,coffee_shop_hopping,beige,ya,neutral
4208,img4208.jpg,coffee_shop_hopping,beige,ya,neutral
4209,img4209.jpg,coffee_shop_hopping,beige,tidak,neutral
4210,img4210.jpg,coffee_shop_hopping,beige,ya,neutral
4211,img4211.jpg,coffee_shop_hopping,beige,tidak,neutral
4212,img4212.jpg,coffee_shop_hopping,beige,ya,neutral
4213,img4213.jpg,coffee_shop_hopping,beige,tidak,neutral
4214,img4214.jpg,coffee_shop_hopping,beige,ya,neutral
4215,img4215.jpg,coffee_shop_hopping,beige,ya,neutral
4216,img4216.jpg,coffee_shop_hopping,beige,tidak,neutral
4217,img4217.jpg,coffee_shop_hopping,beige,tidak,neutral
4218,img4218.jpg,coffee_shop_hopping,beige,ya,neutral
4219,img4219.jpg,coffee_shop_hopping,beige,ya,neutral
4220,img4220.jpg,coffee_shop_hopping,beige,ya,neutral
4221,img4221.jpg,coffee_shop_hopping,beige,ya,neutral
4222,img4222.jpg,coffee_shop_hopping,beige,tidak,neutral
4223,img4223.jpg,coffee_shop_hopping,beige,ya,neutral
4224,img4224.jpg,coffee_shop_hopping,beige,ya,neutral
4225,img4225.jpg,coffee_shop_hopping,beige,tidak,neutral
4226,img4226.jpg,coffee_shop_hopping,beige,tidak,neutral
4227,img4227.jpg,coffee_shop_hopping,beige,ya,neutral
4228,img4228.jpg,coffee_shop_hopping,beige,ya,neutral
4229,img4229.jpg,coffee_shop_hopping,beige,ya,neutral
4230,img4230.jpg,coffee_shop_hopping,beige,ya,neutral
4231,img4231.jpg,coffee_shop_hopping,beige,ya,neutral
4232,img4232.jpg,coffee_shop_hopping,beige,tidak,neutral
4233,img4233.jpg,coffee_shop_hopping,beige,ya,neutral
4234,img4234.jpg,coffee_shop_hopping,beige,ya,neutral
4235,img4235.jpg,coffee_shop_hopping,beige,ya,neutral
4236,img4236.jpg,coffee_shop_hopping,beige,ya,neutral
4237,img4237.jpg,coffee_shop_hopping,beige,ya,neutral
4238,img4238.jpg,coffee_shop_hopping,beige,ya,neutral
4239,img4239.jpg,coffee_shop_hopping,beige,tidak,neutral
4240,img4240.jpg,coffee_shop_hopping,beige,tidak,neutral
4241,img4241.jpg,coffee_shop_hopping,beige,tidak,neutral
4242,img4242.jpg,coffee_shop_hopping,beige,ya,neutral
4243,img4243.jpg,coffee_shop_hopping,beige,ya,neutral
4244,img4244.jpg,coffee_shop_hopping,beige,ya,neutral
4245,img4245.jpg,coffee_shop_hopping,beige,tidak,neutral
4246,img4246.jpg,coffee_shop_hopping,beige,ya,neutral
4247,img4247.jpg,dinner,beige,ya,neutral
4248,img4248.jpg,dinner,beige,tidak,neutral
4249,img4249.jpg,dinner,beige,ya,neutral
4250,img4250.jpg,dinner,beige,ya,neutral
4251,img4251.jpg,dinner,beige,ya,neutral
4252,img4252.jpg,dinner,beige,ya,neutral
4253,img4253.jpg,dinner,beige,ya,neutral
4254,img4254.jpg,dinner,beige,ya,neutral
4255,img4255.jpg,dinner,beige,ya,neutral
4256,img4256.jpg,dinner,beige,tidak,neutral
4257,img4257.jpg,dinner,beige,tidak,neutral
4258,img4258.jpg,dinner,beige,tidak,neutral
4259,img4259.jpg,dinner,beige,tidak,neutral
4260,img4260.jpg,dinner,beige,tidak,neutral
4261,img4261.jpg,dinner,beige,tidak,neutral
4262,img4262.jpg,dinner,beige,tidak,neutral
4263,img4263.jpg,dinner,beige,ya,neutral
4264,img4264.jpg,dinner,beige,tidak,neutral
4265,img4265.jpg,dinner,beige,tidak,neutral
4266,img4266.jpg,dinner,beige,ya,neutral
4267,img4267.jpg,dinner,beige,tidak,neutral
4268,img4268.jpg,dinner,beige,tidak,neutral
4269,img4269.jpg,dinner,beige,ya,neutral
4270,img4270.jpg,dinner,beige,tidak,neutral
4271,img4271.jpg,dinner,beige,ya,neutral
4272,img4272.jpg,dinner,beige,tidak,neutral
4273,img4273.jpg,dinner,beige,ya,neutral
4274,img4274.jpg,dinner,beige,ya,neutral
4275,img4275.jpg,dinner,beige,ya,neutral
4276,img4276.jpg,dinner,beige,tidak,neutral
4277,img4277.jpg,dinner,beige,tidak,neutral
4278,img4278.jpg,dinner,beige,ya,neutral
4279,img4279.jpg,dinner,beige,ya,neutral
4280,img4280.jpg,dinner,beige,ya,neutral
4281,img4281.jpg,dinner,beige,tidak,neutral
4282,img4282.jpg,dinner,beige,ya,neutral
4283,img4283.jpg,dinner,beige,ya,neutral
4284,img4284.jpg,dinner,beige,ya,neutral
4285,img4285.jpg,dinner,beige,ya,neutral
4286,img4286.jpg,dinner,beige,tidak,neutral
4287,img4287.jpg,dinner,beige,ya,neutral
4288,img4288.jpg,dinner,beige,ya,neutral
4289,img4289.jpg,dinner,beige,ya,neutral
4290,img4290.jpg,dinner,beige,tidak,neutral
4291,img4291.jpg,dinner,beige,ya,neutral
4292,img4292.jpg,dinner,beige,tidak,neutral
4293,img4293.jpg,dinner,beige,ya,neutral
4294,img4294.jpg,dinner,beige,ya,neutral
4295,img4295.jpg,dinner,beige,ya,neutral
4296,img4296.jpg,dinner,beige,ya,neutral
4297,img4297.jpg,dinner,beige,ya,neutral
4298,img4298.jpg,dinner,beige,ya,neutral
4299,img4299.jpg,dinner,beige,tidak,neutral
4300,img4300.jpg,dinner,beige,ya,neutral
4301,img4301.jpg,dinner,beige,ya,neutral
4302,img4302.jpg,dinner,beige,ya,neutral
4303,img4303.jpg,dinner,beige,ya,neutral
4304,img4304.jpg,dinner,beige,ya,neutral
4305,img4305.jpg,dinner,beige,ya,neutral
4306,img4306.jpg,dinner,beige,ya,neutral
4307,img4307.jpg,dinner,beige,ya,neutral
4308,img4308.jpg,dinner,beige,tidak,neutral
4309,img4309.jpg,dinner,beige,tidak,neutral
4310,img4310.jpg,dinner,beige,tidak,neutral
4311,img4311.jpg,dinner,beige,tidak,neutral
4312,img4312.jpg,dinner,beige,tidak,neutral
4313,img4313.jpg,dinner,beige,tidak,neutral
4314,img4314.jpg,dinner,beige,ya,neutral
4315,img4315.jpg,dinner,beige,tidak,neutral
4316,img4316.jpg,dinner,beige,ya,neutral
4317,img4317.jpg,dinner,beige,ya,neutral
4318,img4318.jpg,dinner,beige,tidak,neutral
4319,img4319.jpg,dinner,beige,ya,neutral
4320,img4320.jpg,dinner,beige,ya,neutral
4321,img4321.jpg,gym_to_caffe,beige,tidak,neutral
4322,img4322.jpg,gym_to_caffe,beige,tidak,neutral
4323,img4323.jpg,gym_to_caffe,beige,tidak,neutral
4324,img4324.jpg,gym_to_caffe,beige,tidak,neutral
4325,img4325.jpg,gym_to_caffe,beige,tidak,neutral
4326,img4326.jpg,gym_to_caffe,beige,tidak,neutral
4327,img4327.jpg,gym_to_caffe,beige,tidak,neutral
4328,img4328.jpg,gym_to_caffe,beige,tidak,neutral
4329,img4329.jpg,gym_to_caffe,beige,tidak,neutral
4330,img4330.jpg,gym_to_caffe,beige,tidak,neutral
4331,img4331.jpg,gym_to_caffe,beige,tidak,neutral
4332,img4332.jpg,gym_to_caffe,beige,tidak,neutral
4333,img4333.jpg,gym_to_caffe,beige,tidak,neutral
4334,img4334.jpg,gym_to_caffe,beige,tidak,neutral
4335,img4335.jpg,gym_to_caffe,beige,tidak,neutral
4336,img4336.jpg,gym_to_caffe,beige,tidak,neutral
4337,img4337.jpg,gym_to_caffe,beige,tidak,neutral
4338,img4338.jpg,gym_to_caffe,beige,tidak,neutral
4339,img4339.jpg,gym_to_caffe,beige,tidak,neutral
4340,img4340.jpg,gym_to_caffe,beige,tidak,neutral
4341,img4341.jpg,gym_to_caffe,beige,tidak,neutral
4342,img4342.jpg,gym_to_caffe,beige,tidak,neutral
4343,img4343.jpg,gym_to_caffe,beige,tidak,neutral
4344,img4344.jpg,gym_to_caffe,beige,tidak,neutral
4345,img4345.jpg,gym_to_caffe,beige,tidak,neutral
4346,img4346.jpg,gym_to_caffe,beige,tidak,neutral
4347,img4347.jpg,gym_to_caffe,beige,tidak,neutral
4348,img4348.jpg,gym_to_caffe,beige,ya,neutral
4349,img4349.jpg,gym_to_caffe,beige,tidak,neutral
4350,img4350.jpg,gym_to_caffe,beige,tidak,neutral
4351,img4351.jpg,gym_to_caffe,beige,tidak,neutral
4352,img4352.jpg,gym_to_caffe,beige,tidak,neutral
4353,img4353.jpg,gym_to_caffe,beige,tidak,neutral
4354,img4354.jpg,gym_to_caffe,beige,tidak,neutral
4355,img4355.jpg,gym_to_caffe,beige,tidak,neutral
4356,img4356.jpg,gym_to_caffe,beige,tidak,neutral
4357,img4357.jpg,gym_to_caffe,beige,tidak,neutral
4358,img4358.jpg,gym_to_caffe,beige,tidak,neutral
4359,img4359.jpg,gym_to_caffe,beige,ya,neutral
4360,img4360.jpg,gym_to_caffe,beige,tidak,neutral
4361,img4361.jpg,gym_to_caffe,beige,ya,neutral
4362,img4362.jpg,gym_to_caffe,beige,tidak,neutral
4363,img4363.jpg,gym_to_caffe,beige,tidak,neutral
4364,img4364.jpg,gym_to_caffe,beige,tidak,neutral
4365,img4365.jpg,gym_to_caffe,beige,tidak,neutral
4366,img4366.jpg,gym_to_caffe,beige,tidak,neutral
4367,img4367.jpg,gym_to_caffe,beige,ya,neutral
4368,img4368.jpg,gym_to_caffe,beige,tidak,neutral
4369,img4369.jpg,gym_to_caffe,beige,tidak,neutral
4370,img4370.jpg,gym_to_caffe,beige,tidak,neutral
4371,img4371.jpg,gym_to_caffe,beige,tidak,neutral
4372,img4372.jpg,gym_to_caffe,beige,tidak,neutral
4373,img4373.jpg,gym_to_caffe,beige,tidak,neutral
4374,img4374.jpg,gym_to_caffe,beige,tidak,neutral
4375,img4375.jpg,gym_to_caffe,beige,tidak,neutral
4376,img4376.jpg,gym_to_caffe,beige,tidak,neutral
4377,img4377.jpg,gym_to_caffe,beige,tidak,neutral
4378,img4378.jpg,gym_to_caffe,beige,ya,neutral
4379,img4379.jpg,gym_to_caffe,beige,ya,neutral
4380,img4380.jpg,gym_to_caffe,beige,ya,neutral
4381,img4381.jpg,gym_to_caffe,beige,ya,neutral
4382,img4382.jpg,gym_to_caffe,beige,tidak,neutral
4383,img4383.jpg,gym_to_caffe,beige,ya,neutral
4384,img4384.jpg,gym_to_caffe,beige,tidak,neutral
4385,img4385.jpg,gym_to_caffe,beige,ya,neutral
4386,img4386.jpg,gym_to_caffe,beige,ya,neutral
4387,img4387.jpg,gym_to_caffe,beige,tidak,neutral
4388,img4388.jpg,gym_to_caffe,beige,tidak,neutral
4389,img4389.jpg,gym_to_caffe,beige,tidak,neutral
4390,img4390.jpg,gym_to_caffe,beige,tidak,neutral
4391,img4391.jpg,gym_to_caffe,beige,tidak,neutral
4392,img4392.jpg,gym_to_caffe,beige,ya,neutral
4393,img4393.jpg,gym_to_caffe,beige,tidak,neutral
4394,img4394.jpg,gym_to_caffe,beige,tidak,neutral
4395,img4395.jpg,gym_to_caffe,beige,ya,neutral
4396,img4396.jpg,gym_to_caffe,beige,ya,neutral
4397,img4397.jpg,gym_to_caffe,beige,tidak,neutral
4398,img4398.jpg,gym_to_caffe,beige,ya,neutral
4399,img4399.jpg,gym_to_caffe,beige,ya,neutral
4400,img4400.jpg,gym_to_caffe,beige,tidak,neutral
4401,img4401.jpg,gym_to_caffe,beige,tidak,neutral
4402,img4402.jpg,gym_to_caffe,beige,tidak,neutral
4403,img4403.jpg,gym_to_caffe,beige,tidak,neutral
4404,img4404.jpg,gym_to_caffe,beige,tidak,neutral
4405,img4405.jpg,gym_to_caffe,beige,ya,neutral
4407,img4407.jpg,gym_to_caffe,beige,tidak,neutral
4408,img4408.jpg,gym_to_caffe,beige,ya,neutral
4409,img4409.jpg,gym_to_caffe,beige,tidak,neutral
4420,img4420.jpg,gym_to_caffe,beige,tidak,neutral
4421,img4421.jpg,gym_to_caffe,beige,ya,neutral
4422,img4422.jpg,gym_to_caffe,beige,tidak,neutral
4423,img4423.jpg,hiking,beige,ya,neutral
4424,img4424.jpg,hiking,beige,tidak,neutral
4425,img4425.jpg,hiking,beige,tidak,neutral
4426,img4426.jpg,hiking,beige,tidak,neutral
4427,img4427.jpg,hiking,beige,tidak,neutral
4428,img4428.jpg,hiking,beige,tidak,neutral
4429,img4429.jpg,hiking,beige,tidak,neutral
4431,img4431.jpg,hiking,beige,tidak,neutral
4432,img4432.jpg,hiking,beige,tidak,neutral
4433,img4433.jpg,hiking,beige,tidak,neutral
4434,img4434.jpg,hiking,beige,tidak,neutral
4435,img4435.jpg,hiking,beige,tidak,neutral
4436,img4436.jpg,hiking,beige,ya,neutral
4437,img4437.jpg,hiking,beige,ya,neutral
4438,img4438.jpg,hiking,beige,tidak,neutral
4439,img4439.jpg,hiking,beige,ya,neutral
4440,img4440.jpg,hiking,beige,ya,neutral
4441,img4441.jpg,hiking,beige,ya,neutral
4442,img4442.jpg,hiking,beige,ya,neutral
4443,img4443.jpg,hiking,beige,tidak,neutral
4444,img4444.jpg,hiking,beige,ya,neutral
4445,img4445.jpg,hiking,beige,tidak,neutral
4446,img4446.jpg,hiking,beige,tidak,neutral
4447,img4447.jpg,hiking,beige,ya,neutral
4448,img4448.jpg,hiking,beige,tidak,neutral
4449,img4449.jpg,hiking,beige,tidak,neutral
4450,img4450.jpg,hiking,beige,ya,neutral
4451,img4451.jpg,hiking,beige,tidak,neutral
4452,img4452.jpg,hiking,beige,tidak,neutral
4453,img4453.jpg,hiking,beige,ya,neutral
4454,img4454.jpg,hiking,beige,ya,neutral
4455,img4455.jpg,hiking,beige,tidak,neutral
4456,img4456.jpg,hiking,beige,ya,neutral
4457,img4457.jpg,hiking,beige,ya,neutral
4458,img4458.jpg,hiking,beige,tidak,neutral
4459,img4459.jpg,hiking,beige,tidak,neutral
4460,img4460.jpg,hiking,beige,tidak,neutral
4461,img4461.jpg,hiking,beige,ya,neutral
4462,img4462.jpg,hiking,beige,ya,neutral
4464,img4464.jpg,hiking,beige,ya,neutral
4465,img4465.jpg,hiking,beige,tidak,neutral
4467,img4467.jpg,hiking,beige,tidak,neutral
4468,img4468.jpg,hiking,beige,tidak,neutral
4469,img4469.jpg,hiking,beige,ya,neutral
4470,img4470.jpg,smart_casual,beige,ya,neutral
4471,img4471.jpg,smart_casual,beige,ya,neutral
4472,img4472.jpg,smart_casual,beige,ya,neutral
4473,img4473.jpg,smart_casual,beige,ya,neutral
4474,img4474.jpg,smart_casual,beige,ya,neutral
4475,img4475.jpg,smart_casual,beige,ya,neutral
4476,img4476.jpg,smart_casual,beige,ya,neutral
4477,img4477.jpg,smart_casual,beige,tidak,neutral
4478,img4478.jpg,smart_casual,beige,tidak,neutral
4479,img4479.jpg,smart_casual,beige,tidak,neutral
4480,img4480.jpg,smart_casual,beige,tidak,neutral
4481,img4481.jpg,smart_casual,beige,tidak,neutral
4482,img4482.jpg,smart_casual,beige,tidak,neutral
4483,img4483.jpg,smart_casual,beige,ya,neutral
4484,img4484.jpg,smart_casual,beige,tidak,neutral
4485,img4485.jpg,smart_casual,beige,ya,neutral
4486,img4486.jpg,smart_casual,beige,ya,neutral
4487,img4487.jpg,smart_casual,beige,tidak,neutral
4488,img4488.jpg,smart_casual,beige,ya,neutral
4489,img4489.jpg,smart_casual,beige,ya,neutral
4490,img4490.jpg,smart_casual,beige,tidak,neutral
4491,img4491.jpg,smart_casual,beige,ya,neutral
4492,img4492.jpg,smart_casual,beige,ya,neutral
4493,img4493.jpg,smart_casual,beige,ya,neutral
4494,img4494.jpg,smart_casual,beige,ya,neutral
4495,img4495.jpg,smart_casual,beige,tidak,neutral
4496,img4496.jpg,smart_casual,beige,ya,neutral
4498,img4498.jpg,smart_casual,beige,ya,neutral
4499,img4499.jpg,smart_casual,beige,ya,neutral
4500,img4500.jpg,smart_casual,beige,tidak,neutral
4501,img4501.jpg,smart_casual,beige,tidak,neutral
4502,img4502.jpg,smart_casual,beige,ya,neutral
4503,img4503.jpg,smart_casual,beige,ya,neutral
4504,img4504.jpg,smart_casual,beige,ya,neutral
4505,img4505.jpg,smart_casual,beige,tidak,neutral
4506,img4506.jpg,smart_casual,beige,ya,neutral
4507,img4507.jpg,smart_casual,beige,tidak,neutral
4508,img4508.jpg,smart_casual,beige,ya,neutral
4509,img4509.jpg,smart_casual,beige,ya,neutral
4510,img4510.jpg,smart_casual,beige,ya,neutral
4511,img4511.jpg,smart_casual,beige,tidak,neutral
4512,img4512.jpg,smart_casual,beige,ya,neutral
4513,img4513.jpg,smart_casual,beige,ya,neutral
4514,img4514.jpg,smart_casual,beige,tidak,neutral
4515,img4515.jpg,smart_casual,beige,tidak,neutral
4516,img4516.jpg,smart_casual,beige,ya,neutral
4517,img4517.jpg,smart_casual,beige,ya,neutral
4518,img4518.jpg,smart_casual,beige,tidak,neutral
4519,img4519.jpg,smart_casual,beige,tidak,neutral
4521,img4521.jpg,coffee_shop_hopping,black,ya,neutral
4522,img4522.jpg,coffee_shop_hopping,black,tidak,neutral
4523,img4523.jpg,coffee_shop_hopping,black,tidak,neutral
4524,img4524.jpg,coffee_shop_hopping,black,tidak,neutral
4525,img4525.jpg,coffee_shop_hopping,black,tidak,neutral
4526,img4526.jpg,coffee_shop_hopping,black,tidak,neutral
4527,img4527.jpg,coffee_shop_hopping,black,tidak,neutral
4528,img4528.jpg,coffee_shop_hopping,black,tidak,neutral
4529,img4529.jpg,coffee_shop_hopping,black,tidak,neutral
4530,img4530.jpg,coffee_shop_hopping,black,tidak,neutral
4531,img4531.jpg,coffee_shop_hopping,black,ya,neutral
4532,img4532.jpg,coffee_shop_hopping,black,tidak,neutral
4533,img4533.jpg,coffee_shop_hopping,black,tidak,neutral
4534,img4534.jpg,coffee_shop_hopping,black,tidak,neutral
4535,img4535.jpg,coffee_shop_hopping,black,tidak,neutral
4536,img4536.jpg,coffee_shop_hopping,black,tidak,neutral
4537,img4537.jpg,coffee_shop_hopping,black,ya,neutral
4538,img4538.jpg,coffee_shop_hopping,black,tidak,neutral
4539,img4539.jpg,coffee_shop_hopping,black,tidak,neutral
4540,img4540.jpg,coffee_shop_hopping,black,tidak,neutral
4541,img4541.jpg,coffee_shop_hopping,black,ya,neutral
4542,img4542.jpg,coffee_shop_hopping,black,tidak,neutral
4543,img4543.jpg,coffee_shop_hopping,black,tidak,neutral
4544,img4544.jpg,coffee_shop_hopping,black,tidak,neutral
4545,img4545.jpg,coffee_shop_hopping,black,tidak,neutral
4546,img4546.jpg,coffee_shop_hopping,black,tidak,neutral
4547,img4547.jpg,coffee_shop_hopping,black,tidak,neutral
4548,img4548.jpg,coffee_shop_hopping,black,tidak,neutral
4549,img4549.jpg,coffee_shop_hopping,black,tidak,neutral
4550,img4550.jpg,coffee_shop_hopping,black,tidak,neutral
4551,img4551.jpg,coffee_shop_hopping,black,tidak,neutral
4552,img4552.jpg,coffee_shop_hopping,black,tidak,neutral
4553,img4553.jpg,coffee_shop_hopping,black,ya,neutral
4554,img4554.jpg,coffee_shop_hopping,black,tidak,neutral
4555,img4555.jpg,coffee_shop_hopping,black,tidak,neutral
4556,img4556.jpg,coffee_shop_hopping,black,tidak,neutral
4557,img4557.jpg,coffee_shop_hopping,black,ya,neutral
4558,img4558.jpg,coffee_shop_hopping,black,tidak,neutral
4559,img4559.jpg,coffee_shop_hopping,black,ya,neutral
4560,img4560.jpg,coffee_shop_hopping,black,ya,neutral
4561,img4561.jpg,coffee_shop_hopping,black,tidak,neutral
4562,img4562.jpg,coffee_shop_hopping,black,tidak,neutral
4563,img4563.jpg,coffee_shop_hopping,black,tidak,neutral
4564,img4564.jpg,coffee_shop_hopping,black,tidak,neutral
4565,img4565.jpg,coffee_shop_hopping,black,ya,neutral
4566,img4566.jpg,coffee_shop_hopping,black,tidak,neutral
4567,img4567.jpg,coffee_shop_hopping,black,tidak,neutral
4568,img4568.jpg,coffee_shop_hopping,black,tidak,neutral
4569,img4569.jpg,coffee_shop_hopping,black,tidak,neutral
4570,img4570.jpg,coffee_shop_hopping,black,tidak,neutral
4571,img4571.jpg,coffee_shop_hopping,black,tidak,neutral
4572,img4572.jpg,coffee_shop_hopping,black,ya,neutral
4573,img4573.jpg,coffee_shop_hopping,black,ya,neutral
4574,img4574.jpg,coffee_shop_hopping,black,tidak,neutral
4575,img4575.jpg,coffee_shop_hopping,black,tidak,neutral
4576,img4576.jpg,coffee_shop_hopping,black,tidak,neutral
4577,img4577.jpg,coffee_shop_hopping,black,ya,neutral
4578,img4578.jpg,coffee_shop_hopping,black,tidak,neutral
4579,img4579.jpg,coffee_shop_hopping,black,tidak,neutral
4580,img4580.jpg,coffee_shop_hopping,black,ya,neutral
4581,img4581.jpg,coffee_shop_hopping,black,ya,neutral
4582,img4582.jpg,coffee_shop_hopping,black,ya,neutral
4583,img4583.jpg,coffee_shop_hopping,black,ya,neutral
4584,img4584.jpg,coffee_shop_hopping,black,tidak,neutral
4585,img4585.jpg,coffee_shop_hopping,black,tidak,neutral
4586,img4586.jpg,smart_casual,beige,ya,neutral
4587,img4587.jpg,smart_casual,beige,ya,neutral
4589,img4589.jpg,smart_casual,beige,ya,neutral
4590,img4590.jpg,smart_casual,beige,ya,neutral
4591,img4591.jpg,smart_casual,beige,ya,neutral
4593,img4593.jpg,smart_casual,beige,ya,neutral
4594,img4594.jpg,smart_casual,beige,ya,neutral
4595,img4595.jpg,smart_casual,beige,tidak,neutral
4596,img4596.jpg,smart_casual,beige,tidak,neutral
4597,img4597.jpg,smart_casual,beige,ya,neutral
4598,img4598.jpg,smart_casual,beige,ya,neutral
4599,img4599.jpg,smart_casual,beige,ya,neutral
4600,img4600.jpg,smart_casual,beige,tidak,neutral
4601,img4601.jpg,smart_casual,beige,tidak,neutral
4602,img4602.jpg,smart_casual,beige,tidak,neutral
4603,img4603.jpg,smart_casual,beige,tidak,neutral
4604,img4604.jpg,smart_casual,beige,tidak,neutral
4605,img4605.jpg,smart_casual,beige,tidak,neutral
4606,img4606.jpg,smart_casual,beige,tidak,neutral
4607,img4607.jpg,smart_casual,beige,ya,neutral
4608,img4608.jpg,smart_casual,beige,ya,neutral
4609,img4609.jpg,smart_casual,beige,tidak,neutral
4610,img4610.jpg,smart_casual,beige,tidak,neutral
4611,img4611.jpg,smart_casual,beige,tidak,neutral
4612,img4612.jpg,smart_casual,beige,ya,neutral
4613,img4613.jpg,smart_casual,beige,ya,neutral
4614,img4614.jpg,smart_casual,beige,ya,neutral
4615,img4615.jpg,smart_casual,beige,tidak,neutral
4616,img4616.jpg,smart_casual,beige,tidak,neutral
4617,img4617.jpg,smart_casual,beige,tidak,neutral
4618,img4618.jpg,smart_casual,beige,ya,neutral
4619,img4619.jpg,smart_casual,beige,ya,neutral
4620,img4620.jpg,dinner,black,ya,neutral
4621,img4621.jpg,dinner,black,tidak,neutral
4622,img4622.jpg,dinner,black,tidak,neutral
4623,img4623.jpg,dinner,black,ya,neutral
4624,img4624.jpg,dinner,black,tidak,neutral
4625,img4625.jpg,dinner,black,tidak,neutral
4626,img4626.jpg,dinner,black,tidak,neutral
4627,img4627.jpg,dinner,black,ya,neutral
4628,img4628.jpg,dinner,black,tidak,neutral
4629,img4629.jpg,dinner,black,ya,neutral
4630,img4630.jpg,dinner,black,ya,neutral
4631,img4631.jpg,dinner,black,tidak,neutral
4632,img4632.jpg,dinner,black,tidak,neutral
4633,img4633.jpg,dinner,black,tidak,neutral
4634,img4634.jpg,dinner,black,ya,neutral
4635,img4635.jpg,dinner,black,ya,neutral
4636,img4636.jpg,dinner,black,tidak,neutral
4637,img4637.jpg,dinner,black,ya,neutral
4638,img4638.jpg,dinner,black,tidak,neutral
4639,img4639.jpg,dinner,black,ya,neutral
4640,img4640.jpg,dinner,black,tidak,neutral
4641,img4641.jpg,dinner,black,tidak,neutral
4642,img4642.jpg,dinner,black,ya,neutral
4643,img4643.jpg,dinner,black,tidak,neutral
4644,img4644.jpg,dinner,black,tidak,neutral
4645,img4645.jpg,dinner,black,tidak,neutral
4646,img4646.jpg,dinner,black,tidak,neutral
4647,img4647.jpg,dinner,black,tidak,neutral
4648,img4648.jpg,dinner,black,tidak,neutral
4649,img4649.jpg,dinner,black,ya,neutral
4650,img4650.jpg,dinner,black,ya,neutral
4651,img4651.jpg,dinner,black,tidak,neutral
4652,img4652.jpg,dinner,black,ya,neutral
4653,img4653.jpg,dinner,black,ya,neutral
4654,img4654.jpg,dinner,black,tidak,neutral
4655,img4655.jpg,dinner,black,ya,neutral
4656,img4656.jpg,dinner,black,ya,neutral
4657,img4657.jpg,dinner,black,tidak,neutral
4658,img4658.jpg,dinner,black,ya,neutral
4659,img4659.jpg,dinner,black,ya,neutral
4660,img4660.jpg,dinner,black,tidak,neutral
4661,img4661.jpg,dinner,black,tidak,neutral
4662,img4662.jpg,dinner,black,tidak,neutral
4663,img4663.jpg,dinner,black,ya,neutral
4664,img4664.jpg,dinner,black,ya,neutral
4665,img4665.jpg,dinner,black,tidak,neutral
4666,img4666.jpg,dinner,black,tidak,neutral
4667,img4667.jpg,dinner,black,ya,neutral
4668,img4668.jpg,dinner,black,ya,neutral
4669,img4669.jpg,dinner,black,tidak,neutral
4670,img4670.jpg,gym_to_caffe,black,tidak,neutral
4671,img4671.jpg,gym_to_caffe,black,ya,neutral
4672,img4672.jpg,gym_to_caffe,black,ya,neutral
4673,img4673.jpg,gym_to_caffe,black,tidak,neutral
4674,img4674.jpg,gym_to_caffe,black,ya,neutral
4675,img4675.jpg,gym_to_caffe,black,tidak,neutral
4676,img4676.jpg,gym_to_caffe,black,tidak,neutral
4677,img4677.jpg,gym_to_caffe,black,tidak,neutral
4678,img4678.jpg,gym_to_caffe,black,tidak,neutral
4679,img4679.jpg,gym_to_caffe,black,tidak,neutral
4680,img4680.jpg,gym_to_caffe,black,tidak,neutral
4681,img4681.jpg,gym_to_caffe,black,tidak,neutral
4682,img4682.jpg,gym_to_caffe,black,tidak,neutral
4683,img4683.jpg,gym_to_caffe,black,ya,neutral
4684,img4684.jpg,gym_to_caffe,black,ya,neutral
4685,img4685.jpg,gym_to_caffe,black,ya,neutral
4686,img4686.jpg,gym_to_caffe,black,ya,neutral
4687,img4687.jpg,gym_to_caffe,black,tidak,neutral
4688,img4688.jpg,gym_to_caffe,black,tidak,neutral
4689,img4689.jpg,gym_to_caffe,black,ya,neutral
4690,img4690.jpg,gym_to_caffe,black,tidak,neutral
4691,img4691.jpg,gym_to_caffe,black,tidak,neutral
4692,img4692.jpg,gym_to_caffe,black,tidak,neutral
4693,img4693.jpg,gym_to_caffe,black,ya,neutral
4694,img4694.jpg,gym_to_caffe,black,tidak,neutral
4695,img4695.jpg,gym_to_caffe,black,tidak,neutral
4696,img4696.jpg,gym_to_caffe,black,tidak,neutral
4697,img4697.jpg,gym_to_caffe,black,tidak,neutral
4698,img4698.jpg,gym_to_caffe,black,tidak,neutral
4699,img4699.jpg,gym_to_caffe,black,tidak,neutral
4700,img4700.jpg,gym_to_caffe,black,tidak,neutral
4701,img4701.jpg,gym_to_caffe,black,tidak,neutral
4702,img4702.jpg,gym_to_caffe,black,tidak,neutral
4703,img4703.jpg,gym_to_caffe,black,tidak,neutral
4704,img4704.jpg,gym_to_caffe,black,ya,neutral
4705,img4705.jpg,gym_to_caffe,black,tidak,neutral
4706,img4706.jpg,gym_to_caffe,black,ya,neutral
4707,img4707.jpg,gym_to_caffe,black,ya,neutral
4708,img4708.jpg,gym_to_caffe,black,ya,neutral
4709,img4709.jpg,gym_to_caffe,black,tidak,neutral
4710,img4710.jpg,gym_to_caffe,black,tidak,neutral
4711,img4711.jpg,gym_to_caffe,black,tidak,neutral
4712,img4712.jpg,gym_to_caffe,black,tidak,neutral
4713,img4713.jpg,gym_to_caffe,black,tidak,neutral
4714,img4714.jpg,gym_to_caffe,black,tidak,neutral
4715,img4715.jpg,gym_to_caffe,black,ya,neutral
4716,img4716.jpg,gym_to_caffe,black,tidak,neutral
4717,img4717.jpg,gym_to_caffe,black,ya,neutral
4718,img4718.jpg,gym_to_caffe,black,ya,neutral
4719,img4719.jpg,gym_to_caffe,black,ya,neutral
4720,img4720.jpg,hiking,black,tidak,neutral
4721,img4721.jpg,hiking,black,tidak,neutral
4722,img4722.jpg,hiking,black,ya,neutral
4723,img4723.jpg,hiking,black,tidak,neutral
4724,img4724.jpg,hiking,black,tidak,neutral
4725,img4725.jpg,hiking,black,tidak,neutral
4726,img4726.jpg,hiking,black,tidak,neutral
4727,img4727.jpg,hiking,black,tidak,neutral
4728,img4728.jpg,hiking,black,tidak,neutral
4729,img4729.jpg,hiking,black,tidak,neutral
4730,img4730.jpg,hiking,black,ya,neutral
4731,img4731.jpg,hiking,black,ya,neutral
4732,img4732.jpg,hiking,black,tidak,neutral
4733,img4733.jpg,hiking,black,ya,neutral
4734,img4734.jpg,hiking,black,tidak,neutral
4735,img4735.jpg,hiking,black,tidak,neutral
4736,img4736.jpg,hiking,black,tidak,neutral
4737,img4737.jpg,hiking,black,ya,neutral
4738,img4738.jpg,hiking,black,ya,neutral
4739,img4739.jpg,hiking,black,tidak,neutral
4740,img4740.jpg,hiking,black,ya,neutral
4741,img4741.jpg,hiking,black,ya,neutral
4742,img4742.jpg,hiking,black,ya,neutral
4743,img4743.jpg,hiking,black,tidak,neutral
4744,img4744.jpg,hiking,black,tidak,neutral
4745,img4745.jpg,hiking,black,tidak,neutral
4746,img4746.jpg,hiking,black,ya,neutral
4747,img4747.jpg,hiking,black,ya,neutral
4748,img4748.jpg,hiking,black,tidak,neutral
4749,img4749.jpg,hiking,black,ya,neutral
4750,img4750.jpg,hiking,black,ya,neutral
4751,img4751.jpg,hiking,black,ya,neutral
4752,img4752.jpg,hiking,black,ya,neutral
4753,img4753.jpg,hiking,black,ya,neutral
4754,img4754.jpg,hiking,black,tidak,neutral
4755,img4755.jpg,hiking,black,tidak,neutral
4756,img4756.jpg,hiking,black,tidak,neutral
4757,img4757.jpg,hiking,black,tidak,neutral
4758,img4758.jpg,hiking,black,tidak,neutral
4759,img4759.jpg,hiking,black,tidak,neutral
4760,img4760.jpg,hiking,black,tidak,neutral
4761,img4761.jpg,hiking,black,tidak,neutral
4762,img4762.jpg,hiking,black,ya,neutral
4763,img4763.jpg,hiking,black,tidak,neutral
4764,img4764.jpg,hiking,black,tidak,neutral
4765,img4765.jpg,hiking,black,tidak,neutral
4766,img4766.jpg,hiking,black,tidak,neutral
4767,img4767.jpg,hiking,black,ya,neutral
4768,img4768.jpg,smart_casual,black,tidak,neutral
4769,img4769.jpg,smart_casual,black,ya,neutral
4770,img4770.jpg,smart_casual,black,ya,neutral
4771,img4771.jpg,smart_casual,black,ya,neutral
4772,img4772.jpg,smart_casual,black,tidak,neutral
4773,img4773.jpg,smart_casual,black,tidak,neutral
4774,img4774.jpg,smart_casual,black,tidak,neutral
4775,img4775.jpg,smart_casual,black,ya,neutral
4776,img4776.jpg,smart_casual,black,ya,neutral
4777,img4777.jpg,smart_casual,black,ya,neutral
4778,img4778.jpg,smart_casual,black,ya,neutral
4779,img4779.jpg,smart_casual,black,ya,neutral
4780,img4780.jpg,smart_casual,black,tidak,neutral
4781,img4781.jpg,smart_casual,black,tidak,neutral
4782,img4782.jpg,smart_casual,black,ya,neutral
4783,img4783.jpg,smart_casual,black,ya,neutral
4784,img4784.jpg,smart_casual,black,ya,neutral
4785,img4785.jpg,smart_casual,black,tidak,neutral
4786,img4786.jpg,smart_casual,black,ya,neutral
4787,img4787.jpg,smart_casual,black,ya,neutral
4788,img4788.jpg,smart_casual,black,ya,neutral
4789,img4789.jpg,smart_casual,black,ya,neutral
4790,img4790.jpg,smart_casual,black,tidak,neutral
4791,img4791.jpg,smart_casual,black,tidak,neutral
4792,img4792.jpg,smart_casual,black,ya,neutral
4793,img4793.jpg,smart_casual,black,ya,neutral
4794,img4794.jpg,smart_casual,black,tidak,neutral
4795,img4795.jpg,smart_casual,black,tidak,neutral
4796,img4796.jpg,smart_casual,black,ya,neutral
4797,img4797.jpg,smart_casual,black,ya,neutral
4798,img4798.jpg,smart_casual,black,ya,neutral
4799,img4799.jpg,smart_casual,black,tidak,neutral
4800,img4800.jpg,smart_casual,black,ya,neutral
4801,img4801.jpg,smart_casual,black,tidak,neutral
4802,img4802.jpg,smart_casual,black,ya,neutral
4803,img4803.jpg,smart_casual,black,ya,neutral
4804,img4804.jpg,smart_casual,black,tidak,neutral
4805,img4805.jpg,smart_casual,black,ya,neutral
4806,img4806.jpg,smart_casual,black,tidak,neutral
4807,img4807.jpg,smart_casual,black,ya,neutral
4808,img4808.jpg,smart_casual,black,tidak,neutral
4809,img4809.jpg,smart_casual,black,tidak,neutral
4810,img4810.jpg,smart_casual,black,tidak,neutral
4811,img4811.jpg,smart_casual,black,ya,neutral
4812,img4812.jpg,smart_casual,black,ya,neutral
4813,img4813.jpg,smart_casual,black,ya,neutral
4814,img4814.jpg,smart_casual,black,tidak,neutral
4815,img4815.jpg,smart_casual,black,ya,neutral
4816,img4816.jpg,smart_casual,black,ya,neutral
4817,img4817.jpg,smart_casual,black,ya,neutral
4818,img4818.jpg,smart_casual,black,ya,neutral
4819,img4819.jpg,smart_casual,black,tidak,neutral
4820,img4820.jpg,coffee_shop_hopping,charcoal,ya,neutral
4821,img4821.jpg,coffee_shop_hopping,charcoal,ya,neutral
4822,img4822.jpg,coffee_shop_hopping,charcoal,ya,neutral
4823,img4823.jpg,coffee_shop_hopping,charcoal,ya,neutral
4824,img4824.jpg,coffee_shop_hopping,charcoal,ya,neutral
4825,img4825.jpg,coffee_shop_hopping,charcoal,ya,neutral
4826,img4826.jpg,coffee_shop_hopping,charcoal,tidak,neutral
4827,img4827.jpg,coffee_shop_hopping,charcoal,ya,neutral
4828,img4828.jpg,coffee_shop_hopping,charcoal,tidak,neutral
4829,img4829.jpg,coffee_shop_hopping,charcoal,ya,neutral
4830,img4830.jpg,coffee_shop_hopping,charcoal,tidak,neutral
4831,img4831.jpg,coffee_shop_hopping,charcoal,tidak,neutral
4832,img4832.jpg,coffee_shop_hopping,charcoal,tidak,neutral
4833,img4833.jpg,coffee_shop_hopping,charcoal,tidak,neutral
4834,img4834.jpg,coffee_shop_hopping,charcoal,tidak,neutral
4835,img4835.jpg,coffee_shop_hopping,charcoal,tidak,neutral
4836,img4836.jpg,coffee_shop_hopping,charcoal,tidak,neutral
4837,img4837.jpg,coffee_shop_hopping,charcoal,tidak,neutral
4838,img4838.jpg,coffee_shop_hopping,charcoal,tidak,neutral
4839,img4839.jpg,coffee_shop_hopping,charcoal,tidak,neutral
4840,img4840.jpg,coffee_shop_hopping,charcoal,tidak,neutral
4841,img4841.jpg,coffee_shop_hopping,charcoal,tidak,neutral
4842,img4842.jpg,coffee_shop_hopping,charcoal,tidak,neutral
4843,img4843.jpg,coffee_shop_hopping,charcoal,tidak,neutral
4844,img4844.jpg,coffee_shop_hopping,charcoal,tidak,neutral
4845,img4845.jpg,coffee_shop_hopping,charcoal,tidak,neutral
4846,img4846.jpg,coffee_shop_hopping,charcoal,tidak,neutral
4847,img4847.jpg,coffee_shop_hopping,charcoal,tidak,neutral
4848,img4848.jpg,coffee_shop_hopping,charcoal,tidak,neutral
4849,img4849.jpg,coffee_shop_hopping,charcoal,ya,neutral
4850,img4850.jpg,coffee_shop_hopping,charcoal,tidak,neutral
4851,img4851.jpg,coffee_shop_hopping,charcoal,ya,neutral
4852,img4852.jpg,coffee_shop_hopping,charcoal,ya,neutral
4854,img4854.jpg,coffee_shop_hopping,charcoal,tidak,neutral
4855,img4855.jpg,coffee_shop_hopping,charcoal,ya,neutral
4856,img4856.jpg,coffee_shop_hopping,charcoal,ya,neutral
4857,img4857.jpg,coffee_shop_hopping,charcoal,ya,neutral
4858,img4858.jpg,coffee_shop_hopping,charcoal,ya,neutral
4859,img4859.jpg,coffee_shop_hopping,charcoal,ya,neutral
4860,img4860.jpg,coffee_shop_hopping,charcoal,ya,neutral
4861,img4861.jpg,coffee_shop_hopping,charcoal,tidak,neutral
4862,img4862.jpg,coffee_shop_hopping,charcoal,ya,neutral
4863,img4863.jpg,coffee_shop_hopping,charcoal,ya,neutral
4864,img4864.jpg,coffee_shop_hopping,charcoal,ya,neutral
4865,img4865.jpg,coffee_shop_hopping,charcoal,ya,neutral
4866,img4866.jpg,coffee_shop_hopping,charcoal,ya,neutral
4867,img4867.jpg,coffee_shop_hopping,charcoal,ya,neutral
4868,img4868.jpg,coffee_shop_hopping,charcoal,ya,neutral
4869,img4869.jpg,coffee_shop_hopping,charcoal,ya,neutral
4870,img4870.jpg,coffee_shop_hopping,charcoal,ya,neutral
4871,img4871.jpg,coffee_shop_hopping,charcoal,tidak,neutral
4872,img4872.jpg,coffee_shop_hopping,charcoal,tidak,neutral
4873,img4873.jpg,coffee_shop_hopping,charcoal,ya,neutral
4874,img4874.jpg,coffee_shop_hopping,charcoal,tidak,neutral
4875,img4875.jpg,coffee_shop_hopping,charcoal,tidak,neutral
4876,img4876.jpg,coffee_shop_hopping,charcoal,ya,neutral
4877,img4877.jpg,coffee_shop_hopping,charcoal,ya,neutral
4878,img4878.jpg,coffee_shop_hopping,charcoal,tidak,neutral
4879,img4879.jpg,coffee_shop_hopping,charcoal,tidak,neutral
4880,img4880.jpg,coffee_shop_hopping,charcoal,ya,neutral
4881,img4881.jpg,coffee_shop_hopping,charcoal,ya,neutral
4882,img4882.jpg,coffee_shop_hopping,charcoal,ya,neutral
4883,img4883.jpg,coffee_shop_hopping,charcoal,ya,neutral
4884,img4884.jpg,coffee_shop_hopping,charcoal,ya,neutral
4885,img4885.jpg,coffee_shop_hopping,charcoal,ya,neutral
4886,img4886.jpg,coffee_shop_hopping,charcoal,tidak,neutral
4887,img4887.jpg,coffee_shop_hopping,charcoal,ya,neutral
4888,img4888.jpg,coffee_shop_hopping,charcoal,ya,neutral
4889,img4889.jpg,coffee_shop_hopping,charcoal,ya,neutral
4890,img4890.jpg,coffee_shop_hopping,charcoal,tidak,neutral
4891,img4891.jpg,coffee_shop_hopping,charcoal,ya,neutral
4892,img4892.jpg,coffee_shop_hopping,charcoal,tidak,neutral
4893,img4893.jpg,coffee_shop_hopping,charcoal,ya,neutral
4894,img4894.jpg,coffee_shop_hopping,charcoal,tidak,neutral
4895,img4895.jpg,coffee_shop_hopping,charcoal,ya,neutral
4896,img4896.jpg,coffee_shop_hopping,charcoal,tidak,neutral
4897,img4897.jpg,coffee_shop_hopping,charcoal,ya,neutral
4898,img4898.jpg,dinner,charcoal,ya,neutral
4899,img4899.jpg,dinner,charcoal,ya,neutral
4900,img4900.jpg,dinner,charcoal,ya,neutral
4901,img4901.jpg,dinner,charcoal,tidak,neutral
4902,img4902.jpg,dinner,charcoal,tidak,neutral
4903,img4903.jpg,dinner,charcoal,tidak,neutral
4904,img4904.jpg,dinner,charcoal,tidak,neutral
4905,img4905.jpg,dinner,charcoal,tidak,neutral
4906,img4906.jpg,dinner,charcoal,tidak,neutral
4907,img4907.jpg,dinner,charcoal,tidak,neutral
4908,img4908.jpg,dinner,charcoal,tidak,neutral
4909,img4909.jpg,dinner,charcoal,ya,neutral
4910,img4910.jpg,dinner,charcoal,tidak,neutral
4911,img4911.jpg,dinner,charcoal,tidak,neutral
4912,img4912.jpg,dinner,charcoal,ya,neutral
4913,img4913.jpg,dinner,charcoal,ya,neutral
4914,img4914.jpg,dinner,charcoal,tidak,neutral
4915,img4915.jpg,dinner,charcoal,tidak,neutral
4916,img4916.jpg,dinner,charcoal,tidak,neutral
4917,img4917.jpg,dinner,charcoal,ya,neutral
4918,img4918.jpg,dinner,charcoal,tidak,neutral
4919,img4919.jpg,dinner,charcoal,tidak,neutral
4920,img4920.jpg,dinner,charcoal,tidak,neutral
4921,img4921.jpg,dinner,charcoal,tidak,neutral
4922,img4922.jpg,dinner,charcoal,tidak,neutral
4923,img4923.jpg,dinner,charcoal,tidak,neutral
4924,img4924.jpg,dinner,charcoal,tidak,neutral
4925,img4925.jpg,dinner,charcoal,ya,neutral
4926,img4926.jpg,dinner,charcoal,ya,neutral
4927,img4927.jpg,dinner,charcoal,tidak,neutral
4928,img4928.jpg,dinner,charcoal,tidak,neutral
4929,img4929.jpg,dinner,charcoal,ya,neutral
4930,img4930.jpg,dinner,charcoal,ya,neutral
4931,img4931.jpg,dinner,charcoal,ya,neutral
4932,img4932.jpg,dinner,charcoal,ya,neutral
4933,img4933.jpg,dinner,charcoal,ya,neutral
4934,img4934.jpg,dinner,charcoal,tidak,neutral
4935,img4935.jpg,dinner,charcoal,tidak,neutral
4936,img4936.jpg,dinner,charcoal,ya,neutral
4937,img4937.jpg,dinner,charcoal,ya,neutral
4938,img4938.jpg,dinner,charcoal,ya,neutral
4939,img4939.jpg,dinner,charcoal,tidak,neutral
4940,img4940.jpg,dinner,charcoal,tidak,neutral
4941,img4941.jpg,dinner,charcoal,ya,neutral
4942,img4942.jpg,dinner,charcoal,tidak,neutral
4943,img4943.jpg,dinner,charcoal,tidak,neutral
4944,img4944.jpg,dinner,charcoal,tidak,neutral
4945,img4945.jpg,dinner,charcoal,tidak,neutral
4946,img4946.jpg,dinner,charcoal,ya,neutral
4947,img4947.jpg,dinner,charcoal,ya,neutral
4948,img4948.jpg,dinner,charcoal,tidak,neutral
4949,img4949.jpg,dinner,charcoal,tidak,neutral
4950,img4950.jpg,dinner,charcoal,ya,neutral
4951,img4951.jpg,dinner,charcoal,ya,neutral
4952,img4952.jpg,dinner,charcoal,ya,neutral
4953,img4953.jpg,dinner,charcoal,tidak,neutral
4954,img4954.jpg,dinner,charcoal,ya,neutral
4955,img4955.jpg,dinner,charcoal,tidak,neutral
4956,img4956.jpg,dinner,charcoal,ya,neutral
4957,img4957.jpg,dinner,charcoal,tidak,neutral
4958,img4958.jpg,dinner,charcoal,ya,neutral
4959,img4959.jpg,dinner,charcoal,tidak,neutral
4960,img4960.jpg,dinner,charcoal,tidak,neutral
4961,img4961.jpg,dinner,charcoal,tidak,neutral
4962,img4962.jpg,dinner,charcoal,ya,neutral
4963,img4963.jpg,dinner,charcoal,tidak,neutral
4964,img4964.jpg,dinner,charcoal,ya,neutral
4965,img4965.jpg,dinner,charcoal,tidak,neutral
4966,img4966.jpg,gym_to_caffe,charcoal,tidak,neutral
4967,img4967.jpg,gym_to_caffe,charcoal,ya,neutral
4968,img4968.jpg,gym_to_caffe,charcoal,tidak,neutral
4969,img4969.jpg,gym_to_caffe,charcoal,tidak,neutral
4970,img4970.jpg,gym_to_caffe,charcoal,ya,neutral
4971,img4971.jpg,gym_to_caffe,charcoal,tidak,neutral
4972,img4972.jpg,gym_to_caffe,charcoal,tidak,neutral
4973,img4973.jpg,gym_to_caffe,charcoal,tidak,neutral
4974,img4974.jpg,gym_to_caffe,charcoal,tidak,neutral
4975,img4975.jpg,gym_to_caffe,charcoal,tidak,neutral
4976,img4976.jpg,gym_to_caffe,charcoal,tidak,neutral
4977,img4977.jpg,gym_to_caffe,charcoal,tidak,neutral
4978,img4978.jpg,gym_to_caffe,charcoal,tidak,neutral
4979,img4979.jpg,gym_to_caffe,charcoal,tidak,neutral
4980,img4980.jpg,gym_to_caffe,charcoal,tidak,neutral
4981,img4981.jpg,gym_to_caffe,charcoal,tidak,neutral
4982,img4982.jpg,gym_to_caffe,charcoal,tidak,neutral
4983,img4983.jpg,gym_to_caffe,charcoal,tidak,neutral
4984,img4984.jpg,gym_to_caffe,charcoal,tidak,neutral
4985,img4985.jpg,gym_to_caffe,charcoal,tidak,neutral
4986,img4986.jpg,gym_to_caffe,charcoal,tidak,neutral
4987,img4987.jpg,gym_to_caffe,charcoal,tidak,neutral
4989,img4989.jpg,gym_to_caffe,charcoal,tidak,neutral
4990,img4990.jpg,gym_to_caffe,charcoal,ya,neutral
4991,img4991.jpg,gym_to_caffe,charcoal,ya,neutral
4992,img4992.jpg,gym_to_caffe,charcoal,tidak,neutral
4993,img4993.jpg,gym_to_caffe,charcoal,tidak,neutral
4994,img4994.jpg,gym_to_caffe,charcoal,tidak,neutral
4995,img4995.jpg,gym_to_caffe,charcoal,tidak,neutral
4996,img4996.jpg,gym_to_caffe,charcoal,tidak,neutral
4997,img4997.jpg,gym_to_caffe,charcoal,ya,neutral
4998,img4998.jpg,gym_to_caffe,charcoal,ya,neutral
4999,img4999.jpg,gym_to_caffe,charcoal,ya,neutral
5000,img5000.jpg,gym_to_caffe,charcoal,tidak,neutral
5001,img5001.jpg,gym_to_caffe,charcoal,ya,neutral
5002,img5002.jpg,gym_to_caffe,charcoal,tidak,neutral
5003,img5003.jpg,gym_to_caffe,charcoal,tidak,neutral
5004,img5004.jpg,gym_to_caffe,charcoal,tidak,neutral
5005,img5005.jpg,gym_to_caffe,charcoal,tidak,neutral
5006,img5006.jpg,gym_to_caffe,charcoal,ya,neutral
5007,img5007.jpg,gym_to_caffe,charcoal,ya,neutral
5008,img5008.jpg,gym_to_caffe,charcoal,ya,neutral
5009,img5009.jpg,gym_to_caffe,charcoal,tidak,neutral
5010,img5010.jpg,gym_to_caffe,charcoal,tidak,neutral
5011,img5011.jpg,gym_to_caffe,charcoal,tidak,neutral
5012,img5012.jpg,gym_to_caffe,charcoal,tidak,neutral
5013,img5013.jpg,gym_to_caffe,charcoal,ya,neutral
5014,img5014.jpg,gym_to_caffe,charcoal,tidak,neutral
5015,img5015.jpg,gym_to_caffe,charcoal,ya,neutral
5016,img5016.jpg,gym_to_caffe,charcoal,tidak,neutral
5017,img5017.jpg,gym_to_caffe,charcoal,tidak,neutral
5018,img5018.jpg,gym_to_caffe,charcoal,ya,neutral
5019,img5019.jpg,gym_to_caffe,charcoal,ya,neutral
5020,img5020.jpg,gym_to_caffe,charcoal,tidak,neutral
5021,img5021.jpg,gym_to_caffe,charcoal,tidak,neutral
5022,img5022.jpg,gym_to_caffe,charcoal,tidak,neutral
5023,img5023.jpg,gym_to_caffe,charcoal,tidak,neutral
5024,img5024.jpg,gym_to_caffe,charcoal,tidak,neutral
5025,img5025.jpg,gym_to_caffe,charcoal,ya,neutral
5026,img5026.jpg,gym_to_caffe,charcoal,tidak,neutral
5027,img5027.jpg,gym_to_caffe,charcoal,tidak,neutral
5028,img5028.jpg,gym_to_caffe,charcoal,tidak,neutral
5029,img5029.jpg,gym_to_caffe,charcoal,tidak,neutral
5030,img5030.jpg,gym_to_caffe,charcoal,ya,neutral
5031,img5031.jpg,gym_to_caffe,charcoal,tidak,neutral
5032,img5032.jpg,gym_to_caffe,charcoal,tidak,neutral
5033,img5033.jpg,gym_to_caffe,charcoal,tidak,neutral
5034,img5034.jpg,gym_to_caffe,charcoal,tidak,neutral
5035,img5035.jpg,gym_to_caffe,charcoal,tidak,neutral
5036,img5036.jpg,gym_to_caffe,charcoal,tidak,neutral
5037,img5037.jpg,gym_to_caffe,charcoal,tidak,neutral
5038,img5038.jpg,gym_to_caffe,charcoal,tidak,neutral
5039,img5039.jpg,gym_to_caffe,charcoal,tidak,neutral
5040,img5040.jpg,gym_to_caffe,charcoal,tidak,neutral
5041,img5041.jpg,gym_to_caffe,charcoal,tidak,neutral
5042,img5042.jpg,gym_to_caffe,charcoal,tidak,neutral
5043,img5043.jpg,gym_to_caffe,charcoal,tidak,neutral
5044,img5044.jpg,gym_to_caffe,charcoal,tidak,neutral
5045,img5045.jpg,gym_to_caffe,charcoal,tidak,neutral
5046,img5046.jpg,gym_to_caffe,charcoal,tidak,neutral
5047,img5047.jpg,gym_to_caffe,charcoal,ya,neutral
5048,img5048.jpg,gym_to_caffe,charcoal,tidak,neutral
5049,img5049.jpg,gym_to_caffe,charcoal,ya,neutral
5050,img5050.jpg,gym_to_caffe,charcoal,ya,neutral
5051,img5051.jpg,gym_to_caffe,charcoal,ya,neutral
5052,img5052.jpg,gym_to_caffe,charcoal,ya,neutral
5053,img5053.jpg,gym_to_caffe,charcoal,tidak,neutral
5054,img5054.jpg,gym_to_caffe,charcoal,tidak,neutral
5068,img5068.jpg,gym_to_caffe,charcoal,tidak,neutral
5069,img5069.jpg,hiking,charcoal,ya,neutral
5070,img5070.jpg,hiking,charcoal,ya,neutral
5072,img5072.jpg,hiking,charcoal,ya,neutral
5073,img5073.jpg,hiking,charcoal,tidak,neutral
5074,img5074.jpg,hiking,charcoal,tidak,neutral
5075,img5075.jpg,hiking,charcoal,tidak,neutral
5076,img5076.jpg,hiking,charcoal,tidak,neutral
5077,img5077.jpg,hiking,charcoal,tidak,neutral
5078,img5078.jpg,hiking,charcoal,tidak,neutral
5079,img5079.jpg,hiking,charcoal,tidak,neutral
5080,img5080.jpg,hiking,charcoal,tidak,neutral
5081,img5081.jpg,hiking,charcoal,ya,neutral
5082,img5082.jpg,hiking,charcoal,ya,neutral
5083,img5083.jpg,hiking,charcoal,ya,neutral
5084,img5084.jpg,hiking,charcoal,tidak,neutral
5085,img5085.jpg,hiking,charcoal,ya,neutral
5086,img5086.jpg,hiking,charcoal,ya,neutral
5087,img5087.jpg,hiking,charcoal,ya,neutral
5088,img5088.jpg,hiking,charcoal,tidak,neutral
5089,img5089.jpg,hiking,charcoal,tidak,neutral
5090,img5090.jpg,hiking,charcoal,ya,neutral
5091,img5091.jpg,hiking,charcoal,tidak,neutral
5092,img5092.jpg,hiking,charcoal,ya,neutral
5093,img5093.jpg,hiking,charcoal,ya,neutral
5094,img5094.jpg,hiking,charcoal,tidak,neutral
5095,img5095.jpg,hiking,charcoal,ya,neutral
5096,img5096.jpg,hiking,charcoal,ya,neutral
5097,img5097.jpg,hiking,charcoal,ya,neutral
5098,img5098.jpg,hiking,charcoal,tidak,neutral
5099,img5099.jpg,hiking,charcoal,tidak,neutral
5101,img5101.jpg,hiking,charcoal,tidak,neutral
5102,img5102.jpg,hiking,charcoal,tidak,neutral
5103,img5103.jpg,hiking,charcoal,ya,neutral
5104,img5104.jpg,hiking,charcoal,tidak,neutral
5105,img5105.jpg,hiking,charcoal,tidak,neutral
5106,img5106.jpg,hiking,charcoal,ya,neutral
5107,img5107.jpg,hiking,charcoal,ya,neutral
5108,img5108.jpg,hiking,charcoal,ya,neutral
5109,img5109.jpg,hiking,charcoal,tidak,neutral
5110,img5110.jpg,hiking,charcoal,tidak,neutral
5111,img5111.jpg,hiking,charcoal,tidak,neutral
5112,img5112.jpg,hiking,charcoal,ya,neutral
5113,img5113.jpg,hiking,charcoal,tidak,neutral
5114,img5114.jpg,hiking,charcoal,tidak,neutral
5115,img5115.jpg,hiking,charcoal,tidak,neutral
5116,img5116.jpg,hiking,charcoal,tidak,neutral
5117,img5117.jpg,smart_casual,charcoal,tidak,neutral
5118,img5118.jpg,smart_casual,charcoal,tidak,neutral
5119,img5119.jpg,smart_casual,charcoal,tidak,neutral
5120,img5120.jpg,smart_casual,charcoal,tidak,neutral
5121,img5121.jpg,smart_casual,charcoal,tidak,neutral
5122,img5122.jpg,smart_casual,charcoal,tidak,neutral
5123,img5123.jpg,smart_casual,charcoal,tidak,neutral
5124,img5124.jpg,smart_casual,charcoal,tidak,neutral
5125,img5125.jpg,smart_casual,charcoal,tidak,neutral
5126,img5126.jpg,smart_casual,charcoal,tidak,neutral
5127,img5127.jpg,smart_casual,charcoal,tidak,neutral
5129,img5129.jpg,smart_casual,charcoal,tidak,neutral
5130,img5130.jpg,smart_casual,charcoal,ya,neutral
5131,img5131.jpg,smart_casual,charcoal,ya,neutral
5132,img5132.jpg,smart_casual,charcoal,ya,neutral
5133,img5133.jpg,smart_casual,charcoal,ya,neutral
5134,img5134.jpg,smart_casual,charcoal,tidak,neutral
5135,img5135.jpg,smart_casual,charcoal,ya,neutral
5136,img5136.jpg,smart_casual,charcoal,tidak,neutral
5137,img5137.jpg,smart_casual,charcoal,ya,neutral
5138,img5138.jpg,smart_casual,charcoal,tidak,neutral
5139,img5139.jpg,smart_casual,charcoal,ya,neutral
5140,img5140.jpg,smart_casual,charcoal,tidak,neutral
5141,img5141.jpg,smart_casual,charcoal,tidak,neutral
5142,img5142.jpg,smart_casual,charcoal,tidak,neutral
5143,img5143.jpg,smart_casual,charcoal,ya,neutral
5144,img5144.jpg,smart_casual,charcoal,tidak,neutral
5145,img5145.jpg,smart_casual,charcoal,tidak,neutral
5146,img5146.jpg,smart_casual,charcoal,tidak,neutral
5147,img5147.jpg,smart_casual,charcoal,tidak,neutral
5148,img5148.jpg,smart_casual,charcoal,tidak,neutral
5149,img5149.jpg,smart_casual,charcoal,tidak,neutral
5150,img5150.jpg,smart_casual,charcoal,ya,neutral
5151,img5151.jpg,smart_casual,charcoal,tidak,neutral
5152,img5152.jpg,smart_casual,charcoal,tidak,neutral
5153,img5153.jpg,smart_casual,charcoal,tidak,neutral
5154,img5154.jpg,smart_casual,charcoal,tidak,neutral
5155,img5155.jpg,smart_casual,charcoal,tidak,neutral
5156,img5156.jpg,smart_casual,charcoal,ya,neutral
5157,img5157.jpg,smart_casual,charcoal,ya,neutral
5158,img5158.jpg,smart_casual,charcoal,tidak,neutral
5159,img5159.jpg,smart_casual,charcoal,ya,neutral
5160,img5160.jpg,smart_casual,charcoal,ya,neutral
5161,img5161.jpg,smart_casual,charcoal,tidak,neutral
5162,img5162.jpg,smart_casual,charcoal,ya,neutral
5163,img5163.jpg,smart_casual,charcoal,ya,neutral
5165,img5165.jpg,smart_casual,charcoal,tidak,neutral
5166,img5166.jpg,smart_casual,charcoal,tidak,neutral
5167,img5167.jpg,coffee_shop_hopping,dusty_pink,tidak,cool
5168,img5168.jpg,coffee_shop_hopping,dusty_pink,ya,cool
5169,img5169.jpg,coffee_shop_hopping,dusty_pink,tidak,cool
5170,img5170.jpg,coffee_shop_hopping,dusty_pink,ya,cool
5171,img5171.jpg,coffee_shop_hopping,dusty_pink,ya,cool
5172,img5172.jpg,coffee_shop_hopping,dusty_pink,ya,cool
5173,img5173.jpg,coffee_shop_hopping,dusty_pink,ya,cool
5174,img5174.jpg,coffee_shop_hopping,dusty_pink,ya,cool
5175,img5175.jpg,coffee_shop_hopping,dusty_pink,tidak,cool
5176,img5176.jpg,coffee_shop_hopping,dusty_pink,ya,cool
5177,img5177.jpg,coffee_shop_hopping,dusty_pink,tidak,cool
5178,img5178.jpg,coffee_shop_hopping,dusty_pink,tidak,cool
5179,img5179.jpg,coffee_shop_hopping,dusty_pink,tidak,cool
5180,img5180.jpg,coffee_shop_hopping,dusty_pink,tidak,cool
5181,img5181.jpg,coffee_shop_hopping,dusty_pink,tidak,cool
5182,img5182.jpg,coffee_shop_hopping,dusty_pink,ya,cool
5183,img5183.jpg,coffee_shop_hopping,dusty_pink,ya,cool
5184,img5184.jpg,coffee_shop_hopping,dusty_pink,tidak,cool
5185,img5185.jpg,coffee_shop_hopping,dusty_pink,ya,cool
5186,img5186.jpg,coffee_shop_hopping,dusty_pink,ya,cool
5187,img5187.jpg,coffee_shop_hopping,dusty_pink,ya,cool
5188,img5188.jpg,coffee_shop_hopping,dusty_pink,tidak,cool
5189,img5189.jpg,coffee_shop_hopping,dusty_pink,tidak,cool
5190,img5190.jpg,coffee_shop_hopping,dusty_pink,tidak,cool
5191,img5191.jpg,coffee_shop_hopping,dusty_pink,tidak,cool
5192,img5192.jpg,coffee_shop_hopping,dusty_pink,tidak,cool
5193,img5193.jpg,coffee_shop_hopping,dusty_pink,tidak,cool
5194,img5194.jpg,coffee_shop_hopping,dusty_pink,tidak,cool
5195,img5195.jpg,coffee_shop_hopping,dusty_pink,tidak,cool
5196,img5196.jpg,coffee_shop_hopping,dusty_pink,tidak,cool
5197,img5197.jpg,coffee_shop_hopping,dusty_pink,tidak,cool
5198,img5198.jpg,coffee_shop_hopping,dusty_pink,tidak,cool
5199,img5199.jpg,coffee_shop_hopping,dusty_pink,tidak,cool
5200,img5200.jpg,coffee_shop_hopping,dusty_pink,tidak,cool
5201,img5201.jpg,coffee_shop_hopping,dusty_pink,tidak,cool
5202,img5202.jpg,coffee_shop_hopping,dusty_pink,tidak,cool
5203,img5203.jpg,coffee_shop_hopping,dusty_pink,ya,cool
5204,img5204.jpg,coffee_shop_hopping,dusty_pink,tidak,cool
5205,img5205.jpg,coffee_shop_hopping,dusty_pink,tidak,cool
5206,img5206.jpg,coffee_shop_hopping,dusty_pink,tidak,cool
5207,img5207.jpg,coffee_shop_hopping,dusty_pink,ya,cool
5208,img5208.jpg,coffee_shop_hopping,dusty_pink,tidak,cool
5209,img5209.jpg,coffee_shop_hopping,dusty_pink,tidak,cool
5210,img5210.jpg,coffee_shop_hopping,dusty_pink,tidak,cool
5211,img5211.jpg,coffee_shop_hopping,dusty_pink,ya,cool
5212,img5212.jpg,coffee_shop_hopping,dusty_pink,tidak,cool
5213,img5213.jpg,coffee_shop_hopping,dusty_pink,tidak,cool
5215,img5215.jpg,coffee_shop_hopping,dusty_pink,tidak,cool
5216,img5216.jpg,coffee_shop_hopping,dusty_pink,tidak,cool
5217,img5217.jpg,coffee_shop_hopping,dusty_pink,tidak,cool
5218,img5218.jpg,coffee_shop_hopping,dusty_pink,tidak,cool
5219,img5219.jpg,coffee_shop_hopping,dusty_pink,ya,cool
5220,img5220.jpg,coffee_shop_hopping,dusty_pink,tidak,cool
5221,img5221.jpg,coffee_shop_hopping,dusty_pink,tidak,cool
5222,img5222.jpg,coffee_shop_hopping,dusty_pink,ya,cool
5223,img5223.jpg,coffee_shop_hopping,dusty_pink,tidak,cool
5224,img5224.jpg,coffee_shop_hopping,dusty_pink,tidak,cool
5225,img5225.jpg,coffee_shop_hopping,dusty_pink,ya,cool
5226,img5226.jpg,coffee_shop_hopping,dusty_pink,ya,cool
5227,img5227.jpg,coffee_shop_hopping,dusty_pink,tidak,cool
5228,img5228.jpg,coffee_shop_hopping,dusty_pink,ya,cool
5230,img5230.jpg,coffee_shop_hopping,dusty_pink,tidak,cool
5231,img5231.jpg,coffee_shop_hopping,dusty_pink,ya,cool
5232,img5232.jpg,coffee_shop_hopping,dusty_pink,ya,cool
5233,img5233.jpg,coffee_shop_hopping,dusty_pink,ya,cool
5234,img5234.jpg,coffee_shop_hopping,dusty_pink,ya,cool
5235,img5235.jpg,coffee_shop_hopping,dusty_pink,ya,cool
5236,img5236.jpg,coffee_shop_hopping,dusty_pink,tidak,cool
5237,img5237.jpg,coffee_shop_hopping,dusty_pink,tidak,cool
5238,img5238.jpg,coffee_shop_hopping,dusty_pink,tidak,cool
5239,img5239.jpg,coffee_shop_hopping,dusty_pink,tidak,cool
5240,img5240.jpg,coffee_shop_hopping,dusty_pink,ya,cool
5241,img5241.jpg,coffee_shop_hopping,dusty_pink,ya,cool
5242,img5242.jpg,coffee_shop_hopping,dusty_pink,tidak,cool
5243,img5243.jpg,coffee_shop_hopping,dusty_pink,tidak,cool
5244,img5244.jpg,coffee_shop_hopping,dusty_pink,tidak,cool
5245,img5245.jpg,coffee_shop_hopping,dusty_pink,tidak,cool
5246,img5246.jpg,dinner,dusty_pink,ya,cool
5247,img5247.jpg,dinner,dusty_pink,ya,cool
5248,img5248.jpg,dinner,dusty_pink,tidak,cool
5249,img5249.jpg,dinner,dusty_pink,tidak,cool
5250,img5250.jpg,dinner,dusty_pink,ya,cool
5251,img5251.jpg,dinner,dusty_pink,tidak,cool
5252,img5252.jpg,dinner,dusty_pink,tidak,cool
5253,img5253.jpg,dinner,dusty_pink,tidak,cool
5254,img5254.jpg,dinner,dusty_pink,tidak,cool
5255,img5255.jpg,dinner,dusty_pink,ya,cool
5256,img5256.jpg,dinner,dusty_pink,tidak,cool
5257,img5257.jpg,dinner,dusty_pink,ya,cool
5258,img5258.jpg,dinner,dusty_pink,ya,cool
5259,img5259.jpg,dinner,dusty_pink,tidak,cool
5260,img5260.jpg,dinner,dusty_pink,ya,cool
5261,img5261.jpg,dinner,dusty_pink,ya,cool
5262,img5262.jpg,dinner,dusty_pink,ya,cool
5263,img5263.jpg,dinner,dusty_pink,ya,cool
5264,img5264.jpg,dinner,dusty_pink,ya,cool
5265,img5265.jpg,dinner,dusty_pink,tidak,cool
5266,img5266.jpg,dinner,dusty_pink,tidak,cool
5267,img5267.jpg,dinner,dusty_pink,ya,cool
5268,img5268.jpg,dinner,dusty_pink,ya,cool
5269,img5269.jpg,dinner,dusty_pink,ya,cool
5270,img5270.jpg,dinner,dusty_pink,ya,cool
5271,img5271.jpg,dinner,dusty_pink,ya,cool
5272,img5272.jpg,dinner,dusty_pink,tidak,cool
5273,img5273.jpg,dinner,dusty_pink,tidak,cool
5274,img5274.jpg,dinner,dusty_pink,tidak,cool
5275,img5275.jpg,dinner,dusty_pink,tidak,cool
5276,img5276.jpg,dinner,dusty_pink,tidak,cool
5277,img5277.jpg,dinner,dusty_pink,ya,cool
5278,img5278.jpg,dinner,dusty_pink,tidak,cool
5279,img5279.jpg,dinner,dusty_pink,tidak,cool
5280,img5280.jpg,dinner,dusty_pink,ya,cool
5281,img5281.jpg,dinner,dusty_pink,ya,cool
5282,img5282.jpg,dinner,dusty_pink,ya,cool
5283,img5283.jpg,dinner,dusty_pink,ya,cool
5284,img5284.jpg,dinner,dusty_pink,tidak,cool
5285,img5285.jpg,dinner,dusty_pink,ya,cool
5286,img5286.jpg,dinner,dusty_pink,tidak,cool
5287,img5287.jpg,dinner,dusty_pink,tidak,cool
5288,img5288.jpg,dinner,dusty_pink,tidak,cool
5289,img5289.jpg,dinner,dusty_pink,tidak,cool
5290,img5290.jpg,dinner,dusty_pink,ya,cool
5291,img5291.jpg,dinner,dusty_pink,ya,cool
5292,img5292.jpg,dinner,dusty_pink,tidak,cool
5293,img5293.jpg,dinner,dusty_pink,tidak,cool
5294,img5294.jpg,dinner,dusty_pink,tidak,cool
5295,img5295.jpg,dinner,dusty_pink,tidak,cool
5296,img5296.jpg,gym_to_caffe,dusty_pink,tidak,cool
5298,img5298.jpg,gym_to_caffe,dusty_pink,tidak,cool
5299,img5299.jpg,gym_to_caffe,dusty_pink,tidak,cool
5301,img5301.jpg,gym_to_caffe,dusty_pink,tidak,cool
5302,img5302.jpg,gym_to_caffe,dusty_pink,tidak,cool
5304,img5304.jpg,gym_to_caffe,dusty_pink,tidak,cool
5305,img5305.jpg,gym_to_caffe,dusty_pink,tidak,cool
5306,img5306.jpg,gym_to_caffe,dusty_pink,tidak,cool
5307,img5307.jpg,gym_to_caffe,dusty_pink,tidak,cool
5308,img5308.jpg,gym_to_caffe,dusty_pink,tidak,cool
5309,img5309.jpg,gym_to_caffe,dusty_pink,tidak,cool
5310,img5310.jpg,gym_to_caffe,dusty_pink,ya,cool
5311,img5311.jpg,gym_to_caffe,dusty_pink,tidak,cool
5312,img5312.jpg,gym_to_caffe,dusty_pink,tidak,cool
5313,img5313.jpg,gym_to_caffe,dusty_pink,ya,cool
5314,img5314.jpg,gym_to_caffe,dusty_pink,tidak,cool
5315,img5315.jpg,gym_to_caffe,dusty_pink,tidak,cool
5316,img5316.jpg,gym_to_caffe,dusty_pink,ya,cool
5317,img5317.jpg,gym_to_caffe,dusty_pink,tidak,cool
5318,img5318.jpg,gym_to_caffe,dusty_pink,ya,cool
5319,img5319.jpg,gym_to_caffe,dusty_pink,ya,cool
5320,img5320.jpg,gym_to_caffe,dusty_pink,ya,cool
5321,img5321.jpg,gym_to_caffe,dusty_pink,ya,cool
5322,img5322.jpg,gym_to_caffe,dusty_pink,ya,cool
5323,img5323.jpg,gym_to_caffe,dusty_pink,ya,cool
5324,img5324.jpg,gym_to_caffe,dusty_pink,tidak,cool
5325,img5325.jpg,gym_to_caffe,dusty_pink,tidak,cool
5326,img5326.jpg,gym_to_caffe,dusty_pink,tidak,cool
5327,img5327.jpg,gym_to_caffe,dusty_pink,tidak,cool
5328,img5328.jpg,gym_to_caffe,dusty_pink,tidak,cool
5329,img5329.jpg,gym_to_caffe,dusty_pink,tidak,cool
5330,img5330.jpg,gym_to_caffe,dusty_pink,tidak,cool
5331,img5331.jpg,gym_to_caffe,dusty_pink,tidak,cool
5332,img5332.jpg,gym_to_caffe,dusty_pink,ya,cool
5333,img5333.jpg,gym_to_caffe,dusty_pink,ya,cool
5334,img5334.jpg,gym_to_caffe,dusty_pink,tidak,cool
5335,img5335.jpg,gym_to_caffe,dusty_pink,ya,cool
5336,img5336.jpg,gym_to_caffe,dusty_pink,ya,cool
5337,img5337.jpg,gym_to_caffe,dusty_pink,ya,cool
5338,img5338.jpg,gym_to_caffe,dusty_pink,ya,cool
5339,img5339.jpg,gym_to_caffe,dusty_pink,tidak,cool
5340,img5340.jpg,gym_to_caffe,dusty_pink,tidak,cool
5341,img5341.jpg,gym_to_caffe,dusty_pink,tidak,cool
5342,img5342.jpg,gym_to_caffe,dusty_pink,tidak,cool
5343,img5343.jpg,gym_to_caffe,dusty_pink,tidak,cool
5344,img5344.jpg,gym_to_caffe,dusty_pink,tidak,cool
5345,img5345.jpg,gym_to_caffe,dusty_pink,tidak,cool
5346,img5346.jpg,gym_to_caffe,dusty_pink,tidak,cool
5347,img5347.jpg,gym_to_caffe,dusty_pink,ya,cool
5348,img5348.jpg,gym_to_caffe,dusty_pink,tidak,cool
5349,img5349.jpg,gym_to_caffe,dusty_pink,tidak,cool
5350,img5350.jpg,gym_to_caffe,dusty_pink,ya,cool
5351,img5351.jpg,gym_to_caffe,dusty_pink,tidak,cool
5352,img5352.jpg,gym_to_caffe,dusty_pink,ya,cool
5353,img5353.jpg,gym_to_caffe,dusty_pink,tidak,cool
5354,img5354.jpg,gym_to_caffe,dusty_pink,tidak,cool
5355,img5355.jpg,gym_to_caffe,dusty_pink,ya,cool
5356,img5356.jpg,gym_to_caffe,dusty_pink,tidak,cool
5357,img5357.jpg,hiking,dusty_pink,tidak,cool
5358,img5358.jpg,hiking,dusty_pink,tidak,cool
5359,img5359.jpg,hiking,dusty_pink,tidak,cool
5360,img5360.jpg,hiking,dusty_pink,tidak,cool
5361,img5361.jpg,hiking,dusty_pink,ya,cool
5362,img5362.jpg,hiking,dusty_pink,ya,cool
5363,img5363.jpg,hiking,dusty_pink,ya,cool
5364,img5364.jpg,hiking,dusty_pink,ya,cool
5365,img5365.jpg,hiking,dusty_pink,tidak,cool
5366,img5366.jpg,hiking,dusty_pink,tidak,cool
5367,img5367.jpg,hiking,dusty_pink,ya,cool
5368,img5368.jpg,hiking,dusty_pink,ya,cool
5369,img5369.jpg,hiking,dusty_pink,ya,cool
5370,img5370.jpg,hiking,dusty_pink,ya,cool
5371,img5371.jpg,hiking,dusty_pink,tidak,cool
5372,img5372.jpg,hiking,dusty_pink,ya,cool
5373,img5373.jpg,hiking,dusty_pink,ya,cool
5375,img5375.jpg,hiking,dusty_pink,tidak,cool
5376,img5376.jpg,hiking,dusty_pink,ya,cool
5377,img5377.jpg,hiking,dusty_pink,ya,cool
5378,img5378.jpg,hiking,dusty_pink,tidak,cool
5379,img5379.jpg,hiking,dusty_pink,ya,cool
5380,img5380.jpg,hiking,dusty_pink,ya,cool
5381,img5381.jpg,hiking,dusty_pink,ya,cool
5382,img5382.jpg,hiking,dusty_pink,tidak,cool
5383,img5383.jpg,hiking,dusty_pink,tidak,cool
5384,img5384.jpg,hiking,dusty_pink,ya,cool
5385,img5385.jpg,hiking,dusty_pink,ya,cool
5386,img5386.jpg,hiking,dusty_pink,ya,cool
5387,img5387.jpg,hiking,dusty_pink,ya,cool
5388,img5388.jpg,hiking,dusty_pink,tidak,cool
5389,img5389.jpg,hiking,dusty_pink,tidak,cool
5390,img5390.jpg,hiking,dusty_pink,tidak,cool
5391,img5391.jpg,hiking,dusty_pink,ya,cool
5392,img5392.jpg,hiking,dusty_pink,tidak,cool
5393,img5393.jpg,hiking,dusty_pink,tidak,cool
5394,img5394.jpg,hiking,dusty_pink,tidak,cool
5395,img5395.jpg,hiking,dusty_pink,tidak,cool
5396,img5396.jpg,hiking,dusty_pink,tidak,cool
5397,img5397.jpg,hiking,dusty_pink,tidak,cool
5398,img5398.jpg,hiking,dusty_pink,tidak,cool
5399,img5399.jpg,hiking,dusty_pink,ya,cool
5400,img5400.jpg,hiking,dusty_pink,ya,cool
5401,img5401.jpg,hiking,dusty_pink,tidak,cool
5402,img5402.jpg,hiking,dusty_pink,ya,cool
5403,img5403.jpg,hiking,dusty_pink,ya,cool
5404,img5404.jpg,hiking,dusty_pink,ya,cool
5405,img5405.jpg,hiking,dusty_pink,ya,cool
5406,img5406.jpg,hiking,dusty_pink,tidak,cool
5407,img5407.jpg,hiking,dusty_pink,tidak,cool
5408,img5408.jpg,hiking,dusty_pink,tidak,cool
5409,img5409.jpg,hiking,dusty_pink,tidak,cool
5410,img5410.jpg,hiking,dusty_pink,tidak,cool
5411,img5411.jpg,smart_casual,dusty_pink,tidak,cool
5412,img5412.jpg,smart_casual,dusty_pink,ya,cool
5413,img5413.jpg,smart_casual,dusty_pink,ya,cool
5414,img5414.jpg,smart_casual,dusty_pink,ya,cool
5415,img5415.jpg,smart_casual,dusty_pink,tidak,cool
5416,img5416.jpg,smart_casual,dusty_pink,tidak,cool
5417,img5417.jpg,smart_casual,dusty_pink,tidak,cool
5418,img5418.jpg,smart_casual,dusty_pink,ya,cool
5419,img5419.jpg,smart_casual,dusty_pink,tidak,cool
5420,img5420.jpg,smart_casual,dusty_pink,tidak,cool
5421,img5421.jpg,smart_casual,dusty_pink,tidak,cool
5422,img5422.jpg,smart_casual,dusty_pink,tidak,cool
5423,img5423.jpg,smart_casual,dusty_pink,tidak,cool
5424,img5424.jpg,smart_casual,dusty_pink,tidak,cool
5425,img5425.jpg,smart_casual,dusty_pink,tidak,cool
5426,img5426.jpg,smart_casual,dusty_pink,tidak,cool
5427,img5427.jpg,smart_casual,dusty_pink,tidak,cool
5428,img5428.jpg,smart_casual,dusty_pink,tidak,cool
5429,img5429.jpg,smart_casual,dusty_pink,tidak,cool
5430,img5430.jpg,smart_casual,dusty_pink,ya,cool
5431,img5431.jpg,smart_casual,dusty_pink,ya,cool
5432,img5432.jpg,smart_casual,dusty_pink,tidak,cool
5433,img5433.jpg,smart_casual,dusty_pink,ya,cool
5434,img5434.jpg,smart_casual,dusty_pink,tidak,cool
5435,img5435.jpg,smart_casual,dusty_pink,ya,cool
5436,img5436.jpg,smart_casual,dusty_pink,tidak,cool
5437,img5437.jpg,smart_casual,dusty_pink,ya,cool
5438,img5438.jpg,smart_casual,dusty_pink,tidak,cool
5439,img5439.jpg,smart_casual,dusty_pink,tidak,cool
5461,img5461.jpg,smart_casual,dusty_pink,ya,cool
5462,img5462.jpg,coffee_shop_hopping,emerald,tidak,cool
5463,img5463.jpg,coffee_shop_hopping,emerald,tidak,cool
5464,img5464.jpg,coffee_shop_hopping,emerald,ya,cool
5465,img5465.jpg,coffee_shop_hopping,emerald,ya,cool
5466,img5466.jpg,coffee_shop_hopping,emerald,tidak,cool
5467,img5467.jpg,coffee_shop_hopping,emerald,tidak,cool
5468,img5468.jpg,coffee_shop_hopping,emerald,tidak,cool
5469,img5469.jpg,coffee_shop_hopping,emerald,ya,cool
5470,img5470.jpg,coffee_shop_hopping,emerald,ya,cool
5471,img5471.jpg,coffee_shop_hopping,emerald,tidak,cool
5472,img5472.jpg,coffee_shop_hopping,emerald,tidak,cool
5473,img5473.jpg,coffee_shop_hopping,emerald,tidak,cool
5474,img5474.jpg,coffee_shop_hopping,emerald,tidak,cool
5475,img5475.jpg,coffee_shop_hopping,emerald,tidak,cool
5476,img5476.jpg,coffee_shop_hopping,emerald,tidak,cool
5477,img5477.jpg,coffee_shop_hopping,emerald,tidak,cool
5478,img5478.jpg,coffee_shop_hopping,emerald,tidak,cool
5479,img5479.jpg,coffee_shop_hopping,emerald,tidak,cool
5480,img5480.jpg,coffee_shop_hopping,emerald,tidak,cool
5481,img5481.jpg,coffee_shop_hopping,emerald,ya,cool
5482,img5482.jpg,coffee_shop_hopping,emerald,tidak,cool
5483,img5483.jpg,coffee_shop_hopping,emerald,tidak,cool
5484,img5484.jpg,coffee_shop_hopping,emerald,ya,cool
5485,img5485.jpg,coffee_shop_hopping,emerald,ya,cool
5486,img5486.jpg,coffee_shop_hopping,emerald,tidak,cool
5487,img5487.jpg,coffee_shop_hopping,emerald,tidak,cool
5488,img5488.jpg,coffee_shop_hopping,emerald,tidak,cool
5489,img5489.jpg,coffee_shop_hopping,emerald,tidak,cool
5490,img5490.jpg,coffee_shop_hopping,emerald,tidak,cool
5491,img5491.jpg,coffee_shop_hopping,emerald,ya,cool
5492,img5492.jpg,coffee_shop_hopping,emerald,tidak,cool
5493,img5493.jpg,coffee_shop_hopping,emerald,ya,cool
5494,img5494.jpg,coffee_shop_hopping,emerald,tidak,cool
5495,img5495.jpg,coffee_shop_hopping,emerald,tidak,cool
5496,img5496.jpg,coffee_shop_hopping,emerald,tidak,cool
5497,img5497.jpg,coffee_shop_hopping,emerald,tidak,cool
5498,img5498.jpg,coffee_shop_hopping,emerald,tidak,cool
5499,img5499.jpg,coffee_shop_hopping,emerald,tidak,cool
5500,img5500.jpg,coffee_shop_hopping,emerald,ya,cool
5501,img5501.jpg,coffee_shop_hopping,emerald,tidak,cool
5502,img5502.jpg,coffee_shop_hopping,emerald,ya,cool
5503,img5503.jpg,coffee_shop_hopping,emerald,tidak,cool
5504,img5504.jpg,coffee_shop_hopping,emerald,tidak,cool
5505,img5505.jpg,coffee_shop_hopping,emerald,ya,cool
5506,img5506.jpg,coffee_shop_hopping,emerald,tidak,cool
5507,img5507.jpg,coffee_shop_hopping,emerald,ya,cool
5508,img5508.jpg,coffee_shop_hopping,emerald,tidak,cool
5509,img5509.jpg,coffee_shop_hopping,emerald,tidak,cool
5510,img5510.jpg,coffee_shop_hopping,emerald,tidak,cool
5511,img5511.jpg,coffee_shop_hopping,emerald,tidak,cool
5512,img5512.jpg,coffee_shop_hopping,emerald,tidak,cool
5513,img5513.jpg,coffee_shop_hopping,emerald,tidak,cool
5514,img5514.jpg,coffee_shop_hopping,emerald,tidak,cool
5515,img5515.jpg,coffee_shop_hopping,emerald,ya,cool
5516,img5516.jpg,coffee_shop_hopping,emerald,ya,cool
5517,img5517.jpg,coffee_shop_hopping,emerald,ya,cool
5518,img5518.jpg,coffee_shop_hopping,emerald,ya,cool
5519,img5519.jpg,coffee_shop_hopping,emerald,tidak,cool
5520,img5520.jpg,coffee_shop_hopping,emerald,ya,cool
5521,img5521.jpg,coffee_shop_hopping,emerald,tidak,cool
5522,img5522.jpg,coffee_shop_hopping,emerald,ya,cool
5523,img5523.jpg,coffee_shop_hopping,emerald,ya,cool
5524,img5524.jpg,coffee_shop_hopping,emerald,ya,cool
5525,img5525.jpg,coffee_shop_hopping,emerald,tidak,cool
5526,img5526.jpg,coffee_shop_hopping,emerald,ya,cool
5527,img5527.jpg,coffee_shop_hopping,emerald,ya,cool
5528,img5528.jpg,coffee_shop_hopping,emerald,ya,cool
5529,img5529.jpg,coffee_shop_hopping,emerald,tidak,cool
5530,img5530.jpg,coffee_shop_hopping,emerald,ya,cool
5531,img5531.jpg,coffee_shop_hopping,emerald,ya,cool
5532,img5532.jpg,coffee_shop_hopping,emerald,tidak,cool
5534,img5534.jpg,coffee_shop_hopping,emerald,ya,cool
5535,img5535.jpg,dinner,emerald,ya,cool
5536,img5536.jpg,dinner,emerald,ya,cool
5537,img5537.jpg,dinner,emerald,tidak,cool
5538,img5538.jpg,dinner,emerald,tidak,cool
5539,img5539.jpg,dinner,emerald,tidak,cool
5540,img5540.jpg,dinner,emerald,tidak,cool
5541,img5541.jpg,dinner,emerald,tidak,cool
5542,img5542.jpg,dinner,emerald,tidak,cool
5543,img5543.jpg,dinner,emerald,ya,cool
5544,img5544.jpg,dinner,emerald,ya,cool
5545,img5545.jpg,dinner,emerald,tidak,cool
5546,img5546.jpg,dinner,emerald,ya,cool
5547,img5547.jpg,dinner,emerald,ya,cool
5548,img5548.jpg,dinner,emerald,ya,cool
5549,img5549.jpg,dinner,emerald,tidak,cool
5550,img5550.jpg,dinner,emerald,tidak,cool
5551,img5551.jpg,dinner,emerald,ya,cool
5552,img5552.jpg,dinner,emerald,tidak,cool
5553,img5553.jpg,dinner,emerald,ya,cool
5554,img5554.jpg,dinner,emerald,tidak,cool
5555,img5555.jpg,dinner,emerald,ya,cool
5556,img5556.jpg,dinner,emerald,tidak,cool
5557,img5557.jpg,dinner,emerald,tidak,cool
5558,img5558.jpg,dinner,emerald,tidak,cool
5559,img5559.jpg,dinner,emerald,tidak,cool
5560,img5560.jpg,dinner,emerald,tidak,cool
5561,img5561.jpg,dinner,emerald,tidak,cool
5562,img5562.jpg,dinner,emerald,ya,cool
5563,img5563.jpg,dinner,emerald,ya,cool
5564,img5564.jpg,dinner,emerald,ya,cool
5565,img5565.jpg,dinner,emerald,ya,cool
5566,img5566.jpg,dinner,emerald,tidak,cool
5567,img5567.jpg,dinner,emerald,tidak,cool
5568,img5568.jpg,dinner,emerald,tidak,cool
5569,img5569.jpg,dinner,emerald,tidak,cool
5570,img5570.jpg,dinner,emerald,tidak,cool
5571,img5571.jpg,dinner,emerald,tidak,cool
5572,img5572.jpg,dinner,emerald,tidak,cool
5573,img5573.jpg,dinner,emerald,tidak,cool
5574,img5574.jpg,dinner,emerald,tidak,cool
5575,img5575.jpg,dinner,emerald,tidak,cool
5576,img5576.jpg,dinner,emerald,ya,cool
5577,img5577.jpg,dinner,emerald,ya,cool
5578,img5578.jpg,dinner,emerald,tidak,cool
5579,img5579.jpg,dinner,emerald,tidak,cool
5580,img5580.jpg,dinner,emerald,ya,cool
5581,img5581.jpg,dinner,emerald,ya,cool
5582,img5582.jpg,dinner,emerald,ya,cool
5583,img5583.jpg,dinner,emerald,tidak,cool
5584,img5584.jpg,dinner,emerald,tidak,cool
5585,img5585.jpg,dinner,emerald,tidak,cool
5586,img5586.jpg,gym_to_caffe,emerald,tidak,cool
5587,img5587.jpg,gym_to_caffe,emerald,tidak,cool
5588,img5588.jpg,gym_to_caffe,emerald,tidak,cool
5589,img5589.jpg,gym_to_caffe,emerald,tidak,cool
5590,img5590.jpg,gym_to_caffe,emerald,tidak,cool
5591,img5591.jpg,gym_to_caffe,emerald,tidak,cool
5592,img5592.jpg,gym_to_caffe,emerald,tidak,cool
5593,img5593.jpg,gym_to_caffe,emerald,tidak,cool
5594,img5594.jpg,gym_to_caffe,emerald,tidak,cool
5595,img5595.jpg,gym_to_caffe,emerald,tidak,cool
5596,img5596.jpg,gym_to_caffe,emerald,tidak,cool
5597,img5597.jpg,gym_to_caffe,emerald,tidak,cool
5598,img5598.jpg,gym_to_caffe,emerald,tidak,cool
5599,img5599.jpg,gym_to_caffe,emerald,tidak,cool
5600,img5600.jpg,gym_to_caffe,emerald,ya,cool
5601,img5601.jpg,gym_to_caffe,emerald,tidak,cool
5602,img5602.jpg,gym_to_caffe,emerald,tidak,cool
5603,img5603.jpg,gym_to_caffe,emerald,ya,cool
5604,img5604.jpg,gym_to_caffe,emerald,tidak,cool
5605,img5605.jpg,gym_to_caffe,emerald,tidak,cool
5606,img5606.jpg,gym_to_caffe,emerald,tidak,cool
5607,img5607.jpg,gym_to_caffe,emerald,tidak,cool
5608,img5608.jpg,gym_to_caffe,emerald,tidak,cool
5609,img5609.jpg,gym_to_caffe,emerald,tidak,cool
5610,img5610.jpg,gym_to_caffe,emerald,ya,cool
5611,img5611.jpg,gym_to_caffe,emerald,ya,cool
5612,img5612.jpg,gym_to_caffe,emerald,tidak,cool
5613,img5613.jpg,gym_to_caffe,emerald,tidak,cool
5614,img5614.jpg,gym_to_caffe,emerald,tidak,cool
5615,img5615.jpg,gym_to_caffe,emerald,tidak,cool
5616,img5616.jpg,gym_to_caffe,emerald,tidak,cool
5617,img5617.jpg,gym_to_caffe,emerald,tidak,cool
5618,img5618.jpg,gym_to_caffe,emerald,tidak,cool
5619,img5619.jpg,gym_to_caffe,emerald,tidak,cool
5620,img5620.jpg,gym_to_caffe,emerald,tidak,cool
5621,img5621.jpg,gym_to_caffe,emerald,tidak,cool
5622,img5622.jpg,gym_to_caffe,emerald,tidak,cool
5623,img5623.jpg,gym_to_caffe,emerald,tidak,cool
5624,img5624.jpg,gym_to_caffe,emerald,ya,cool
5625,img5625.jpg,gym_to_caffe,emerald,tidak,cool
5626,img5626.jpg,gym_to_caffe,emerald,ya,cool
5627,img5627.jpg,gym_to_caffe,emerald,tidak,cool
5628,img5628.jpg,gym_to_caffe,emerald,tidak,cool
5629,img5629.jpg,gym_to_caffe,emerald,tidak,cool
5630,img5630.jpg,gym_to_caffe,emerald,tidak,cool
5631,img5631.jpg,gym_to_caffe,emerald,ya,cool
5632,img5632.jpg,gym_to_caffe,emerald,tidak,cool
5633,img5633.jpg,gym_to_caffe,emerald,tidak,cool
5634,img5634.jpg,gym_to_caffe,emerald,ya,cool
5635,img5635.jpg,gym_to_caffe,emerald,tidak,cool
5636,img5636.jpg,gym_to_caffe,emerald,tidak,cool
5637,img5637.jpg,gym_to_caffe,emerald,tidak,cool
5638,img5638.jpg,gym_to_caffe,emerald,tidak,cool
5639,img5639.jpg,gym_to_caffe,emerald,tidak,cool
5640,img5640.jpg,gym_to_caffe,emerald,tidak,cool
5641,img5641.jpg,gym_to_caffe,emerald,tidak,cool
5642,img5642.jpg,gym_to_caffe,emerald,tidak,cool
5643,img5643.jpg,gym_to_caffe,emerald,tidak,cool
5644,img5644.jpg,gym_to_caffe,emerald,tidak,cool
5645,img5645.jpg,gym_to_caffe,emerald,tidak,cool
5646,img5646.jpg,gym_to_caffe,emerald,tidak,cool
5647,img5647.jpg,hiking,emerald,tidak,cool
5648,img5648.jpg,hiking,emerald,tidak,cool
5649,img5649.jpg,hiking,emerald,tidak,cool
5650,img5650.jpg,hiking,emerald,tidak,cool
5651,img5651.jpg,hiking,emerald,tidak,cool
5652,img5652.jpg,hiking,emerald,tidak,cool
5653,img5653.jpg,hiking,emerald,tidak,cool
5654,img5654.jpg,hiking,emerald,tidak,cool
5655,img5655.jpg,hiking,emerald,tidak,cool
5656,img5656.jpg,hiking,emerald,ya,cool
5657,img5657.jpg,hiking,emerald,tidak,cool
5658,img5658.jpg,hiking,emerald,tidak,cool
5659,img5659.jpg,hiking,emerald,tidak,cool
5660,img5660.jpg,hiking,emerald,tidak,cool
5661,img5661.jpg,hiking,emerald,tidak,cool
5662,img5662.jpg,hiking,emerald,tidak,cool
5663,img5663.jpg,hiking,emerald,tidak,cool
5664,img5664.jpg,hiking,emerald,tidak,cool
5665,img5665.jpg,hiking,emerald,tidak,cool
5666,img5666.jpg,hiking,emerald,tidak,cool
5667,img5667.jpg,hiking,emerald,tidak,cool
5668,img5668.jpg,hiking,emerald,tidak,cool
5669,img5669.jpg,hiking,emerald,tidak,cool
5670,img5670.jpg,hiking,emerald,tidak,cool
5671,img5671.jpg,hiking,emerald,ya,cool
5672,img5672.jpg,hiking,emerald,tidak,cool
5673,img5673.jpg,hiking,emerald,tidak,cool
5674,img5674.jpg,hiking,emerald,tidak,cool
5675,img5675.jpg,hiking,emerald,tidak,cool
5676,img5676.jpg,hiking,emerald,tidak,cool
5677,img5677.jpg,hiking,emerald,tidak,cool
5678,img5678.jpg,hiking,emerald,ya,cool
5679,img5679.jpg,hiking,emerald,ya,cool
5680,img5680.jpg,hiking,emerald,tidak,cool
5681,img5681.jpg,hiking,emerald,tidak,cool
5682,img5682.jpg,hiking,emerald,tidak,cool
5683,img5683.jpg,hiking,emerald,tidak,cool
5684,img5684.jpg,hiking,emerald,tidak,cool
5685,img5685.jpg,hiking,emerald,tidak,cool
5686,img5686.jpg,smart_casual,emerald,tidak,cool
5687,img5687.jpg,smart_casual,emerald,tidak,cool
5688,img5688.jpg,smart_casual,emerald,tidak,cool
5689,img5689.jpg,smart_casual,emerald,tidak,cool
5690,img5690.jpg,smart_casual,emerald,tidak,cool
5691,img5691.jpg,smart_casual,emerald,tidak,cool
5692,img5692.jpg,smart_casual,emerald,tidak,cool
5693,img5693.jpg,smart_casual,emerald,tidak,cool
5694,img5694.jpg,smart_casual,emerald,tidak,cool
5695,img5695.jpg,smart_casual,emerald,tidak,cool
5696,img5696.jpg,smart_casual,emerald,ya,cool
5697,img5697.jpg,smart_casual,emerald,ya,cool
5698,img5698.jpg,smart_casual,emerald,tidak,cool
5699,img5699.jpg,smart_casual,emerald,tidak,cool
5700,img5700.jpg,smart_casual,emerald,tidak,cool
5701,img5701.jpg,smart_casual,emerald,tidak,cool
5702,img5702.jpg,smart_casual,emerald,tidak,cool
5703,img5703.jpg,smart_casual,emerald,ya,cool
5704,img5704.jpg,smart_casual,emerald,tidak,cool
5705,img5705.jpg,smart_casual,emerald,ya,cool
5706,img5706.jpg,smart_casual,emerald,ya,cool
5707,img5707.jpg,smart_casual,emerald,ya,cool
5708,img5708.jpg,smart_casual,emerald,ya,cool
5709,img5709.jpg,smart_casual,emerald,tidak,cool
5710,img5710.jpg,smart_casual,emerald,tidak,cool
5711,img5711.jpg,smart_casual,emerald,tidak,cool
5712,img5712.jpg,smart_casual,emerald,ya,cool
5713,img5713.jpg,smart_casual,emerald,tidak,cool
5714,img5714.jpg,smart_casual,emerald,tidak,cool
5715,img5715.jpg,smart_casual,emerald,tidak,cool
5716,img5716.jpg,smart_casual,emerald,ya,cool
5717,img5717.jpg,smart_casual,emerald,ya,cool
5718,img5718.jpg,smart_casual,emerald,tidak,cool
5719,img5719.jpg,smart_casual,emerald,tidak,cool
5720,img5720.jpg,smart_casual,emerald,tidak,cool
5721,img5721.jpg,smart_casual,emerald,tidak,cool
5722,img5722.jpg,smart_casual,emerald,tidak,cool
5723,img5723.jpg,smart_casual,emerald,tidak,cool
5724,img5724.jpg,smart_casual,emerald,ya,cool
5725,img5725.jpg,smart_casual,emerald,tidak,cool
5726,img5726.jpg,smart_casual,emerald,tidak,cool
5727,img5727.jpg,smart_casual,emerald,tidak,cool
5728,img5728.jpg,smart_casual,emerald,tidak,cool
5729,img5729.jpg,smart_casual,emerald,tidak,cool
5730,img5730.jpg,smart_casual,emerald,ya,cool
5731,img5731.jpg,smart_casual,emerald,tidak,cool
5732,img5732.jpg,smart_casual,emerald,tidak,cool
5733,img5733.jpg,smart_casual,emerald,tidak,cool
5734,img5734.jpg,smart_casual,emerald,ya,cool
5735,img5735.jpg,smart_casual,emerald,ya,cool
5736,img5736.jpg,smart_casual,emerald,tidak,cool
5737,img5737.jpg,smart_casual,emerald,tidak,cool
5738,img5738.jpg,smart_casual,emerald,tidak,cool
5739,img5739.jpg,smart_casual,emerald,ya,cool
5740,img5740.jpg,smart_casual,emerald,tidak,cool
5741,img5741.jpg,smart_casual,emerald,tidak,cool
5743,img5743.jpg,smart_casual,emerald,tidak,cool
5744,img5744.jpg,coffee_shop_hopping,navy,tidak,cool
5745,img5745.jpg,coffee_shop_hopping,navy,tidak,cool
5746,img5746.jpg,coffee_shop_hopping,navy,ya,cool
5747,img5747.jpg,coffee_shop_hopping,navy,ya,cool
5748,img5748.jpg,coffee_shop_hopping,navy,tidak,cool
5749,img5749.jpg,coffee_shop_hopping,navy,tidak,cool
5750,img5750.jpg,coffee_shop_hopping,navy,tidak,cool
5751,img5751.jpg,coffee_shop_hopping,navy,tidak,cool
5754,img5754.jpg,coffee_shop_hopping,navy,ya,cool
5755,img5755.jpg,coffee_shop_hopping,navy,tidak,cool
5756,img5756.jpg,coffee_shop_hopping,navy,ya,cool
5757,img5757.jpg,coffee_shop_hopping,navy,tidak,cool
5758,img5758.jpg,coffee_shop_hopping,navy,ya,cool
5759,img5759.jpg,coffee_shop_hopping,navy,ya,cool
5760,img5760.jpg,coffee_shop_hopping,navy,tidak,cool
5761,img5761.jpg,coffee_shop_hopping,navy,ya,cool
5762,img5762.jpg,coffee_shop_hopping,navy,ya,cool
5763,img5763.jpg,coffee_shop_hopping,navy,ya,cool
5764,img5764.jpg,coffee_shop_hopping,navy,ya,cool
5765,img5765.jpg,coffee_shop_hopping,navy,ya,cool
5766,img5766.jpg,coffee_shop_hopping,navy,ya,cool
5767,img5767.jpg,coffee_shop_hopping,navy,ya,cool
5768,img5768.jpg,coffee_shop_hopping,navy,ya,cool
5769,img5769.jpg,coffee_shop_hopping,navy,ya,cool
5770,img5770.jpg,coffee_shop_hopping,navy,tidak,cool
5771,img5771.jpg,coffee_shop_hopping,navy,tidak,cool
5772,img5772.jpg,coffee_shop_hopping,navy,ya,cool
5773,img5773.jpg,coffee_shop_hopping,navy,ya,cool
5774,img5774.jpg,coffee_shop_hopping,navy,tidak,cool
5775,img5775.jpg,coffee_shop_hopping,navy,tidak,cool
5776,img5776.jpg,coffee_shop_hopping,navy,tidak,cool
5777,img5777.jpg,coffee_shop_hopping,navy,ya,cool
5778,img5778.jpg,coffee_shop_hopping,navy,tidak,cool
5779,img5779.jpg,coffee_shop_hopping,navy,ya,cool
5780,img5780.jpg,coffee_shop_hopping,navy,ya,cool
5781,img5781.jpg,coffee_shop_hopping,navy,tidak,cool
5782,img5782.jpg,coffee_shop_hopping,navy,tidak,cool
5783,img5783.jpg,coffee_shop_hopping,navy,tidak,cool
5784,img5784.jpg,coffee_shop_hopping,navy,ya,cool
5785,img5785.jpg,coffee_shop_hopping,navy,tidak,cool
5786,img5786.jpg,coffee_shop_hopping,navy,tidak,cool
5787,img5787.jpg,coffee_shop_hopping,navy,ya,cool
5788,img5788.jpg,coffee_shop_hopping,navy,ya,cool
5789,img5789.jpg,coffee_shop_hopping,navy,tidak,cool
5790,img5790.jpg,coffee_shop_hopping,navy,tidak,cool
5791,img5791.jpg,coffee_shop_hopping,navy,tidak,cool
5792,img5792.jpg,coffee_shop_hopping,navy,tidak,cool
5793,img5793.jpg,coffee_shop_hopping,navy,tidak,cool
5794,img5794.jpg,dinner,navy,ya,cool
5795,img5795.jpg,dinner,navy,ya,cool
5796,img5796.jpg,dinner,navy,tidak,cool
5797,img5797.jpg,dinner,navy,ya,cool
5798,img5798.jpg,dinner,navy,tidak,cool
5799,img5799.jpg,dinner,navy,tidak,cool
5800,img5800.jpg,dinner,navy,ya,cool
5801,img5801.jpg,dinner,navy,tidak,cool
5802,img5802.jpg,dinner,navy,tidak,cool
5803,img5803.jpg,dinner,navy,tidak,cool
5804,img5804.jpg,dinner,navy,tidak,cool
5805,img5805.jpg,dinner,navy,tidak,cool
5806,img5806.jpg,dinner,navy,tidak,cool
5807,img5807.jpg,dinner,navy,tidak,cool
5808,img5808.jpg,dinner,navy,ya,cool
5809,img5809.jpg,dinner,navy,tidak,cool
5810,img5810.jpg,dinner,navy,tidak,cool
5811,img5811.jpg,dinner,navy,tidak,cool
5812,img5812.jpg,dinner,navy,tidak,cool
5813,img5813.jpg,dinner,navy,ya,cool
5814,img5814.jpg,dinner,navy,tidak,cool
5815,img5815.jpg,dinner,navy,ya,cool
5816,img5816.jpg,dinner,navy,ya,cool
5817,img5817.jpg,dinner,navy,ya,cool
5818,img5818.jpg,dinner,navy,tidak,cool
5819,img5819.jpg,dinner,navy,ya,cool
5820,img5820.jpg,dinner,navy,ya,cool
5821,img5821.jpg,dinner,navy,ya,cool
5822,img5822.jpg,dinner,navy,ya,cool
5823,img5823.jpg,dinner,navy,ya,cool
5824,img5824.jpg,dinner,navy,tidak,cool
5825,img5825.jpg,dinner,navy,tidak,cool
5826,img5826.jpg,dinner,navy,ya,cool
5827,img5827.jpg,dinner,navy,tidak,cool
5829,img5829.jpg,dinner,navy,tidak,cool
5830,img5830.jpg,dinner,navy,ya,cool
5831,img5831.jpg,dinner,navy,tidak,cool
5832,img5832.jpg,dinner,navy,ya,cool
5833,img5833.jpg,dinner,navy,ya,cool
5834,img5834.jpg,dinner,navy,tidak,cool
5835,img5835.jpg,dinner,navy,ya,cool
5836,img5836.jpg,dinner,navy,tidak,cool
5837,img5837.jpg,dinner,navy,ya,cool
5838,img5838.jpg,dinner,navy,ya,cool
5839,img5839.jpg,dinner,navy,tidak,cool
5840,img5840.jpg,dinner,navy,ya,cool
5841,img5841.jpg,dinner,navy,tidak,cool
5842,img5842.jpg,dinner,navy,tidak,cool
5843,img5843.jpg,dinner,navy,ya,cool
5844,img5844.jpg,gym_to_caffe,navy,ya,cool
5845,img5845.jpg,gym_to_caffe,navy,tidak,cool
5846,img5846.jpg,gym_to_caffe,navy,ya,cool
5847,img5847.jpg,gym_to_caffe,navy,tidak,cool
5848,img5848.jpg,gym_to_caffe,navy,tidak,cool
5849,img5849.jpg,gym_to_caffe,navy,ya,cool
5850,img5850.jpg,gym_to_caffe,navy,tidak,cool
5851,img5851.jpg,gym_to_caffe,navy,tidak,cool
5852,img5852.jpg,gym_to_caffe,navy,tidak,cool
5853,img5853.jpg,gym_to_caffe,navy,tidak,cool
5854,img5854.jpg,gym_to_caffe,navy,tidak,cool
5855,img5855.jpg,gym_to_caffe,navy,tidak,cool
5856,img5856.jpg,gym_to_caffe,navy,tidak,cool
5857,img5857.jpg,gym_to_caffe,navy,tidak,cool
5858,img5858.jpg,gym_to_caffe,navy,tidak,cool
5859,img5859.jpg,gym_to_caffe,navy,tidak,cool
5860,img5860.jpg,gym_to_caffe,navy,tidak,cool
5861,img5861.jpg,gym_to_caffe,navy,tidak,cool
5862,img5862.jpg,gym_to_caffe,navy,tidak,cool
5863,img5863.jpg,gym_to_caffe,navy,tidak,cool
5864,img5864.jpg,gym_to_caffe,navy,tidak,cool
5865,img5865.jpg,gym_to_caffe,navy,tidak,cool
5866,img5866.jpg,gym_to_caffe,navy,ya,cool
5867,img5867.jpg,gym_to_caffe,navy,tidak,cool
5868,img5868.jpg,gym_to_caffe,navy,tidak,cool
5869,img5869.jpg,gym_to_caffe,navy,tidak,cool
5870,img5870.jpg,gym_to_caffe,navy,tidak,cool
5871,img5871.jpg,gym_to_caffe,navy,ya,cool
5872,img5872.jpg,gym_to_caffe,navy,tidak,cool
5873,img5873.jpg,gym_to_caffe,navy,ya,cool
5874,img5874.jpg,gym_to_caffe,navy,tidak,cool
5875,img5875.jpg,gym_to_caffe,navy,tidak,cool
5876,img5876.jpg,gym_to_caffe,navy,tidak,cool
5877,img5877.jpg,gym_to_caffe,navy,tidak,cool
5878,img5878.jpg,gym_to_caffe,navy,ya,cool
5879,img5879.jpg,gym_to_caffe,navy,tidak,cool
5880,img5880.jpg,gym_to_caffe,navy,tidak,cool
5881,img5881.jpg,gym_to_caffe,navy,ya,cool
5882,img5882.jpg,gym_to_caffe,navy,tidak,cool
5883,img5883.jpg,gym_to_caffe,navy,tidak,cool
5884,img5884.jpg,gym_to_caffe,navy,tidak,cool
5885,img5885.jpg,gym_to_caffe,navy,tidak,cool
5886,img5886.jpg,gym_to_caffe,navy,tidak,cool
5887,img5887.jpg,gym_to_caffe,navy,tidak,cool
5888,img5888.jpg,gym_to_caffe,navy,tidak,cool
5889,img5889.jpg,gym_to_caffe,navy,tidak,cool
5890,img5890.jpg,gym_to_caffe,navy,tidak,cool
5891,img5891.jpg,gym_to_caffe,navy,ya,cool
5892,img5892.jpg,gym_to_caffe,navy,tidak,cool
5893,img5893.jpg,gym_to_caffe,navy,tidak,cool
5894,img5894.jpg,gym_to_caffe,navy,tidak,cool
5895,img5895.jpg,gym_to_caffe,navy,tidak,cool
5896,img5896.jpg,gym_to_caffe,navy,tidak,cool
5897,img5897.jpg,gym_to_caffe,navy,tidak,cool
5898,img5898.jpg,gym_to_caffe,navy,tidak,cool
5899,img5899.jpg,gym_to_caffe,navy,tidak,cool
5900,img5900.jpg,gym_to_caffe,navy,tidak,cool
5901,img5901.jpg,gym_to_caffe,navy,ya,cool
5902,img5902.jpg,gym_to_caffe,navy,tidak,cool
5903,img5903.jpg,gym_to_caffe,navy,tidak,cool
5904,img5904.jpg,gym_to_caffe,navy,ya,cool
5905,img5905.jpg,gym_to_caffe,navy,tidak,cool
5906,img5906.jpg,gym_to_caffe,navy,tidak,cool
5907,img5907.jpg,gym_to_caffe,navy,tidak,cool
5908,img5908.jpg,gym_to_caffe,navy,tidak,cool
5909,img5909.jpg,gym_to_caffe,navy,ya,cool
5910,img5910.jpg,gym_to_caffe,navy,tidak,cool
5911,img5911.jpg,gym_to_caffe,navy,tidak,cool
5912,img5912.jpg,gym_to_caffe,navy,ya,cool
5913,img5913.jpg,gym_to_caffe,navy,ya,cool
5914,img5914.jpg,gym_to_caffe,navy,tidak,cool
5915,img5915.jpg,gym_to_caffe,navy,tidak,cool
5916,img5916.jpg,gym_to_caffe,navy,tidak,cool
5917,img5917.jpg,gym_to_caffe,navy,tidak,cool
5918,img5918.jpg,gym_to_caffe,navy,tidak,cool
5919,img5919.jpg,gym_to_caffe,navy,tidak,cool
5920,img5920.jpg,gym_to_caffe,navy,tidak,cool
5921,img5921.jpg,gym_to_caffe,navy,tidak,cool
5922,img5922.jpg,gym_to_caffe,navy,tidak,cool
5923,img5923.jpg,gym_to_caffe,navy,ya,cool
5924,img5924.jpg,gym_to_caffe,navy,tidak,cool
5925,img5925.jpg,gym_to_caffe,navy,tidak,cool
5926,img5926.jpg,gym_to_caffe,navy,tidak,cool
5927,img5927.jpg,gym_to_caffe,navy,ya,cool
5928,img5928.jpg,gym_to_caffe,navy,tidak,cool
5929,img5929.jpg,gym_to_caffe,navy,tidak,cool
5930,img5930.jpg,gym_to_caffe,navy,ya,cool
5931,img5931.jpg,gym_to_caffe,navy,tidak,cool
5932,img5932.jpg,gym_to_caffe,navy,tidak,cool
5933,img5933.jpg,gym_to_caffe,navy,tidak,cool
5934,img5934.jpg,hiking,navy,ya,cool
5935,img5935.jpg,hiking,navy,ya,cool
5936,img5936.jpg,hiking,navy,tidak,cool
5937,img5937.jpg,hiking,navy,ya,cool
5938,img5938.jpg,hiking,navy,tidak,cool
5939,img5939.jpg,hiking,navy,tidak,cool
5940,img5940.jpg,hiking,navy,tidak,cool
5941,img5941.jpg,hiking,navy,tidak,cool
5942,img5942.jpg,hiking,navy,tidak,cool
5943,img5943.jpg,hiking,navy,tidak,cool
5944,img5944.jpg,hiking,navy,tidak,cool
5945,img5945.jpg,hiking,navy,tidak,cool
5946,img5946.jpg,hiking,navy,ya,cool
5947,img5947.jpg,hiking,navy,tidak,cool
5949,img5949.jpg,hiking,navy,ya,cool
5950,img5950.jpg,hiking,navy,tidak,cool
5951,img5951.jpg,hiking,navy,tidak,cool
5952,img5952.jpg,hiking,navy,tidak,cool
5953,img5953.jpg,hiking,navy,tidak,cool
5954,img5954.jpg,hiking,navy,ya,cool
5955,img5955.jpg,hiking,navy,tidak,cool
5956,img5956.jpg,hiking,navy,ya,cool
5957,img5957.jpg,hiking,navy,ya,cool
5958,img5958.jpg,hiking,navy,ya,cool
5959,img5959.jpg,hiking,navy,tidak,cool
5960,img5960.jpg,hiking,navy,tidak,cool
5961,img5961.jpg,hiking,navy,tidak,cool
5962,img5962.jpg,hiking,navy,tidak,cool
5963,img5963.jpg,hiking,navy,ya,cool
5964,img5964.jpg,hiking,navy,tidak,cool
5966,img5966.jpg,hiking,navy,tidak,cool
5967,img5967.jpg,hiking,navy,tidak,cool
5968,img5968.jpg,hiking,navy,tidak,cool
5969,img5969.jpg,hiking,navy,tidak,cool
5970,img5970.jpg,hiking,navy,tidak,cool
5971,img5971.jpg,hiking,navy,tidak,cool
5972,img5972.jpg,hiking,navy,ya,cool
5973,img5973.jpg,hiking,navy,tidak,cool
5974,img5974.jpg,hiking,navy,tidak,cool
5975,img5975.jpg,hiking,navy,ya,cool
5976,img5976.jpg,hiking,navy,tidak,cool
5977,img5977.jpg,hiking,navy,tidak,cool
5978,img5978.jpg,hiking,navy,tidak,cool
5979,img5979.jpg,hiking,navy,tidak,cool
5980,img5980.jpg,hiking,navy,tidak,cool
5981,img5981.jpg,hiking,navy,tidak,cool
5982,img5982.jpg,hiking,navy,tidak,cool
5983,img5983.jpg,hiking,navy,tidak,cool
5984,img5984.jpg,hiking,navy,tidak,cool
5985,img5985.jpg,hiking,navy,ya,cool
5986,img5986.jpg,hiking,navy,tidak,cool
5987,img5987.jpg,hiking,navy,ya,cool
5988,img5988.jpg,hiking,navy,tidak,cool
5989,img5989.jpg,hiking,navy,tidak,cool
5990,img5990.jpg,hiking,navy,tidak,cool
5991,img5991.jpg,hiking,navy,ya,cool
5992,img5992.jpg,hiking,navy,tidak,cool
5993,img5993.jpg,hiking,navy,tidak,cool
5994,img5994.jpg,smart_casual,navy,ya,cool
5995,img5995.jpg,smart_casual,navy,ya,cool
5996,img5996.jpg,smart_casual,navy,tidak,cool
5997,img5997.jpg,smart_casual,navy,tidak,cool
5998,img5998.jpg,smart_casual,navy,tidak,cool
5999,img5999.jpg,smart_casual,navy,tidak,cool
6000,img6000.jpg,smart_casual,navy,tidak,cool
6001,img6001.jpg,smart_casual,navy,tidak,cool
6002,img6002.jpg,smart_casual,navy,tidak,cool
6003,img6003.jpg,smart_casual,navy,tidak,cool
6004,img6004.jpg,smart_casual,navy,ya,cool
6005,img6005.jpg,smart_casual,navy,ya,cool
6006,img6006.jpg,smart_casual,navy,tidak,cool
6007,img6007.jpg,smart_casual,navy,ya,cool
6008,img6008.jpg,smart_casual,navy,tidak,cool
6009,img6009.jpg,smart_casual,navy,tidak,cool
6010,img6010.jpg,smart_casual,navy,tidak,cool
6011,img6011.jpg,smart_casual,navy,tidak,cool
6012,img6012.jpg,smart_casual,navy,tidak,cool
6013,img6013.jpg,smart_casual,navy,ya,cool
6014,img6014.jpg,smart_casual,navy,tidak,cool
6015,img6015.jpg,smart_casual,navy,tidak,cool
6016,img6016.jpg,smart_casual,navy,ya,cool
6017,img6017.jpg,smart_casual,navy,ya,cool
6018,img6018.jpg,smart_casual,navy,ya,cool
6019,img6019.jpg,smart_casual,navy,tidak,cool
6020,img6020.jpg,smart_casual,navy,ya,cool
6021,img6021.jpg,smart_casual,navy,tidak,cool
6022,img6022.jpg,smart_casual,navy,ya,cool
6023,img6023.jpg,smart_casual,navy,tidak,cool
6024,img6024.jpg,smart_casual,navy,ya,cool
6025,img6025.jpg,smart_casual,navy,ya,cool
6026,img6026.jpg,smart_casual,navy,ya,cool
6027,img6027.jpg,smart_casual,navy,ya,cool
6028,img6028.jpg,smart_casual,navy,ya,cool
6029,img6029.jpg,smart_casual,navy,tidak,cool
6030,img6030.jpg,smart_casual,navy,ya,cool
6031,img6031.jpg,smart_casual,navy,tidak,cool
6032,img6032.jpg,smart_casual,navy,tidak,cool
6033,img6033.jpg,smart_casual,navy,ya,cool
6034,img6034.jpg,smart_casual,navy,ya,cool
6035,img6035.jpg,smart_casual,navy,tidak,cool
6036,img6036.jpg,smart_casual,navy,ya,cool
6037,img6037.jpg,smart_casual,navy,ya,cool
6038,img6038.jpg,smart_casual,navy,ya,cool
6039,img6039.jpg,smart_casual,navy,ya,cool
6040,img6040.jpg,smart_casual,navy,tidak,cool
6041,img6041.jpg,smart_casual,navy,ya,cool
6042,img6042.jpg,smart_casual,navy,ya,cool
6043,img6043.jpg,smart_casual,navy,ya,cool
6044,img6044.jpg,smart_casual,navy,ya,cool
6045,img6045.jpg,smart_casual,navy,ya,cool
6046,img6046.jpg,smart_casual,navy,tidak,cool
6047,img6047.jpg,smart_casual,navy,ya,cool
6048,img6048.jpg,smart_casual,navy,tidak,cool
6049,img6049.jpg,smart_casual,navy,tidak,cool
6050,img6050.jpg,smart_casual,navy,tidak,cool
6051,img6051.jpg,smart_casual,navy,tidak,cool
6052,img6052.jpg,smart_casual,navy,ya,cool
6053,img6053.jpg,smart_casual,navy,tidak,cool
6054,img6054.jpg,smart_casual,navy,tidak,cool
6055,img6055.jpg,smart_casual,navy,tidak,cool
6056,img6056.jpg,smart_casual,navy,tidak,cool
6057,img6057.jpg,smart_casual,navy,tidak,cool
6058,img6058.jpg,smart_casual,navy,tidak,cool
6059,img6059.jpg,smart_casual,navy,tidak,cool
6060,img6060.jpg,smart_casual,navy,tidak,cool
6061,img6061.jpg,smart_casual,navy,tidak,cool
6062,img6062.jpg,smart_casual,navy,tidak,cool
6063,img6063.jpg,smart_casual,navy,tidak,cool
6064,img6064.jpg,smart_casual,navy,ya,cool
6065,img6065.jpg,smart_casual,navy,ya,cool
6066,img6066.jpg,smart_casual,navy,ya,cool
6067,img6067.jpg,smart_casual,navy,ya,cool
6068,img6068.jpg,smart_casual,navy,ya,cool
6069,img6069.jpg,smart_casual,navy,ya,cool
6070,img6070.jpg,smart_casual,navy,ya,cool
6071,img6071.jpg,smart_casual,navy,ya,cool
6072,img6072.jpg,smart_casual,navy,ya,cool
6073,img6073.jpg,smart_casual,navy,ya,cool
6074,img6074.jpg,smart_casual,navy,ya,cool
6075,img6075.jpg,smart_casual,navy,ya,cool
6076,img6076.jpg,smart_casual,navy,ya,cool
6077,img6077.jpg,smart_casual,navy,ya,cool
6078,img6078.jpg,smart_casual,navy,ya,cool
6079,img6079.jpg,smart_casual,navy,tidak,cool
6080,img6080.jpg,smart_casual,navy,ya,cool
6081,img6081.jpg,smart_casual,navy,ya,cool
6082,img6082.jpg,smart_casual,navy,ya,cool
6083,img6083.jpg,smart_casual,navy,ya,cool
6084,img6084.jpg,smart_casual,navy,ya,cool
6085,img6085.jpg,smart_casual,navy,tidak,cool
6086,img6086.jpg,smart_casual,navy,tidak,cool
6087,img6087.jpg,smart_casual,navy,tidak,cool
6088,img6088.jpg,smart_casual,navy,tidak,cool
6089,img6089.jpg,smart_casual,navy,tidak,cool
6090,img6090.jpg,smart_casual,navy,tidak,cool
6091,img6091.jpg,coffee_shop_hopping,olive_green,tidak,neutral
6092,img6092.jpg,coffee_shop_hopping,olive_green,tidak,neutral
6093,img6093.jpg,coffee_shop_hopping,olive_green,ya,neutral
6094,img6094.jpg,coffee_shop_hopping,olive_green,ya,neutral
6095,img6095.jpg,coffee_shop_hopping,olive_green,tidak,neutral
6096,img6096.jpg,coffee_shop_hopping,olive_green,tidak,neutral
6097,img6097.jpg,coffee_shop_hopping,olive_green,ya,neutral
6098,img6098.jpg,coffee_shop_hopping,olive_green,ya,neutral
6099,img6099.jpg,coffee_shop_hopping,olive_green,ya,neutral
6100,img6100.jpg,coffee_shop_hopping,olive_green,ya,neutral
6101,img6101.jpg,coffee_shop_hopping,olive_green,tidak,neutral
6102,img6102.jpg,coffee_shop_hopping,olive_green,tidak,neutral
6103,img6103.jpg,coffee_shop_hopping,olive_green,tidak,neutral
6104,img6104.jpg,coffee_shop_hopping,olive_green,tidak,neutral
6105,img6105.jpg,coffee_shop_hopping,olive_green,tidak,neutral
6106,img6106.jpg,coffee_shop_hopping,olive_green,tidak,neutral
6107,img6107.jpg,coffee_shop_hopping,olive_green,tidak,neutral
6108,img6108.jpg,coffee_shop_hopping,olive_green,tidak,neutral
6109,img6109.jpg,coffee_shop_hopping,olive_green,tidak,neutral
6110,img6110.jpg,coffee_shop_hopping,olive_green,tidak,neutral
6111,img6111.jpg,coffee_shop_hopping,olive_green,ya,neutral
6112,img6112.jpg,coffee_shop_hopping,olive_green,ya,neutral
6113,img6113.jpg,coffee_shop_hopping,olive_green,tidak,neutral
6114,img6114.jpg,coffee_shop_hopping,olive_green,tidak,neutral
6115,img6115.jpg,coffee_shop_hopping,olive_green,tidak,neutral
6116,img6116.jpg,coffee_shop_hopping,olive_green,tidak,neutral
6117,img6117.jpg,coffee_shop_hopping,olive_green,tidak,neutral
6118,img6118.jpg,coffee_shop_hopping,olive_green,tidak,neutral
6120,img6120.jpg,coffee_shop_hopping,olive_green,tidak,neutral
6121,img6121.jpg,coffee_shop_hopping,olive_green,tidak,neutral
6122,img6122.jpg,coffee_shop_hopping,olive_green,tidak,neutral
6123,img6123.jpg,coffee_shop_hopping,olive_green,tidak,neutral
6124,img6124.jpg,coffee_shop_hopping,olive_green,ya,neutral
6125,img6125.jpg,coffee_shop_hopping,olive_green,tidak,neutral
6126,img6126.jpg,coffee_shop_hopping,olive_green,ya,neutral
6127,img6127.jpg,coffee_shop_hopping,olive_green,tidak,neutral
6128,img6128.jpg,coffee_shop_hopping,olive_green,tidak,neutral
6129,img6129.jpg,coffee_shop_hopping,olive_green,tidak,neutral
6130,img6130.jpg,coffee_shop_hopping,olive_green,tidak,neutral
6131,img6131.jpg,coffee_shop_hopping,olive_green,ya,neutral
6132,img6132.jpg,coffee_shop_hopping,olive_green,tidak,neutral
6133,img6133.jpg,coffee_shop_hopping,olive_green,tidak,neutral
6134,img6134.jpg,coffee_shop_hopping,olive_green,ya,neutral
6135,img6135.jpg,coffee_shop_hopping,olive_green,tidak,neutral
6136,img6136.jpg,coffee_shop_hopping,olive_green,tidak,neutral
6137,img6137.jpg,coffee_shop_hopping,olive_green,tidak,neutral
6138,img6138.jpg,coffee_shop_hopping,olive_green,tidak,neutral
6139,img6139.jpg,coffee_shop_hopping,olive_green,tidak,neutral
6140,img6140.jpg,coffee_shop_hopping,olive_green,tidak,neutral
6141,img6141.jpg,coffee_shop_hopping,olive_green,tidak,neutral
6142,img6142.jpg,coffee_shop_hopping,olive_green,tidak,neutral
6143,img6143.jpg,coffee_shop_hopping,olive_green,tidak,neutral
6144,img6144.jpg,dinner,olive_green,tidak,neutral
6145,img6145.jpg,dinner,olive_green,tidak,neutral
6146,img6146.jpg,dinner,olive_green,tidak,neutral
6147,img6147.jpg,dinner,olive_green,tidak,neutral
6148,img6148.jpg,dinner,olive_green,tidak,neutral
6149,img6149.jpg,dinner,olive_green,tidak,neutral
6150,img6150.jpg,dinner,olive_green,tidak,neutral
6151,img6151.jpg,dinner,olive_green,tidak,neutral
6152,img6152.jpg,dinner,olive_green,tidak,neutral
6153,img6153.jpg,dinner,olive_green,ya,neutral
6154,img6154.jpg,dinner,olive_green,ya,neutral
6155,img6155.jpg,dinner,olive_green,tidak,neutral
6156,img6156.jpg,dinner,olive_green,ya,neutral
6157,img6157.jpg,dinner,olive_green,ya,neutral
6158,img6158.jpg,dinner,olive_green,ya,neutral
6159,img6159.jpg,dinner,olive_green,tidak,neutral
6160,img6160.jpg,dinner,olive_green,tidak,neutral
6161,img6161.jpg,dinner,olive_green,tidak,neutral
6162,img6162.jpg,dinner,olive_green,tidak,neutral
6163,img6163.jpg,dinner,olive_green,tidak,neutral
6164,img6164.jpg,dinner,olive_green,ya,neutral
6165,img6165.jpg,dinner,olive_green,ya,neutral
6167,img6167.jpg,dinner,olive_green,tidak,neutral
6168,img6168.jpg,dinner,olive_green,tidak,neutral
6169,img6169.jpg,dinner,olive_green,tidak,neutral
6170,img6170.jpg,dinner,olive_green,tidak,neutral
6171,img6171.jpg,dinner,olive_green,tidak,neutral
6172,img6172.jpg,dinner,olive_green,tidak,neutral
6173,img6173.jpg,dinner,olive_green,tidak,neutral
6174,img6174.jpg,dinner,olive_green,tidak,neutral
6175,img6175.jpg,dinner,olive_green,ya,neutral
6176,img6176.jpg,dinner,olive_green,tidak,neutral
6177,img6177.jpg,dinner,olive_green,ya,neutral
6178,img6178.jpg,dinner,olive_green,ya,neutral
6179,img6179.jpg,dinner,olive_green,tidak,neutral
6180,img6180.jpg,dinner,olive_green,ya,neutral
6181,img6181.jpg,dinner,olive_green,tidak,neutral
6182,img6182.jpg,dinner,olive_green,tidak,neutral
6183,img6183.jpg,dinner,olive_green,ya,neutral
6184,img6184.jpg,dinner,olive_green,tidak,neutral
6185,img6185.jpg,dinner,olive_green,tidak,neutral
6186,img6186.jpg,dinner,olive_green,tidak,neutral
6187,img6187.jpg,dinner,olive_green,tidak,neutral
6188,img6188.jpg,dinner,olive_green,tidak,neutral
6189,img6189.jpg,dinner,olive_green,ya,neutral
6190,img6190.jpg,dinner,olive_green,tidak,neutral
6191,img6191.jpg,dinner,olive_green,tidak,neutral
6192,img6192.jpg,dinner,olive_green,tidak,neutral
6193,img6193.jpg,dinner,olive_green,tidak,neutral
6194,img6194.jpg,dinner,olive_green,ya,neutral
6195,img6195.jpg,dinner,olive_green,tidak,neutral
6196,img6196.jpg,dinner,olive_green,tidak,neutral
6197,img6197.jpg,dinner,olive_green,tidak,neutral
6198,img6198.jpg,dinner,olive_green,tidak,neutral
6199,img6199.jpg,gym_to_caffe,olive_green,ya,neutral
6200,img6200.jpg,gym_to_caffe,olive_green,tidak,neutral
6201,img6201.jpg,gym_to_caffe,olive_green,ya,neutral
6202,img6202.jpg,gym_to_caffe,olive_green,tidak,neutral
6203,img6203.jpg,gym_to_caffe,olive_green,tidak,neutral
6204,img6204.jpg,gym_to_caffe,olive_green,tidak,neutral
6205,img6205.jpg,gym_to_caffe,olive_green,tidak,neutral
6206,img6206.jpg,gym_to_caffe,olive_green,tidak,neutral
6207,img6207.jpg,gym_to_caffe,olive_green,tidak,neutral
6208,img6208.jpg,gym_to_caffe,olive_green,ya,neutral
6209,img6209.jpg,gym_to_caffe,olive_green,tidak,neutral
6210,img6210.jpg,gym_to_caffe,olive_green,tidak,neutral
6211,img6211.jpg,gym_to_caffe,olive_green,tidak,neutral
6212,img6212.jpg,gym_to_caffe,olive_green,tidak,neutral
6213,img6213.jpg,gym_to_caffe,olive_green,tidak,neutral
6214,img6214.jpg,gym_to_caffe,olive_green,tidak,neutral
6215,img6215.jpg,gym_to_caffe,olive_green,tidak,neutral
6216,img6216.jpg,gym_to_caffe,olive_green,tidak,neutral
6217,img6217.jpg,gym_to_caffe,olive_green,tidak,neutral
6218,img6218.jpg,gym_to_caffe,olive_green,tidak,neutral
6219,img6219.jpg,gym_to_caffe,olive_green,tidak,neutral
6220,img6220.jpg,gym_to_caffe,olive_green,ya,neutral
6221,img6221.jpg,gym_to_caffe,olive_green,ya,neutral
6222,img6222.jpg,gym_to_caffe,olive_green,tidak,neutral
6223,img6223.jpg,gym_to_caffe,olive_green,tidak,neutral
6224,img6224.jpg,gym_to_caffe,olive_green,tidak,neutral
6225,img6225.jpg,gym_to_caffe,olive_green,tidak,neutral
6226,img6226.jpg,gym_to_caffe,olive_green,ya,neutral
6227,img6227.jpg,gym_to_caffe,olive_green,tidak,neutral
6228,img6228.jpg,gym_to_caffe,olive_green,tidak,neutral
6229,img6229.jpg,gym_to_caffe,olive_green,tidak,neutral
6230,img6230.jpg,gym_to_caffe,olive_green,tidak,neutral
6231,img6231.jpg,gym_to_caffe,olive_green,tidak,neutral
6232,img6232.jpg,gym_to_caffe,olive_green,tidak,neutral
6233,img6233.jpg,gym_to_caffe,olive_green,tidak,neutral
6234,img6234.jpg,gym_to_caffe,olive_green,tidak,neutral
6235,img6235.jpg,gym_to_caffe,olive_green,ya,neutral
6236,img6236.jpg,gym_to_caffe,olive_green,ya,neutral
6237,img6237.jpg,gym_to_caffe,olive_green,tidak,neutral
6238,img6238.jpg,gym_to_caffe,olive_green,ya,neutral
6249,img6249.jpg,gym_to_caffe,olive_green,tidak,neutral
6250,img6250.jpg,gym_to_caffe,olive_green,ya,neutral
6251,img6251.jpg,gym_to_caffe,olive_green,tidak,neutral
6252,img6252.jpg,gym_to_caffe,olive_green,ya,neutral
6253,img6253.jpg,gym_to_caffe,olive_green,tidak,neutral
6254,img6254.jpg,gym_to_caffe,olive_green,tidak,neutral
6255,img6255.jpg,hiking,olive_green,ya,neutral
6256,img6256.jpg,hiking,olive_green,tidak,neutral
6257,img6257.jpg,hiking,olive_green,ya,neutral
6258,img6258.jpg,hiking,olive_green,tidak,neutral
6259,img6259.jpg,hiking,olive_green,tidak,neutral
6260,img6260.jpg,hiking,olive_green,tidak,neutral
6261,img6261.jpg,hiking,olive_green,tidak,neutral
6262,img6262.jpg,hiking,olive_green,ya,neutral
6263,img6263.jpg,hiking,olive_green,tidak,neutral
6264,img6264.jpg,hiking,olive_green,ya,neutral
6265,img6265.jpg,hiking,olive_green,tidak,neutral
6266,img6266.jpg,hiking,olive_green,tidak,neutral
6267,img6267.jpg,hiking,olive_green,tidak,neutral
6268,img6268.jpg,hiking,olive_green,tidak,neutral
6269,img6269.jpg,hiking,olive_green,tidak,neutral
6270,img6270.jpg,hiking,olive_green,tidak,neutral
6271,img6271.jpg,hiking,olive_green,tidak,neutral
6272,img6272.jpg,hiking,olive_green,tidak,neutral
6273,img6273.jpg,hiking,olive_green,tidak,neutral
6274,img6274.jpg,hiking,olive_green,tidak,neutral
6276,img6276.jpg,hiking,olive_green,tidak,neutral
6277,img6277.jpg,hiking,olive_green,tidak,neutral
6278,img6278.jpg,hiking,olive_green,tidak,neutral
6279,img6279.jpg,hiking,olive_green,tidak,neutral
6280,img6280.jpg,hiking,olive_green,ya,neutral
6281,img6281.jpg,hiking,olive_green,tidak,neutral
6282,img6282.jpg,hiking,olive_green,tidak,neutral
6283,img6283.jpg,hiking,olive_green,ya,neutral
6284,img6284.jpg,hiking,olive_green,tidak,neutral
6285,img6285.jpg,hiking,olive_green,tidak,neutral
6286,img6286.jpg,hiking,olive_green,tidak,neutral
6287,img6287.jpg,hiking,olive_green,tidak,neutral
6288,img6288.jpg,hiking,olive_green,tidak,neutral
6289,img6289.jpg,hiking,olive_green,tidak,neutral
6290,img6290.jpg,hiking,olive_green,tidak,neutral
6291,img6291.jpg,hiking,olive_green,ya,neutral
6292,img6292.jpg,hiking,olive_green,ya,neutral
6294,img6294.jpg,hiking,olive_green,tidak,neutral
6295,img6295.jpg,hiking,olive_green,tidak,neutral
6296,img6296.jpg,hiking,olive_green,tidak,neutral
6297,img6297.jpg,hiking,olive_green,tidak,neutral
6298,img6298.jpg,hiking,olive_green,ya,neutral
6299,img6299.jpg,hiking,olive_green,tidak,neutral
6300,img6300.jpg,hiking,olive_green,tidak,neutral
6301,img6301.jpg,hiking,olive_green,tidak,neutral
6302,img6302.jpg,hiking,olive_green,tidak,neutral
6303,img6303.jpg,hiking,olive_green,tidak,neutral
6304,img6304.jpg,hiking,olive_green,ya,neutral
6305,img6305.jpg,smart_casual,olive_green,ya,neutral
6306,img6306.jpg,smart_casual,olive_green,ya,neutral
6308,img6308.jpg,smart_casual,olive_green,ya,neutral
6309,img6309.jpg,smart_casual,olive_green,tidak,neutral
6310,img6310.jpg,smart_casual,olive_green,tidak,neutral
6311,img6311.jpg,smart_casual,olive_green,tidak,neutral
6312,img6312.jpg,smart_casual,olive_green,tidak,neutral
6313,img6313.jpg,smart_casual,olive_green,tidak,neutral
6314,img6314.jpg,smart_casual,olive_green,tidak,neutral
6315,img6315.jpg,smart_casual,olive_green,tidak,neutral
6316,img6316.jpg,smart_casual,olive_green,tidak,neutral
6317,img6317.jpg,smart_casual,olive_green,tidak,neutral
6318,img6318.jpg,smart_casual,olive_green,tidak,neutral
6319,img6319.jpg,smart_casual,olive_green,tidak,neutral
6320,img6320.jpg,smart_casual,olive_green,tidak,neutral
6321,img6321.jpg,smart_casual,olive_green,tidak,neutral
6322,img6322.jpg,smart_casual,olive_green,tidak,neutral
6323,img6323.jpg,smart_casual,olive_green,tidak,neutral
6324,img6324.jpg,smart_casual,olive_green,tidak,neutral
6325,img6325.jpg,smart_casual,olive_green,tidak,neutral
6326,img6326.jpg,smart_casual,olive_green,tidak,neutral
6327,img6327.jpg,smart_casual,olive_green,tidak,neutral
6328,img6328.jpg,smart_casual,olive_green,tidak,neutral
6329,img6329.jpg,smart_casual,olive_green,ya,neutral
6330,img6330.jpg,smart_casual,olive_green,tidak,neutral
6331,img6331.jpg,smart_casual,olive_green,tidak,neutral
6332,img6332.jpg,smart_casual,olive_green,ya,neutral
6333,img6333.jpg,smart_casual,olive_green,ya,neutral
6334,img6334.jpg,smart_casual,olive_green,ya,neutral
6335,img6335.jpg,smart_casual,olive_green,ya,neutral
6336,img6336.jpg,smart_casual,olive_green,ya,neutral
6337,img6337.jpg,smart_casual,olive_green,ya,neutral
6338,img6338.jpg,smart_casual,olive_green,ya,neutral
6339,img6339.jpg,smart_casual,olive_green,ya,neutral
6340,img6340.jpg,smart_casual,olive_green,ya,neutral
6341,img6341.jpg,smart_casual,olive_green,ya,neutral
6342,img6342.jpg,smart_casual,olive_green,tidak,neutral
6343,img6343.jpg,smart_casual,olive_green,tidak,neutral
6344,img6344.jpg,smart_casual,olive_green,tidak,neutral
6345,img6345.jpg,smart_casual,olive_green,ya,neutral
6346,img6346.jpg,smart_casual,olive_green,ya,neutral
6347,img6347.jpg,smart_casual,olive_green,ya,neutral
6348,img6348.jpg,smart_casual,olive_green,ya,neutral
6349,img6349.jpg,smart_casual,olive_green,tidak,neutral
6350,img6350.jpg,smart_casual,olive_green,tidak,neutral
6351,img6351.jpg,smart_casual,olive_green,tidak,neutral
6352,img6352.jpg,smart_casual,olive_green,ya,neutral
6353,img6353.jpg,coffee_shop_hopping,white,ya,neutral
6354,img6354.jpg,coffee_shop_hopping,white,ya,neutral
6355,img6355.jpg,coffee_shop_hopping,white,tidak,neutral
6356,img6356.jpg,coffee_shop_hopping,white,tidak,neutral
6357,img6357.jpg,coffee_shop_hopping,white,ya,neutral
6358,img6358.jpg,coffee_shop_hopping,white,ya,neutral
6359,img6359.jpg,coffee_shop_hopping,white,ya,neutral
6360,img6360.jpg,coffee_shop_hopping,white,tidak,neutral
6361,img6361.jpg,coffee_shop_hopping,white,ya,neutral
6362,img6362.jpg,coffee_shop_hopping,white,tidak,neutral
6363,img6363.jpg,coffee_shop_hopping,white,tidak,neutral
6364,img6364.jpg,coffee_shop_hopping,white,ya,neutral
6365,img6365.jpg,coffee_shop_hopping,white,tidak,neutral
6366,img6366.jpg,coffee_shop_hopping,white,ya,neutral
6367,img6367.jpg,coffee_shop_hopping,white,ya,neutral
6368,img6368.jpg,coffee_shop_hopping,white,ya,neutral
6369,img6369.jpg,coffee_shop_hopping,white,tidak,neutral
6370,img6370.jpg,coffee_shop_hopping,white,ya,neutral
6371,img6371.jpg,coffee_shop_hopping,white,ya,neutral
6372,img6372.jpg,coffee_shop_hopping,white,ya,neutral
6373,img6373.jpg,coffee_shop_hopping,white,ya,neutral
6374,img6374.jpg,coffee_shop_hopping,white,ya,neutral
6375,img6375.jpg,coffee_shop_hopping,white,ya,neutral
6376,img6376.jpg,coffee_shop_hopping,white,tidak,neutral
6377,img6377.jpg,coffee_shop_hopping,white,ya,neutral
6378,img6378.jpg,coffee_shop_hopping,white,ya,neutral
6379,img6379.jpg,coffee_shop_hopping,white,tidak,neutral
6380,img6380.jpg,coffee_shop_hopping,white,ya,neutral
6381,img6381.jpg,coffee_shop_hopping,white,tidak,neutral
6382,img6382.jpg,coffee_shop_hopping,white,ya,neutral
6383,img6383.jpg,coffee_shop_hopping,white,ya,neutral
6384,img6384.jpg,coffee_shop_hopping,white,ya,neutral
6385,img6385.jpg,coffee_shop_hopping,white,tidak,neutral
6386,img6386.jpg,coffee_shop_hopping,white,tidak,neutral
6387,img6387.jpg,coffee_shop_hopping,white,tidak,neutral
6388,img6388.jpg,coffee_shop_hopping,white,tidak,neutral
6389,img6389.jpg,coffee_shop_hopping,white,tidak,neutral
6390,img6390.jpg,coffee_shop_hopping,white,ya,neutral
6391,img6391.jpg,coffee_shop_hopping,white,tidak,neutral
6392,img6392.jpg,coffee_shop_hopping,white,tidak,neutral
6393,img6393.jpg,coffee_shop_hopping,white,tidak,neutral
6394,img6394.jpg,coffee_shop_hopping,white,ya,neutral
6395,img6395.jpg,coffee_shop_hopping,white,ya,neutral
6396,img6396.jpg,coffee_shop_hopping,white,tidak,neutral
6397,img6397.jpg,coffee_shop_hopping,white,tidak,neutral
6398,img6398.jpg,coffee_shop_hopping,white,tidak,neutral
6399,img6399.jpg,coffee_shop_hopping,white,ya,neutral
6400,img6400.jpg,coffee_shop_hopping,white,ya,neutral
6401,img6401.jpg,coffee_shop_hopping,white,tidak,neutral
6402,img6402.jpg,coffee_shop_hopping,white,tidak,neutral
6403,img6403.jpg,dinner,white,ya,neutral
6404,img6404.jpg,dinner,white,ya,neutral
6405,img6405.jpg,dinner,white,tidak,neutral
6406,img6406.jpg,dinner,white,tidak,neutral
6407,img6407.jpg,dinner,white,tidak,neutral
6408,img6408.jpg,dinner,white,ya,neutral
6409,img6409.jpg,dinner,white,ya,neutral
6410,img6410.jpg,dinner,white,tidak,neutral
6411,img6411.jpg,dinner,white,tidak,neutral
6412,img6412.jpg,dinner,white,ya,neutral
6413,img6413.jpg,dinner,white,ya,neutral
6414,img6414.jpg,dinner,white,tidak,neutral
6415,img6415.jpg,dinner,white,ya,neutral
6416,img6416.jpg,dinner,white,ya,neutral
6417,img6417.jpg,dinner,white,tidak,neutral
6418,img6418.jpg,dinner,white,tidak,neutral
6419,img6419.jpg,dinner,white,tidak,neutral
6420,img6420.jpg,dinner,white,ya,neutral
6421,img6421.jpg,dinner,white,ya,neutral
6422,img6422.jpg,dinner,white,tidak,neutral
6423,img6423.jpg,dinner,white,ya,neutral
6424,img6424.jpg,dinner,white,ya,neutral
6425,img6425.jpg,dinner,white,ya,neutral
6426,img6426.jpg,dinner,white,ya,neutral
6427,img6427.jpg,dinner,white,ya,neutral
6428,img6428.jpg,dinner,white,tidak,neutral
6429,img6429.jpg,dinner,white,ya,neutral
6430,img6430.jpg,dinner,white,tidak,neutral
6431,img6431.jpg,dinner,white,ya,neutral
6432,img6432.jpg,dinner,white,tidak,neutral
6453,img6453.jpg,gym_to_caffe,white,tidak,neutral
6454,img6454.jpg,gym_to_caffe,white,tidak,neutral
6455,img6455.jpg,gym_to_caffe,white,tidak,neutral
6456,img6456.jpg,gym_to_caffe,white,tidak,neutral
6457,img6457.jpg,gym_to_caffe,white,tidak,neutral
6458,img6458.jpg,gym_to_caffe,white,tidak,neutral
6459,img6459.jpg,gym_to_caffe,white,tidak,neutral
6460,img6460.jpg,gym_to_caffe,white,tidak,neutral
6461,img6461.jpg,gym_to_caffe,white,ya,neutral
6462,img6462.jpg,gym_to_caffe,white,ya,neutral
6463,img6463.jpg,gym_to_caffe,white,tidak,neutral
6464,img6464.jpg,gym_to_caffe,white,tidak,neutral
6465,img6465.jpg,gym_to_caffe,white,tidak,neutral
6466,img6466.jpg,gym_to_caffe,white,ya,neutral
6467,img6467.jpg,gym_to_caffe,white,tidak,neutral
6468,img6468.jpg,gym_to_caffe,white,tidak,neutral
6469,img6469.jpg,gym_to_caffe,white,tidak,neutral
6470,img6470.jpg,gym_to_caffe,white,tidak,neutral
6471,img6471.jpg,gym_to_caffe,white,tidak,neutral
6472,img6472.jpg,gym_to_caffe,white,tidak,neutral
6473,img6473.jpg,gym_to_caffe,white,tidak,neutral
6474,img6474.jpg,gym_to_caffe,white,tidak,neutral
6475,img6475.jpg,gym_to_caffe,white,tidak,neutral
6476,img6476.jpg,gym_to_caffe,white,tidak,neutral
6477,img6477.jpg,gym_to_caffe,white,tidak,neutral
6479,img6479.jpg,gym_to_caffe,white,tidak,neutral
6480,img6480.jpg,gym_to_caffe,white,tidak,neutral
6481,img6481.jpg,gym_to_caffe,white,tidak,neutral
6482,img6482.jpg,gym_to_caffe,white,tidak,neutral
6483,img6483.jpg,gym_to_caffe,white,tidak,neutral
6484,img6484.jpg,gym_to_caffe,white,tidak,neutral
6485,img6485.jpg,gym_to_caffe,white,tidak,neutral
6486,img6486.jpg,gym_to_caffe,white,tidak,neutral
6487,img6487.jpg,gym_to_caffe,white,tidak,neutral
6488,img6488.jpg,gym_to_caffe,white,tidak,neutral
6489,img6489.jpg,gym_to_caffe,white,tidak,neutral
6490,img6490.jpg,gym_to_caffe,white,ya,neutral
6491,img6491.jpg,gym_to_caffe,white,tidak,neutral
6492,img6492.jpg,gym_to_caffe,white,ya,neutral
6493,img6493.jpg,gym_to_caffe,white,ya,neutral
6494,img6494.jpg,gym_to_caffe,white,ya,neutral
6495,img6495.jpg,gym_to_caffe,white,tidak,neutral
6496,img6496.jpg,gym_to_caffe,white,tidak,neutral
6497,img6497.jpg,gym_to_caffe,white,tidak,neutral
6498,img6498.jpg,gym_to_caffe,white,tidak,neutral
6499,img6499.jpg,gym_to_caffe,white,ya,neutral
6500,img6500.jpg,gym_to_caffe,white,tidak,neutral
6501,img6501.jpg,gym_to_caffe,white,tidak,neutral
6502,img6502.jpg,gym_to_caffe,white,tidak,neutral
6503,img6503.jpg,gym_to_caffe,white,tidak,neutral
6504,img6504.jpg,gym_to_caffe,white,tidak,neutral
6505,img6505.jpg,gym_to_caffe,white,tidak,neutral
6506,img6506.jpg,gym_to_caffe,white,tidak,neutral
6507,img6507.jpg,gym_to_caffe,white,tidak,neutral
6508,img6508.jpg,hiking,white,ya,neutral
6509,img6509.jpg,hiking,white,tidak,neutral
6510,img6510.jpg,hiking,white,ya,neutral
6511,img6511.jpg,hiking,white,ya,neutral
6512,img6512.jpg,hiking,white,tidak,neutral
6513,img6513.jpg,hiking,white,tidak,neutral
6515,img6515.jpg,hiking,white,ya,neutral
6516,img6516.jpg,hiking,white,ya,neutral
6517,img6517.jpg,hiking,white,tidak,neutral
6518,img6518.jpg,hiking,white,tidak,neutral
6519,img6519.jpg,hiking,white,tidak,neutral
6520,img6520.jpg,hiking,white,tidak,neutral
6521,img6521.jpg,hiking,white,tidak,neutral
6522,img6522.jpg,hiking,white,tidak,neutral
6523,img6523.jpg,hiking,white,tidak,neutral
6524,img6524.jpg,hiking,white,tidak,neutral
6525,img6525.jpg,hiking,white,tidak,neutral
6526,img6526.jpg,hiking,white,tidak,neutral
6527,img6527.jpg,hiking,white,tidak,neutral
6528,img6528.jpg,hiking,white,tidak,neutral
6529,img6529.jpg,hiking,white,ya,neutral
6530,img6530.jpg,hiking,white,ya,neutral
6531,img6531.jpg,hiking,white,ya,neutral
6533,img6533.jpg,hiking,white,tidak,neutral
6534,img6534.jpg,hiking,white,tidak,neutral
6535,img6535.jpg,hiking,white,ya,neutral
6536,img6536.jpg,hiking,white,tidak,neutral
6537,img6537.jpg,hiking,white,tidak,neutral
6538,img6538.jpg,hiking,white,tidak,neutral
6539,img6539.jpg,hiking,white,ya,neutral
6540,img6540.jpg,hiking,white,ya,neutral
6541,img6541.jpg,hiking,white,tidak,neutral
6542,img6542.jpg,hiking,white,tidak,neutral
6543,img6543.jpg,hiking,white,tidak,neutral
6544,img6544.jpg,hiking,white,tidak,neutral
6545,img6545.jpg,hiking,white,tidak,neutral
6546,img6546.jpg,hiking,white,tidak,neutral
6547,img6547.jpg,hiking,white,ya,neutral
6548,img6548.jpg,hiking,white,ya,neutral
6549,img6549.jpg,hiking,white,ya,neutral
6550,img6550.jpg,hiking,white,tidak,neutral
6552,img6552.jpg,hiking,white,ya,neutral
6553,img6553.jpg,hiking,white,tidak,neutral
6554,img6554.jpg,hiking,white,ya,neutral
6555,img6555.jpg,hiking,white,tidak,neutral
6556,img6556.jpg,hiking,white,tidak,neutral
6557,img6557.jpg,hiking,white,tidak,neutral
6558,img6558.jpg,hiking,white,tidak,neutral
6559,img6559.jpg,smart_casual,white,ya,neutral
6560,img6560.jpg,smart_casual,white,ya,neutral
6561,img6561.jpg,smart_casual,white,ya,neutral
6562,img6562.jpg,smart_casual,white,ya,neutral
6563,img6563.jpg,smart_casual,white,ya,neutral
6564,img6564.jpg,smart_casual,white,tidak,neutral
6565,img6565.jpg,smart_casual,white,tidak,neutral
6566,img6566.jpg,smart_casual,white,tidak,neutral
6567,img6567.jpg,smart_casual,white,tidak,neutral
6568,img6568.jpg,smart_casual,white,ya,neutral
6569,img6569.jpg,smart_casual,white,tidak,neutral
6570,img6570.jpg,smart_casual,white,ya,neutral
6571,img6571.jpg,smart_casual,white,tidak,neutral
6572,img6572.jpg,smart_casual,white,ya,neutral
6573,img6573.jpg,smart_casual,white,ya,neutral
6574,img6574.jpg,smart_casual,white,ya,neutral
6575,img6575.jpg,smart_casual,white,ya,neutral
6576,img6576.jpg,smart_casual,white,tidak,neutral
6577,img6577.jpg,smart_casual,white,tidak,neutral
6578,img6578.jpg,smart_casual,white,tidak,neutral
6579,img6579.jpg,smart_casual,white,tidak,neutral
6580,img6580.jpg,smart_casual,white,ya,neutral
6581,img6581.jpg,smart_casual,white,ya,neutral
6582,img6582.jpg,smart_casual,white,tidak,neutral
6583,img6583.jpg,smart_casual,white,ya,neutral
6584,img6584.jpg,smart_casual,white,ya,neutral
6585,img6585.jpg,smart_casual,white,tidak,neutral
6586,img6586.jpg,smart_casual,white,tidak,neutral
6587,img6587.jpg,smart_casual,white,tidak,neutral
6588,img6588.jpg,smart_casual,white,tidak,neutral
6589,img6589.jpg,smart_casual,white,tidak,neutral
6590,img6590.jpg,smart_casual,white,ya,neutral
6591,img6591.jpg,smart_casual,white,ya,neutral
6592,img6592.jpg,smart_casual,white,ya,neutral
6593,img6593.jpg,smart_casual,white,ya,neutral
6594,img6594.jpg,smart_casual,white,tidak,neutral
6595,img6595.jpg,smart_casual,white,tidak,neutral
6596,img6596.jpg,smart_casual,white,tidak,neutral
6597,img6597.jpg,smart_casual,white,tidak,neutral
6599,img6599.jpg,smart_casual,white,ya,neutral
6600,img6600.jpg,smart_casual,white,tidak,neutral
6601,img6601.jpg,smart_casual,white,tidak,neutral
6602,img6602.jpg,smart_casual,white,ya,neutral
6603,img6603.jpg,smart_casual,white,ya,neutral
6604,img6604.jpg,smart_casual,white,ya,neutral
6605,img6605.jpg,smart_casual,white,ya,neutral
6606,img6606.jpg,smart_casual,white,tidak,neutral
6607,img6607.jpg,smart_casual,white,tidak,neutral
6608,img6608.jpg,smart_casual,white,tidak,neutral
6609,img6609.jpg,smart_casual,white,tidak,neutral
